:02000004710089
:1000000000000000000000000000000000000000F0
:1000100000000000000000000000000000000000E0
:1000200000000000000000000000000000000000D0
:1000300000000000000000000000000000000000C0
:1000400000000000000000000000000000000000B0
:1000500000000000000000000000000000000000A0
:100060000000000000000000000000000000000090
:100070000000000000000000000000000000000080
:100080000000000000000000000000000000000070
:100090000000000000000000000000000000000060
:1000A0000000000000000000000000000000000050
:1000B0000000000000000000000000000000000040
:1000C0000000000000000000000000000000000030
:1000D0000000000000000000000000000000000020
:1000E0000000000000000000000000000000000010
:1000F0000000000000000000000000000000000000
:1001000000000000000000000000000000000000EF
:1001100000000000000000000000000000000000DF
:1001200000000000000000000000000000000000CF
:1001300000000000000000000000000000000000BF
:1001400000000000000000000000000000000000AF
:10015000000000000000000000000000000000009F
:10016000000000000000000000000000000000008F
:10017000000000000000000000000000000000007F
:10018000000000000000000000000000000000006F
:10019000000000000000000000000000000000005F
:1001A000000000000000000000000000000000004F
:1001B000000000000000000000000000000000003F
:1001C000000000000000000000000000000000002F
:1001D000000000000000000000000000000000001F
:1001E000000000000000000000000000000000000F
:1001F00000000000000000000000000000000000FF
:1002000000000000000000000000000000000000EE
:1002100000000000000000000000000000000000DE
:1002200000000000000000000000000000000000CE
:1002300000000000000000000000000000000000BE
:1002400000000000000000000000000000000000AE
:10025000000000000000000000000000000000009E
:10026000000000000000000000000000000000008E
:10027000000000000000000000000000000000007E
:10028000000000000000000000000000000000006E
:10029000000000000000000000000000000000005E
:1002A000000000000000000000000000000000004E
:1002B000000000000000000000000000000000003E
:1002C000000000000000000000000000000000002E
:1002D000000000000000000000000000000000001E
:1002E000000000000000000000000000000000000E
:1002F00000000000000000000000000000000000FE
:1003000000000000000000000000000000000000ED
:1003100000000000000000000000000000000000DD
:1003200000000000000000000000000000000000CD
:1003300000000000000000000000000000000000BD
:1003400000000000000000000000000000000000AD
:10035000000000000000000000000000000000009D
:10036000000000000000000000000000000000008D
:10037000000000000000000000000000000000007D
:10038000000000000000000000000000000000006D
:10039000000000000000000000000000000000005D
:1003A000000000000000000000000000000000004D
:1003B000000000000000000000000000000000003D
:1003C000000000000000000000000000000000002D
:1003D000000000000000000000000000000000001D
:1003E000000000000000000000000000000000000D
:1003F00000000000000000000000000000000000FD
:10040000000000000000000000000000001F0000CD
:1004100000000000000000000000000000000000DC
:1004200000000000000000000000000000000000CC
:100430000000000000DB00000000000000000000E1
:1004400000000000000000000000000000000000AC
:10045000000000000000000000000000000000009C
:10046000000000000000000000000000000000008C
:10047000000000000000000000000000000000007C
:10048000000000000000000000000000000000006C
:10049000000000000000000000000000000000005C
:1004A000000000000000000000000000000000004C
:1004B000000000000000000000000000000000003C
:1004C000000000000000000000000000000000002C
:1004D000000000000000000000000000000000001C
:1004E00000000000002400000000000000000000E8
:1004F00000000000000000000000000000000000FC
:1005000000000000000000000000000000000000EB
:1005100000000000000000000000000000000000DB
:1005200000000000000000000000000000000000CB
:1005300000000000000000000000000000000000BB
:10054000000000000000000000000000000E00009D
:10055000000000000001000000000000000000009A
:1005600000000000001A0000000000000000000071
:10057000000000000000000000000000000000007B
:10058000000000000000000000000000000000006B
:10059000000000000000000000000000000000005B
:1005A000000000000000000000000000000000004B
:1005B000000000000000000000000000000000003B
:1005C000000000000000000000000000000000002B
:1005D000000000000000000000000000000000001B
:1005E0000000000000000000000000000008000003
:1005F00000000000006B0000000000000000000090
:1006000000000000000000000000000000000000EA
:1006100000000000000700000000000000C400000F
:1006200000000000000000000000000000000000CA
:10063000000000000000000000000000004A000070
:1006400000000000000400000000000000000000A6
:10065000000000000000000000000000000000009A
:10066000000000000000000000000000000000008A
:10067000000000000000000000000000005000002A
:10068000000000000000000000000000000000006A
:100690000000000000FC000000000000000000005E
:1006A000000000000000000000000000000000004A
:1006B000000000000000000000000000000000003A
:1006C000000000000000000000000000000000002A
:1006D000000000000000000000000000000000001A
:1006E000000000000000000000000000000000000A
:1006F00000000000000500000000000000150000E0
:1007000000000000000000000000000000000000E9
:100710000000000000560000000000000013000070
:1007200000000000000000000000000000000000C9
:10073000000000000000000000000000007F00003A
:1007400000000000000000000000000000000000A9
:100750000000000000000000000000000000000099
:100760000000000000000000000000000000000089
:100770000000000000000000000000000000000079
:100780000000000000000000000000000000000069
:100790000000000000000000000000000000000059
:1007A0000000000000000000000000000000000049
:1007B0000000000000000000000000000000000039
:1007C0000000000000000000000000000000000029
:1007D0000000000000000000000000000000000019
:1007E00000000000000000000000000000D2000037
:1007F00000000000000000000000000000000000F9
:1008000000000000000000000000000000000000E8
:1008100000000000000000000000000000000000D8
:1008200000000000000000000000000000000000C8
:1008300000000000000000000000000000000000B8
:1008400000000000000000000000000000000000A8
:100850000000000000000000000000000000000098
:100860000000000000000000000000000000000088
:100870000000000000000000000000000000000078
:100880000000000000000000000000000000000068
:100890000000000000000000000000000000000058
:1008A0000000000000000000000000000000000048
:1008B0000000000000000000000000000000000038
:1008C0000000000000000000000000000000000028
:1008D0000000000000000000000000000000000018
:1008E0000000000000000000000000000000000008
:1008F00000000000000000000000000000000000F8
:1009000000000000000000000000000000000000E7
:1009100000000000000000000000000000000000D7
:1009200000000000000000000000000000000000C7
:1009300000000000000000000000000000000000B7
:1009400000000000000000000000000000000000A7
:100950000000000000000000000000000000000097
:100960000000000000000000000000000000000087
:100970000000000000000000000000000000000077
:100980000000000000000000000000000000000067
:100990000000000000000000000000000000000057
:1009A0000000000000000000000000000000000047
:1009B0000000000000000000000000000000000037
:1009C0000000000000000000000000000000000027
:1009D0000000000000000000000000000000000017
:1009E0000000000000000000000000000000000007
:1009F00000000000000000000000000000000000F7
:100A000000000000000000000000000000000000E6
:100A100000000000000000000000000000000000D6
:100A200000000000000000000000000000000000C6
:100A300000000000000000000000000000000000B6
:100A400000000000000000000000000000000000A6
:100A50000000000000000000000000000000000096
:100A60000000000000000000000000000000000086
:100A70000000000000000000000000000000000076
:100A80000000000000000000000000000000000066
:100A90000000000000000000000000000000000056
:100AA0000000000000000000000000000000000046
:100AB0000000000000000000000000000000000036
:100AC0000000000000000000000000000000000026
:100AD0000000000000000000000000000000000016
:100AE0000000000000000000000000000000000006
:100AF00000000000000000000000000000000000F6
:100B000000000000000000000000000000000000E5
:100B100000000000000000000000000000000000D5
:100B200000000000000000000000000000000000C5
:100B300000000000000000000000000000000000B5
:100B400000000000000000000000000000000000A5
:100B50000000000000000000000000000000000095
:100B60000000000000000000000000000000000085
:100B70000000000000000000000000000000000075
:100B80000000000000000000000000000000000065
:100B90000000000000000000000000000000000055
:100BA0000000000000000000000000000000000045
:100BB0000000000000000000000000000000000035
:100BC0000000000000000000000000000000000025
:100BD0000000000000000000000000000000000015
:100BE0000000000000000000000000000000000005
:100BF00000000000000000000000000000000000F5
:100C00000000000000000000000000000000AB0039
:100C100000000000000000000000000000000000D4
:100C200000000000000000000000000000000000C4
:100C300000000000000004000000000000000000B0
:100C400000000000000000000000000000000000A4
:100C50000000000000000000000000000000000094
:100C60000000000000000000000000000000000084
:100C70000000000000000000000000000000000074
:100C80000000000000000000000000000000000064
:100C90000000000000000000000000000000000054
:100CA000000000000000F60000000000000000004E
:100CB0000000000000000000000000000000000034
:100CC0000000000000000000000000000000000024
:100CD0000000000000000000000000000000000014
:100CE0000000000000000000000000000000000004
:100CF00000000000000000000000000000000000F4
:100D000000000000000000000000000000000000E3
:100D100000000000000000000000000000000000D3
:100D200000000000000000000000000000000000C3
:100D300000000000000000000000000000000000B3
:100D400000000000000000000000000000000000A3
:100D50000000000000000000000000000000000093
:100D60000000000000000000000000000000000083
:100D70000000000000000000000000000000000073
:100D80000000000000003C00000000000000000027
:100D90000000000000000000000000000000000053
:100DA0000000000000000000000000000000000043
:100DB0000000000000000000000000000000000033
:100DC0000000000000000000000000000000000023
:100DD0000000000000000000000000000000000013
:100DE0000000000000000000000000000000000003
:100DF00000000000000000000000000000000000F3
:100E000000000000000000000000000000002700BB
:100E100000000000000000000000000000000000D2
:100E200000000000000000000000000000000000C2
:100E30000000000000000000000000000000F600BC
:100E400000000000000000000000000000000000A2
:100E50000000000000000000000000000000000092
:100E60000000000000000000000000000000000082
:100E70000000000000000000000000000000000072
:100E80000000000000002200000000000000000040
:100E90000000000000000000000000000000000052
:100EA0000000000000000000000000000000000042
:100EB0000000000000000000000000000000000032
:100EC0000000000000000000000000000000000022
:100ED0000000000000000000000000000000000012
:100EE0000000000000000000000000000000000002
:100EF00000000000000000000000000000003E00B4
:100F000000000000000000000000000000000000E1
:100F100000000000000000000000000000000000D1
:100F200000000000000000000000000000000000C1
:100F300000000000000000000000000000000000B1
:100F400000000000000000000000000000000000A1
:100F50000000000000000000000000000000000091
:100F6000000000000000FE00000000000000000083
:100F70000000000000000000000000000000000071
:100F800000000000000000000000000000000B0056
:100F90000000000000000000000000000000000051
:100FA0000000000000000000000000000000000041
:100FB0000000000000000000000000000000000031
:100FC0000000000000000000000000000000000021
:100FD0000000000000000000000000000000000011
:100FE0000000000000000000000000000000000001
:100FF00000000000000000000000000000000000F1
:1010000000000000000000000000000000000000E0
:1010100000000000000000000000000000000000D0
:1010200000000000000000000000000000000000C0
:1010300000000000000000000000000000000000B0
:1010400000000000000000000000000000000000A0
:101050000000000000000000000000000000000090
:101060000000000000000000000000000000000080
:101070000000000000000000000000000000000070
:101080000000000000000000000000000000000060
:101090000000000000000000000000000000000050
:1010A0000000000000000000000000000000000040
:1010B0000000000000000000000000000000000030
:1010C0000000000000000000000000000000000020
:1010D0000000000000000000000000000000000010
:1010E0000000000000000000000000000000000000
:1010F00000000000000000000000000000000000F0
:1011000000000000000000000000000000000000DF
:1011100000000000000000000000000000000000CF
:1011200000000000000000000000000000000000BF
:1011300000000000000000000000000000000000AF
:10114000000000000000000000000000000000009F
:10115000000000000000000000000000000000008F
:10116000000000000000000000000000000000007F
:10117000000000000000000000000000000000006F
:10118000000000000000000000000000000000005F
:10119000000000000000000000000000000000004F
:1011A000000000000000000000000000000000003F
:1011B000000000000000000000000000000000002F
:1011C000000000000000000000000000000000001F
:1011D000000000000000000000000000000000000F
:1011E00000000000000000000000000000000000FF
:1011F00000000000000000000000000000000000EF
:1012000000000000000000000000000000000000DE
:1012100000000000000000000000000000000000CE
:1012200000000000000000000000000000000000BE
:1012300000000000000000000000000000000000AE
:10124000000000000000000000000000000000009E
:10125000000000000000000000000000000000008E
:10126000000000000000000000000000000000007E
:10127000000000000000000000000000000000006E
:10128000000000000000000000000000000000005E
:10129000000000000000000000000000000000004E
:1012A000000000000000000000000000000000003E
:1012B000000000000000000000000000000000002E
:1012C000000000000000000000000000000000001E
:1012D000000000000000000000000000000000000E
:1012E00000000000000000000000000000000000FE
:1012F00000000000000000000000000000000000EE
:1013000000000000000000000000000000000000DD
:1013100000000000000000000000000000000000CD
:1013200000000000000000000000000000000000BD
:1013300000000000000000000000000000000000AD
:10134000000000000000000000000000000000009D
:10135000000000000000000000000000000000008D
:10136000000000000000000000000000000000007D
:10137000000000000000000000000000000000006D
:10138000000000000000000000000000000000005D
:10139000000000000000000000000000000000004D
:1013A000000000000000000000000000000000003D
:1013B000000000000000000000000000000000002D
:1013C000000000000000000000000000000000001D
:1013D000000000000000000000000000000000000D
:1013E00000000000000000000000000000000000FD
:1013F00000000000000000000000000000000000ED
:1014000000000000000000000000000000000000DC
:1014100000000000000000000000000000000000CC
:1014200000000000000000000000000000000000BC
:1014300000000000000000000000000000000000AC
:10144000000000000000000000000000000000009C
:10145000000000000000000000000000000000008C
:10146000000000000000000000000000000000007C
:10147000000000000000000000000000000000006C
:10148000000000000000000000000000000000005C
:10149000000000000000000000000000000000004C
:1014A000000000000000000000000000000000003C
:1014B000000000000000000000000000000000002C
:1014C000000000000000000000000000000000001C
:1014D000000000000000000000000000000000000C
:1014E00000000000000000000000000000000000FC
:1014F00000000000000000000000000000000000EC
:1015000000000000000000000000000000000000DB
:1015100000000000000000000000000000000000CB
:1015200000000000000000000000000000000000BB
:1015300000000000000000000000000000000000AB
:10154000000000000000000000000000000000009B
:10155000000000000000000000000000000000008B
:10156000000000000000000000000000000000007B
:10157000000000000000000000000000000000006B
:10158000000000000000000000000000000000005B
:10159000000000000000000000000000000000004B
:1015A000000000000000000000000000000000003B
:1015B000000000000000000000000000000000002B
:1015C000000000000000000000000000000000001B
:1015D000000000000000000000000000000000000B
:1015E00000000000000000000000000000000000FB
:1015F00000000000000000000000000000000000EB
:1016000000000000000000000000000000000000DA
:1016100000000000000000000000000000000000CA
:1016200000000000000000000000000000000000BA
:1016300000000000000000000000000000000000AA
:10164000000000000000000000000000000000009A
:10165000000000000000000000000000000000008A
:10166000000000000000000000000000000000007A
:10167000000000000000000000000000000000006A
:10168000000000000000000000000000000000005A
:10169000000000000000000000000000000000004A
:1016A000000000000000000000000000000000003A
:1016B000000000000000000000000000000000002A
:1016C000000000000000000000000000000000001A
:1016D000000000000000000000000000000000000A
:1016E00000000000000000000000000000000000FA
:1016F00000000000000000000000000000000000EA
:1017000000000000000000000000000000000000D9
:1017100000000000000000000000000000000000C9
:1017200000000000000000000000000000000000B9
:1017300000000000000000000000000000000000A9
:101740000000000000000000000000000000000099
:101750000000000000000000000000000000000089
:101760000000000000000000000000000000000079
:101770000000000000000000000000000000000069
:101780000000000000000000000000000000000059
:101790000000000000000000000000000000000049
:1017A0000000000000000000000000000000000039
:1017B0000000000000000000000000000000000029
:1017C0000000000000000000000000000000000019
:1017D0000000000000000000000000000000000009
:1017E00000000000000000000000000000000000F9
:1017F00000000000000000000000000000000000E9
:1018000000000000000000000000000000000000D8
:1018100000000000000000000000000000000000C8
:1018200000000000000000000000000000000000B8
:1018300000000000000000000000000000000000A8
:101840000000000000000000000000000000000098
:101850000000000000000000000000000000000088
:101860000000000000000000000000000000000078
:101870000000000000000000000000000000000068
:101880000000000000000000000000000000000058
:101890000000000000000000000000000000000048
:1018A0000000000000000000000000000000000038
:1018B0000000000000000000000000000000000028
:1018C0000000000000000000000000000000000018
:1018D0000000000000000000000000000000000008
:1018E00000000000000000000000000000000000F8
:1018F00000000000000000000000000000000000E8
:1019000000000000000000000000000000000000D7
:1019100000000000000000000000000000000000C7
:1019200000000000000000000000000000000000B7
:1019300000000000000000000000000000000000A7
:101940000000000000000000000000000000000097
:101950000000000000000000000000000000000087
:101960000000000000000000000000000000000077
:101970000000000000000000000000000000000067
:101980000000000000000000000000000000000057
:101990000000000000000000000000000000000047
:1019A0000000000000000000000000000000000037
:1019B0000000000000000000000000000000000027
:1019C0000000000000000000000000000000000017
:1019D0000000000000000000000000000000000007
:1019E00000000000000000000000000000000000F7
:1019F00000000000000000000000000000000000E7
:101A000000000000000000000000000000000000D6
:101A100000000000000000000000000000000000C6
:101A200000000000000000000000000000000000B6
:101A300000000000000000000000000000000000A6
:101A40000000000000000000000000000000000096
:101A50000000000000000000000000000000000086
:101A60000000000000000000000000000000000076
:101A70000000000000000000000000000000000066
:101A80000000000000000000000000000000000056
:101A90000000000000000000000000000000000046
:101AA0000000000000000000000000000000000036
:101AB0000000000000000000000000000000000026
:101AC0000000000000000000000000000000000016
:101AD0000000000000000000000000000000000006
:101AE00000000000000000000000000000000000F6
:101AF00000000000000000000000000000000000E6
:101B000000000000000000000000000000000000D5
:101B100000000000000000000000000000000000C5
:101B200000000000000000000000000000000000B5
:101B300000000000000000000000000000000000A5
:101B40000000000000000000000000000000000095
:101B50000000000000000000000000000000000085
:101B60000000000000000000000000000000000075
:101B70000000000000000000000000000000000065
:101B80000000000000000000000000000000000055
:101B90000000000000000000000000000000000045
:101BA0000000000000000000000000000000000035
:101BB0000000000000000000000000000000000025
:101BC0000000000000000000000000000000000015
:101BD0000000000000000000000000000000000005
:101BE00000000000000000000000000000000000F5
:101BF00000000000000000000000000000000000E5
:101C000000000000000000000000000000000000D4
:101C100000000000000000000000000000000000C4
:101C200000000000000000000000000000000000B4
:101C300000000000000000000000000000000000A4
:101C40000000000000000000000000000000000094
:101C50000000000000000000000000000000000084
:101C60000000000000000000000000000000000074
:101C70000000000000000000000000000000000064
:101C80000000000000000000000000000000000054
:101C90000000000000000000000000000000000044
:101CA0000000000000000000000000000000000034
:101CB0000000000000000000000000000000000024
:101CC0000000000000000000000000000000000014
:101CD0000000000000000000000000000000000004
:101CE00000000000000000000000000000000000F4
:101CF00000000000000000000000000000000000E4
:101D000000000000000000000000000000000000D3
:101D100000000000000000000000000000000000C3
:101D200000000000000000000000000000000000B3
:101D300000000000000000000000000000000000A3
:101D40000000000000000000000000000000000093
:101D50000000000000000000000000000000000083
:101D60000000000000000000000000000000000073
:101D70000000000000000000000000000000000063
:101D80000000000000000000000000000000000053
:101D90000000000000000000000000000000000043
:101DA0000000000000000000000000000000000033
:101DB0000000000000000000000000000000000023
:101DC0000000000000000000000000000000000013
:101DD0000000000000000000000000000000000003
:101DE00000000000000000000000000000000000F3
:101DF00000000000000000000000000000000000E3
:101E000000000000000000000000000000000000D2
:101E100000000000000000000000000000000000C2
:101E200000000000000000000000000000000000B2
:101E300000000000000000000000000000000000A2
:101E40000000000000000000000000000000000092
:101E50000000000000000000000000000000000082
:101E60000000000000000000000000000000000072
:101E70000000000000000000000000000000000062
:101E80000000000000000000000000000000000052
:101E90000000000000000000000000000000000042
:101EA0000000000000000000000000000000000032
:101EB0000000000000000000000000000000000022
:101EC0000000000000000000000000000000000012
:101ED0000000000000000000000000000000000002
:101EE00000000000000000000000000000000000F2
:101EF00000000000000000000000000000000000E2
:101F000000000000000000000000000000000000D1
:101F100000000000000000000000000000000000C1
:101F200000000000000000000000000000000000B1
:101F300000000000000000000000000000000000A1
:101F40000000000000000000000000000000000091
:101F50000000000000000000000000000000000081
:101F60000000000000000000000000000000000071
:101F70000000000000000000000000000000000061
:101F80000000000000000000000000000000000051
:101F90000000000000000000000000000000000041
:101FA0000000000000000000000000000000000031
:101FB0000000000000000000000000000000000021
:101FC0000000000000000000000000000000000011
:101FD0000000000000000000000000000000000001
:101FE00000000000000000000000000000000000F1
:101FF00000000000000000000000000000000000E1
:1020000000000000000000000000000000002E00A2
:102010000037000000000000000000000000000089
:1020200000000000000000000000000000000000B0
:10203000000000000000FB0000F7000000000000AE
:102040000000000000000000000000000000000090
:102050000000000000000000000000000000000080
:102060000000000000000000000000000000000070
:102070000000000000000000000000000000000060
:102080000000000000000000000000000000000050
:102090000000000000000000000000000000000040
:1020A0000000000000000000000000000000000030
:1020B0000000000000000000000000000000000020
:1020C0000000000000000000000000000000000010
:1020D0000000000000000000000000000000000000
:1020E0000000000000001400001F000000000000BD
:1020F00000000000000000000000000000000000E0
:1021000000000000000000000000000000000000CF
:1021100000000000000000000000000000000000BF
:1021200000000000000000000000000000000000AF
:10213000000000000000000000000000000000009F
:1021400000000000000000000000000000000A0085
:10215000001D000000000100000100000000000060
:102160000000000000000600000B0000000000005E
:10217000000000000000000000000000000000005F
:10218000000000000000000000000000000000004F
:10219000000000000000000000000000000000003F
:1021A000000000000000000000000000000000002F
:1021B000000000000000000000000000000000001F
:1021C000000000000000000000000000000000000F
:1021D00000000000000000000000000000000000FF
:1021E00000000000000000000000000000001900D6
:1021F0000006000000002800004F00000000000062
:1022000000000000000000000000000000000000CE
:10221000000000000000F80000FC00000000BC000E
:1022200000CB0000000000000000000000000000E3
:102230000000000000000000000000000000260078
:102240000023000000001300001000000000000048
:10225000000000000000000000000000000000007E
:10226000000000000000000000000000000000006E
:10227000000000000000000000000000000053000B
:1022800000680000000000000000000000000000E6
:102290000000000000000500000800000000000031
:1022A000000000000000000000000000000000002E
:1022B000000000000000000000000000000000001E
:1022C000000000000000000000000000000000000E
:1022D00000000000000000000000000000000000FE
:1022E00000000000000000000000000000000000EE
:1022F0000000000000001300001100000000320088
:102300000038000000000000000000000000000095
:102310000000000000005900006700000000FE00FF
:10232000000E00000000000000000000000000009F
:1023300000000000000000000000000000006E002F
:10234000007F00000000000000000000000000000E
:10235000000000000000000000000000000000007D
:10236000000000000000000000000000000000006D
:10237000000000000000000000000000000000005D
:10238000000000000000000000000000000000004D
:10239000000000000000000000000000000000003D
:1023A000000000000000000000000000000000002D
:1023B000000000000000000000000000000000001D
:1023C000000000000000000000000000000000000D
:1023D00000000000000000000000000000000000FD
:1023E0000000000000000000000000000000AA0043
:1023F00000BE00000000000000000000000000001F
:102400000000000000000000000000000000004785
:1024100000000000000000000000000000000000BC
:1024200000000000000000000000000000000000AC
:1024300000000000000000F40000000000000000A8
:10244000000000000000000000000000000000008C
:10245000000000000000000000000000000000007C
:10246000000000000000000000000000000000006C
:10247000000000000000000000000000000000005C
:10248000000000000000000000000000000000004C
:10249000000000000000000000000000000000003C
:1024A000000000000000000000000000000000002C
:1024B000000000000000000000000000000000001C
:1024C000000000000000000000000000000000000C
:1024D00000000000000000000000000000000000FC
:1024E000000000000000001A0000000000000000D2
:1024F00000000000000000000000000000000000DC
:1025000000000000000000000000000000000000CB
:1025100000000000000000000000000000000000BB
:1025200000000000000000000000000000000000AB
:10253000000000000000000000000000000000009B
:102540000000000000000000000000000000002467
:10255000000000000000000000000000000000007B
:10256000000000000000001B000000000000000050
:10257000000000000000000000000000000000005B
:10258000000000000000000000000000000000004B
:10259000000000000000000000000000000000003B
:1025A000000000000000000000000000000000002B
:1025B000000000000000000000000000000000001B
:1025C000000000000000000000000000000000000B
:1025D00000000000000000000000000000000000FB
:1025E00000000000000000000000000000000009E2
:1025F000000000000000005100000000000000008A
:1026000000000000000000000000000000000000CA
:10261000000000000000000300000000000000CDEA
:1026200000000000000000000000000000000000AA
:102630000000000000000000000000000000001C7E
:102640000000000000000014000000000000000076
:10265000000000000000000000000000000000007A
:10266000000000000000000000000000000000006A
:102670000000000000000000000000000000007FDB
:10268000000000000000000000000000000000004A
:102690000000000000000022000000000000000018
:1026A000000000000000000000000000000000002A
:1026B000000000000000000000000000000000001A
:1026C000000000000000000000000000000000000A
:1026D00000000000000000000000000000000000FA
:1026E00000000000000000000000000000000000EA
:1026F00000000000000000070000000000000025AE
:1027000000000000000000000000000000000000C9
:102710000000000000000079000000000000001828
:1027200000000000000000000000000000000000A9
:102730000000000000000000000000000000007722
:102740000000000000000000000000000000000089
:102750000000000000000000000000000000000079
:102760000000000000000000000000000000000069
:102770000000000000000000000000000000000059
:102780000000000000000000000000000000000049
:102790000000000000000000000000000000000039
:1027A0000000000000000000000000000000000029
:1027B0000000000000000000000000000000000019
:1027C0000000000000000000000000000000000009
:1027D00000000000000000000000000000000000F9
:1027E000000000000000000000000000000000BE2B
:1027F00000000000000000000000000000000000D9
:102800000000000000000000000000000000008147
:102810000000850000000000000000000000000033
:1028200000000000000000000000000000000000A8
:102830000000000000000020000016000000000062
:102840000000000000000000000000000000000088
:102850000000000000000000000000000000000078
:102860000000000000000000000000000000000068
:102870000000000000000000000000000000000058
:102880000000000000000000000000000000000048
:102890000000000000000000000000000000000038
:1028A000000000000000000F00001E0000000000FB
:1028B0000000000000000000000000000000000018
:1028C0000000000000000000000000000000000008
:1028D00000000000000000000000000000000000F8
:1028E00000000000000000000000000000000000E8
:1028F00000000000000000000000000000000000D8
:1029000000000000000000000000000000000000C7
:1029100000000000000000000000000000000000B7
:1029200000000000000000000000000000000000A7
:102930000000000000000000000000000000000097
:102940000000000000000000000000000000000087
:102950000000000000000000000000000000000077
:102960000000000000000000000000000000000067
:102970000000000000000000000000000000000057
:1029800000000000000000520000530000000000A2
:102990000000000000000000000000000000000037
:1029A0000000000000000000000000000000000027
:1029B0000000000000000000000000000000000017
:1029C0000000000000000000000000000000000007
:1029D00000000000000000000000000000000000F7
:1029E00000000000000000000000000000000000E7
:1029F000000000000000000000000000000000F5E2
:102A0000000006000000000000000000000000E8D8
:102A100000000700000000000000000000000000AF
:102A200000000000000000000000000000000000A6
:102A3000000000000000000000000000000000FD99
:102A40000000040000000000000000000000000082
:102A50000000000000000000000000000000000076
:102A60000000000000000000000000000000000066
:102A70000000000000000000000000000000000056
:102A8000000000000000000A000029000000000013
:102A90000000000000000000000000000000000036
:102AA0000000000000000000000000000000000026
:102AB0000000000000000000000000000000000016
:102AC0000000000000000000000000000000000006
:102AD00000000000000000000000000000000000F6
:102AE00000000000000000000000000000000000E6
:102AF0000000000000000000000000000000004E88
:102B000000005A000000000000000000000000006B
:102B100000000000000000000000000000000000B5
:102B200000000000000000000000000000000000A5
:102B30000000000000000000000000000000000095
:102B40000000000000000000000000000000000085
:102B50000000000000000000000000000000000075
:102B6000000000000000001400000E000000000043
:102B70000000000000000000000000000000000055
:102B80000000000000000000000000000000000B3A
:102B90000000F40000000000000000000000000041
:102BA0000000000000000000000000000000000025
:102BB0000000000000000000000000000000000015
:102BC0000000000000000000000000000000000005
:102BD00000000000000000000000000000000000F5
:102BE00000000000000000000000000000000000E5
:102BF00000000000000000000000000000000000D5
:102C000000000000000000000000000000000000C4
:102C1000880000000000000000000000000000002C
:102C200000000000000000000000000000000000A4
:102C3000000000000000000019000000000000007B
:102C40000000000000000000000000000000000084
:102C50000000000000000000000000000000000074
:102C60000000000000000000000000000000000064
:102C70000000000000000000000000000000000054
:102C80000000000000000000000000000000000044
:102C90000000000000000000000000000000000034
:102CA00000000000000000003100000000000000F3
:102CB0000000000000000000000000000000000014
:102CC0000000000000000000000000000000000004
:102CD00000000000000000000000000000000000F4
:102CE00000000000000000000000000000000000E4
:102CF00000000000000000000000000000000000D4
:102D000000000000000000000000000000000000C3
:102D100000000000000000000000000000000000B3
:102D200000000000000000000000000000000000A3
:102D30000000000000000000000000000000000093
:102D40000000000000000000000000000000000083
:102D50000000000000000000000000000000000073
:102D60000000000000000000000000000000000063
:102D70000000000000000000000000000000000053
:102D800000000000000000004600000000000000FD
:102D90000000000000000000000000000000000033
:102DA0000000000000000000000000000000000023
:102DB0000000000000000000000000000000000013
:102DC0000000000000000000000000000000000003
:102DD00000000000000000000000000000000000F3
:102DE00000000000000000000000000000000000E3
:102DF00000000000000000000000000000000000D3
:102E000001000000000000000000000000000000C1
:102E1000F8000000000000000000000000000000BA
:102E200000000000000000000000000000000000A2
:102E30000000000000000000000000000000000092
:102E4000FD00000000000000000000000000000085
:102E50000000000000000000000000000000000072
:102E60000000000000000000000000000000000062
:102E70000000000000000000000000000000000052
:102E800000000000000000004600000000000000FC
:102E90000000000000000000000000000000000032
:102EA0000000000000000000000000000000000022
:102EB0000000000000000000000000000000000012
:102EC0000000000000000000000000000000000002
:102ED00000000000000000000000000000000000F2
:102EE00000000000000000000000000000000000E2
:102EF00000000000000000000000000000000000D2
:102F00006900000000000000000000000000000058
:102F100000000000000000000000000000000000B1
:102F200000000000000000000000000000000000A1
:102F30000000000000000000000000000000000091
:102F40000000000000000000000000000000000081
:102F50000000000000000000000000000000000071
:102F6000000000000000000012000000000000004F
:102F70000000000000000000000000000000000051
:102F80000000000000000000000000000000000041
:102F9000EB00000000000000000000000000000046
:102FA0000000000000000000000000000000000021
:102FB0000000000000000000000000000000000011
:102FC0000000000000000000000000000000000001
:102FD00000000000000000000000000000000000F1
:102FE00000000000000000000000000000000000E1
:102FF00000000000000000000000000000000000D1
:1030000000000000000000000000000000000000C0
:103010002C00000000000000000000000000000084
:1030200000000000000000000000000000000000A0
:103030000000000000000000EB00000000000000A5
:103040000000000000000000000000000000000080
:103050000000000000000000000000000000000070
:103060000000000000000000000000000000000060
:103070000000000000000000000000000000000050
:103080000000000000000000000000000000000040
:103090000000000000000000000000000000000030
:1030A0000000000000000000000000000000000020
:1030B0000000000000000000000000000000000010
:1030C0000000000000000000000000000000000000
:1030D00000000000000000000000000000000000F0
:1030E00000000000000000000A00000000000000D6
:1030F00000000000000000000000000000000000D0
:1031000000000000000000000000000000000000BF
:1031100000000000000000000000000000000000AF
:10312000000000000000000000000000000000009F
:10313000000000000000000000000000000000008F
:10314000000000000000000000000000000000007F
:103150001F0000000000000002000000000000004E
:1031600000000000000000001D0000000000000042
:10317000000000000000000000000000000000004F
:10318000000000000000000000000000000000003F
:10319000000000000000000000000000000000002F
:1031A000000000000000000000000000000000001F
:1031B000000000000000000000000000000000000F
:1031C00000000000000000000000000000000000FF
:1031D00000000000000000000000000000000000EF
:1031E00000000000000000000000000000000000DF
:1031F000FC0000000000000049000000000000008A
:1032000000000000000000000000000000000000BE
:103210000000000000000000FA00000000000000B4
:10322000BE000000000000000000000000000000E0
:10323000000000000000000000000000000000008E
:103240001C000000000000000B0000000000000057
:10325000000000000000000000000000000000006E
:10326000000000000000000000000000000000005E
:10327000000000000000000000000000000000004E
:1032800078000000000000000000000000000000C6
:1032900000000000000000001A0000000000000014
:1032A000000000000000000000000000000000001E
:1032B000000000000000000000000000000000000E
:1032C00000000000000000000000000000000000FE
:1032D00000000000000000000000000000000000EE
:1032E00000000000000000000000000000000000DE
:1032F00000000000000000000A00000000000000C4
:103300001A000000000000000000000000000000A3
:1033100000000000000000007F000000000000002E
:103320000B00000000000000000000000000000092
:10333000000000000000000000000000000000008D
:10334000700000000000000000000000000000000D
:10335000000000000000000000000000000000006D
:10336000000000000000000000000000000000005D
:10337000000000000000000000000000000000004D
:10338000000000000000000000000000000000003D
:10339000000000000000000000000000000000002D
:1033A000000000000000000000000000000000001D
:1033B000000000000000000000000000000000000D
:1033C00000000000000000000000000000000000FD
:1033D00000000000000000000000000000000000ED
:1033E00000000000000000000000000000000000DD
:1033F000B800000000000000000000000000000015
:103400000000000000000000000000000000860036
:1034100000000000000000000000000000000000AC
:10342000000000000000000000000000000000009C
:103430000000000000006E0000000000000000001E
:10344000000000000000000000000000000000007C
:10345000000000000000000000000000000000006C
:10346000000000000000000000000000000000005C
:10347000000000000000000000000000000000004C
:10348000000000000000000000000000000000003C
:10349000000000000000000000000000000000002C
:1034A000000000000000000000000000000000001C
:1034B000000000000000000000000000000000000C
:1034C00000000000000000000000000000000000FC
:1034D00000000000000000000000000000000000EC
:1034E00000000000000019000000000000000000C3
:1034F00000000000000000000000000000000000CC
:1035000000000000000000000000000000000000BB
:1035100000000000000000000000000000000000AB
:10352000000000000000000000000000000000009B
:10353000000000000000000000000000000000008B
:1035400000000000000000000000000000000F006C
:10355000000000000000010000000000000000006A
:10356000000000000000D00000000000000000008B
:10357000000000000000000000000000000000004B
:10358000000000000000000000000000000000003B
:10359000000000000000000000000000000000002B
:1035A000000000000000000000000000000000001B
:1035B000000000000000000000000000000000000B
:1035C00000000000000000000000000000000000FB
:1035D00000000000000000000000000000000000EB
:1035E00000000000000000000000000000000000DB
:1035F00000000000000016000000000000000000B5
:1036000000000000000000000000000000000000BA
:10361000000000000000F300000000000000CF00E8
:10362000000000000000000000000000000000009A
:103630000000000000000000000000000000150075
:103640000000000000001600000000000000000064
:10365000000000000000000000000000000000006A
:10366000000000000000000000000000000000005A
:103670000000000000000000000000000000130037
:10368000000000000000000000000000000000003A
:103690000000000000000400000000000000000026
:1036A000000000000000000000000000000000001A
:1036B000000000000000000000000000000000000A
:1036C00000000000000000000000000000000000FA
:1036D00000000000000000000000000000000000EA
:1036E00000000000000000000000000000000000DA
:1036F0000000000000000800000000000000E500DD
:1037000000000000000000000000000000000000B9
:10371000000000000000FA000000000000000B00A4
:103720000000000000000000000000000000000099
:103730000000000000000000000000000000FA008F
:103740000000000000000000000000000000000079
:103750000000000000000000000000000000000069
:103760000000000000000000000000000000000059
:103770000000000000000000000000000000000049
:103780000000000000000000000000000000000039
:103790000000000000000000000000000000000029
:1037A0000000000000000000000000000000000019
:1037B0000000000000000000000000000000000009
:1037C00000000000000000000000000000000000F9
:1037D00000000000000000000000000000000000E9
:1037E00000000000000000000000000000000700D2
:1037F00000000000000000000000000000000000C9
:1038000000000000000000000000000000000000B8
:103810000085000000000000000000000000000023
:103820000000000000000000000000000000000098
:103830000000000000000000000D0000000000007B
:103840000000000000000000000000000000000078
:103850000000000000000000000000000000000068
:103860000000000000000000000000000000000058
:103870000000000000000000000000000000000048
:103880000000000000000000000000000000000038
:103890000000000000000000000000000000000028
:1038A0000000000000000000001F000000000000F9
:1038B0000000000000000000000000000000000008
:1038C00000000000000000000000000000000000F8
:1038D00000000000000000000000000000000000E8
:1038E00000000000000000000000000000000000D8
:1038F00000000000000000000000000000000000C8
:1039000000000000000000000000000000000000B7
:1039100000000000000000000000000000000000A7
:103920000000000000000000000000000000000097
:103930000000000000000000000000000000000087
:103940000000000000000000000000000000000077
:103950000000000000000000000000000000000067
:103960000000000000000000000000000000000057
:103970000000000000000000000000000000000047
:103980000000000000000000003F000000000000F8
:103990000000000000000000000000000000000027
:1039A0000000000000000000000000000000000017
:1039B0000000000000000000000000000000000007
:1039C00000000000000000000000000000000000F7
:1039D00000000000000000000000000000000000E7
:1039E00000000000000000000000000000000000D7
:1039F00000000000000000000000000000000000C7
:103A000000FC0000000000000000000000000000BA
:103A100000020000000000000000000000000000A4
:103A20000000000000000000000000000000000096
:103A30000000000000000000000000000000000086
:103A400000F4000000000000000000000000000082
:103A50000000000000000000000000000000000066
:103A60000000000000000000000000000000000056
:103A70000000000000000000000000000000000046
:103A800000000000000000000037000000000000FF
:103A90000000000000000000000000000000000026
:103AA0000000000000000000000000000000000016
:103AB0000000000000000000000000000000000006
:103AC00000000000000000000000000000000000F6
:103AD00000000000000000000000000000000000E6
:103AE00000000000000000000000000000000000D6
:103AF00000000000000000000000000000000000C6
:103B0000005600000000000000000000000000005F
:103B100000000000000000000000000000000000A5
:103B20000000000000000000000000000000000095
:103B30000000000000000000000000000000000085
:103B40000000000000000000000000000000000075
:103B50000000000000000000000000000000000065
:103B6000000000000000000000070000000000004E
:103B70000000000000000000000000000000000045
:103B80000000000000000000000000000000000035
:103B900000FC000000000000000000000000000029
:103BA0000000000000000000000000000000000015
:103BB0000000000000000000000000000000000005
:103BC00000000000000000000000000000000000F5
:103BD00000000000000000000000000000000000E5
:103BE00000000000000000000000000000000000D5
:103BF00000000000000000000000000000000000C5
:103C000000000000000000000000000000000005AF
:103C100000000000000000000000000000000000A4
:103C20000000000000000000000000000000000094
:103C30000000000000000031000000000000000053
:103C40000000000000000000000000000000000074
:103C50000000000000000000000000000000000064
:103C60000000000000000000000000000000000054
:103C70000000000000000000000000000000000044
:103C80000000000000000000000000000000000034
:103C90000000000000000000000000000000000024
:103CA00000000000000000380000000000000000DC
:103CB0000000000000000000000000000000000004
:103CC00000000000000000000000000000000000F4
:103CD00000000000000000000000000000000000E4
:103CE00000000000000000000000000000000000D4
:103CF00000000000000000000000000000000000C4
:103D000000000000000000000000000000000000B3
:103D100000000000000000000000000000000000A3
:103D20000000000000000000000000000000000093
:103D30000000000000000000000000000000000083
:103D40000000000000000000000000000000000073
:103D50000000000000000000000000000000000063
:103D60000000000000000000000000000000000053
:103D70000000000000000000000000000000000043
:103D8000000000000000000A000000000000000029
:103D90000000000000000000000000000000000023
:103DA0000000000000000000000000000000000013
:103DB0000000000000000000000000000000000003
:103DC00000000000000000000000000000000000F3
:103DD00000000000000000000000000000000000E3
:103DE00000000000000000000000000000000000D3
:103DF0000000000000000000000000000000004182
:103E0000000000000000000000000000000000F4BE
:103E100000000000000000000000000000000000A2
:103E20000000000000000000000000000000000092
:103E3000000000000000000000000000000000245E
:103E40000000000000000000000000000000000072
:103E50000000000000000000000000000000000062
:103E60000000000000000000000000000000000052
:103E70000000000000000000000000000000000042
:103E800000000000000000810000000000000000B1
:103E90000000000000000000000000000000000022
:103EA0000000000000000000000000000000000012
:103EB0000000000000000000000000000000000002
:103EC00000000000000000000000000000000000F2
:103ED00000000000000000000000000000000000E2
:103EE00000000000000000000000000000000000D2
:103EF000000000000000000000000000000000A220
:103F000000000000000000000000000000000000B1
:103F100000000000000000000000000000000000A1
:103F20000000000000000000000000000000000091
:103F30000000000000000000000000000000000081
:103F40000000000000000000000000000000000071
:103F50000000000000000000000000000000000061
:103F6000000000000000002A000000000000000027
:103F70000000000000000000000000000000000041
:103F8000000000000000000000000000000000D55C
:103F90000000000000000000000000000000000021
:103FA0000000000000000000000000000000000011
:103FB0000000000000000000000000000000000001
:103FC00000000000000000000000000000000000F1
:103FD00000000000000000000000000000000000E1
:103FE00000000000000000000000000000000000D1
:103FF00000000000000000000000000000000000C1
:1040000000000000000000000000000000000000B0
:1040100000000000000000000000000000000000A0
:104020000000000000000000000000000000000090
:104030000000000000000000000000000000000080
:104040000000000000000000000000000000000070
:104050000000000000000000000000000000000060
:104060000000000000000000000000000000000050
:104070000000000000000000000000000000000040
:104080000000000000000000000000000000000030
:104090000000000000000000000000000000000020
:1040A0000000000000000000000000000000000010
:1040B0000000000000000000000000000000000000
:1040C00000000000000000000000000000000000F0
:1040D00000000000000000000000000000000000E0
:1040E00000000000000000000000000000000000D0
:1040F00000000000000000000000000000000000C0
:1041000000000000000000000000000000000000AF
:10411000000000000000000000000000000000009F
:10412000000000000000000000000000000000008F
:10413000000000000000000000000000000000007F
:10414000000000000000000000000000000000006F
:10415000000000000000000000000000000000005F
:10416000000000000000000000000000000000004F
:10417000000000000000000000000000000000003F
:10418000000000000000000000000000000000002F
:10419000000000000000000000000000000000001F
:1041A000000000000000000000000000000000000F
:1041B00000000000000000000000000000000000FF
:1041C00000000000000000000000000000000000EF
:1041D00000000000000000000000000000000000DF
:1041E00000000000000000000000000000000000CF
:1041F00000000000000000000000000000000000BF
:1042000000000000000000000000000000000000AE
:10421000000000000000000000000000000000009E
:10422000000000000000000000000000000000008E
:10423000000000000000000000000000000000007E
:10424000000000000000000000000000000000006E
:10425000000000000000000000000000000000005E
:10426000000000000000000000000000000000004E
:10427000000000000000000000000000000000003E
:10428000000000000000000000000000000000002E
:10429000000000000000000000000000000000001E
:1042A000000000000000000000000000000000000E
:1042B00000000000000000000000000000000000FE
:1042C00000000000000000000000000000000000EE
:1042D00000000000000000000000000000000000DE
:1042E00000000000000000000000000000000000CE
:1042F00000000000000000000000000000000000BE
:1043000000000000000000000000000000000000AD
:10431000000000000000000000000000000000009D
:10432000000000000000000000000000000000008D
:10433000000000000000000000000000000000007D
:10434000000000000000000000000000000000006D
:10435000000000000000000000000000000000005D
:10436000000000000000000000000000000000004D
:10437000000000000000000000000000000000003D
:10438000000000000000000000000000000000002D
:10439000000000000000000000000000000000001D
:1043A000000000000000000000000000000000000D
:1043B00000000000000000000000000000000000FD
:1043C00000000000000000000000000000000000ED
:1043D00000000000000000000000000000000000DD
:1043E00000000000000000000000000000000000CD
:1043F00000000000000000000000000000000000BD
:1044000000000000000000000000000000000000AC
:104410000089000000000000000000000000000013
:10442000000000000000000000000000000000008C
:104430000000000000000000007F000000000000FD
:10444000000000000000000000000000000000006C
:10445000000000000000000000000000000000005C
:10446000000000000000000000000000000000004C
:10447000000000000000000000000000000000003C
:10448000000000000000000000000000000000002C
:10449000000000000000000000000000000000001C
:1044A000000000000000000000000000000000000C
:1044B00000000000000000000000000000000000FC
:1044C00000000000000000000000000000000000EC
:1044D00000000000000000000000000000000000DC
:1044E0000000000000000000002A000000000000A2
:1044F00000000000000000000000000000000000BC
:1045000000000000000000000000000000000000AB
:10451000000000000000000000000000000000009B
:10452000000000000000000000000000000000008B
:10453000000000000000000000000000000000007B
:10454000000000000000000000000000000000006B
:104550000013000000000000000000000000000048
:10456000000000000000000000DE0000000000006D
:10457000000000000000000000000000000000003B
:10458000000000000000000000000000000000002B
:10459000000000000000000000000000000000001B
:1045A000000000000000000000000000000000000B
:1045B00000000000000000000000000000000000FB
:1045C00000000000000000000000000000000000EB
:1045D00000000000000000000000000000000000DB
:1045E00000000000000000000000000000000000CB
:1045F00000F6000000000000000F000000000000B6
:1046000000000000000000000000000000000000AA
:10461000000000000000000000F0000000000000AA
:1046200000C00000000000000000000000000000CA
:10463000000000000000000000000000000000007A
:10464000000D000000000000002500000000000038
:10465000000000000000000000000000000000005A
:10466000000000000000000000000000000000004A
:10467000000000000000000000000000000000003A
:104680000011000000000000000000000000000019
:104690000000000000000000000D0000000000000D
:1046A000000000000000000000000000000000000A
:1046B00000000000000000000000000000000000FA
:1046C00000000000000000000000000000000000EA
:1046D00000000000000000000000000000000000DA
:1046E00000000000000000000000000000000000CA
:1046F00000000000000000000009000000000000B1
:1047000000F30000000000000000000000000000B6
:10471000000000000000000000F5000000000000A4
:104720000007000000000000000000000000000082
:104730000000000000000000000000000000000079
:104740000007000000000000000000000000000062
:104750000000000000000000000000000000000059
:104760000000000000000000000000000000000049
:104770000000000000000000000000000000000039
:104780000000000000000000000000000000000029
:104790000000000000000000000000000000000019
:1047A0000000000000000000000000000000000009
:1047B00000000000000000000000000000000000F9
:1047C00000000000000000000000000000000000E9
:1047D00000000000000000000000000000000000D9
:1047E00000000000000000000000000000000000C9
:1047F00000120000000000000000000000000000A7
:1048000000000000000000000000000000000000A8
:104810000000000000000000000000000000000098
:104820000000000000000000000000000000000088
:104830000000000000000000000000000000000078
:104840000000000000000000000000000000000068
:104850000000000000000000000000000000000058
:104860000000000000000000000000000000000048
:104870000000000000000000000000000000000038
:104880000000000000000000000000000000000028
:104890000000000000000000000000000000000018
:1048A0000000000000000000000000000000000008
:1048B00000000000000000000000000000000000F8
:1048C00000000000000000000000000000000000E8
:1048D00000000000000000000000000000000000D8
:1048E00000000000000000000000000000000000C8
:1048F00000000000000000000000000000000000B8
:1049000000000000000000000000000000000000A7
:104910000000000000000000000000000000000097
:104920000000000000000000000000000000000087
:104930000000000000000000000000000000000077
:104940000000000000000000000000000000000067
:104950000000000000000000000000000000000057
:104960000000000000000000000000000000000047
:104970000000000000000000000000000000000037
:104980000000000000000000000000000000000027
:104990000000000000000000000000000000000017
:1049A0000000000000000000000000000000000007
:1049B00000000000000000000000000000000000F7
:1049C00000000000000000000000000000000000E7
:1049D00000000000000000000000000000000000D7
:1049E00000000000000000000000000000000000C7
:1049F00000000000000000000000000000000000B7
:104A000000000000000000000000000000000000A6
:104A10000000000000000000000000000000000096
:104A20000000000000000000000000000000000086
:104A30000000000000000000000000000000000076
:104A40000000000000000000000000000000000066
:104A50000000000000000000000000000000000056
:104A60000000000000000000000000000000000046
:104A70000000000000000000000000000000000036
:104A80000000000000000000000000000000000026
:104A90000000000000000000000000000000000016
:104AA0000000000000000000000000000000000006
:104AB00000000000000000000000000000000000F6
:104AC00000000000000000000000000000000000E6
:104AD00000000000000000000000000000000000D6
:104AE00000000000000000000000000000000000C6
:104AF00000000000000000000000000000000000B6
:104B000000000000000000000000000000000000A5
:104B10000000000000000000000000000000000095
:104B20000000000000000000000000000000000085
:104B30000000000000000000000000000000000075
:104B40000000000000000000000000000000000065
:104B50000000000000000000000000000000000055
:104B60000000000000000000000000000000000045
:104B70000000000000000000000000000000000035
:104B80000000000000000000000000000000000025
:104B90000000000000000000000000000000000015
:104BA0000000000000000000000000000000000005
:104BB00000000000000000000000000000000000F5
:104BC00000000000000000000000000000000000E5
:104BD00000000000000000000000000000000000D5
:104BE00000000000000000000000000000000000C5
:104BF00000000000000000000000000000000000B5
:104C000000000000000000000000000000000000A4
:104C10000000FB0000000000000000000000000099
:104C20000000000000000000000000000000000084
:104C3000000000000000000000004B000000000029
:104C40000000000000000000000000000000000064
:104C50000000000000000000000000000000000054
:104C60000000000000000000000000000000000044
:104C70000000000000000000000000000000000034
:104C80000000000000000000000000000000000024
:104C90000000000000000000000000000000000014
:104CA000000000000000000000000E0000000000F6
:104CB00000000000000000000000000000000000F4
:104CC00000000000000000000000000000000000E4
:104CD00000000000000000000000000000000000D4
:104CE00000000000000000000000000000000000C4
:104CF00000000000000000000000000000000000B4
:104D000000000000000000000000000000000000A3
:104D10000000000000000000000000000000000093
:104D20000000000000000000000000000000000083
:104D30000000000000000000000000000000000073
:104D40000000000000000000000000000000000063
:104D50000000000000000000000000000000000053
:104D60000000000000000000000000000000000043
:104D70000000000000000000000000000000000033
:104D8000000000000000000000000500000000001E
:104D90000000000000000000000000000000000013
:104DA0000000000000000000000000000000000003
:104DB00000000000000000000000000000000000F3
:104DC00000000000000000000000000000000000E3
:104DD00000000000000000000000000000000000D3
:104DE00000000000000000000000000000000000C3
:104DF00000000000000000000000000000000000B3
:104E00000000410000000000000000000000000061
:104E10000000F000000000000000000000000000A2
:104E20000000000000000000000000000000000082
:104E30000000000000000000000000000000000072
:104E400000002B0000000000000000000000000037
:104E50000000000000000000000000000000000052
:104E60000000000000000000000000000000000042
:104E70000000000000000000000000000000000032
:104E8000000000000000000000008300000000009F
:104E90000000000000000000000000000000000012
:104EA0000000000000000000000000000000000002
:104EB00000000000000000000000000000000000F2
:104EC00000000000000000000000000000000000E2
:104ED00000000000000000000000000000000000D2
:104EE00000000000000000000000000000000000C2
:104EF00000000000000000000000000000000000B2
:104F000000009B0000000000000000000000000006
:104F10000000000000000000000000000000000091
:104F20000000000000000000000000000000000081
:104F30000000000000000000000000000000000071
:104F40000000000000000000000000000000000061
:104F50000000000000000000000000000000000051
:104F6000000000000000000000003D000000000004
:104F70000000000000000000000000000000000031
:104F80000000000000000000000000000000000021
:104F90000000D7000000000000000000000000003A
:104FA0000000000000000000000000000000000001
:104FB00000000000000000000000000000000000F1
:104FC00000000000000000000000000000000000E1
:104FD00000000000000000000000000000000000D1
:104FE00000000000000000000000000000000000C1
:104FF00000000000000000000000000000000000B1
:1050000000000000000000000000000000000000A0
:105010000000000000000000003B00000000000055
:105020000000000000000000000000000000000080
:105030000000000000000000000000000000000070
:1050400000BC0000000000000000000000000000A4
:105050000000000000000000000000000000000050
:105060000000000000000000000000000000000040
:105070000000000000000000000000000000000030
:105080000000000000000000000000000000000020
:105090000000000000000000000000000000000010
:1050A0000000000000000000000000000000000000
:1050B00000000000000000000000000000000000F0
:1050C00000000000000000000000000000000000E0
:1050D00000000000000000000000000000000000D0
:1050E00000000000000000000000000000000000C0
:1050F000004F000000000000000000000000000061
:10510000000000000000000000000000000000009F
:10511000000000000000000000000000000000008F
:10512000000000000000000000000000000000007F
:10513000000000000000000000000000000000006F
:10514000000000000000000000000000000000005F
:105150000000000000000000002600000000000029
:10516000000000000000000000000000000000003F
:1051700000370000000000000000000000000000F8
:10518000000000000000000000000000000000001F
:10519000000000000000000000000000000000000F
:1051A00000000000000000000000000000000000FF
:1051B00000000000000000000000000000000000EF
:1051C00000000000000000000000000000000000DF
:1051D00000000000000000000000000000000000CF
:1051E00000000000000000000000000000000000BF
:1051F000000000000000000000E6000000000000C9
:1052000000B20000000000000000000000000000EC
:10521000000000000000000000000000000000008E
:1052200000FE00000000000000E60000000000009A
:10523000000000000000000000000000000000006E
:105240000000000000000000002500000000000039
:1052500000FC000000000000000000000000000052
:10526000000000000000000000000000000000003E
:10527000000000000000000000000000000000002E
:105280000000000000000000009F0000000000007F
:10529000000000000000000000000000000000000E
:1052A00000E7000000000000000000000000000017
:1052B00000000000000000000000000000000000EE
:1052C00000000000000000000000000000000000DE
:1052D00000000000000000000000000000000000CE
:1052E00000000000000000000000000000000000BE
:1052F00000000000000000000000000000000000AE
:1053000000F700000000000000E5000000000000C1
:10531000000000000000000000000000000000008D
:1053200000D900000000000000F3000000000000B1
:10533000000000000000000000000000000000006D
:10534000000000000000000000BD000000000000A0
:10535000000000000000000000000000000000004D
:10536000000000000000000000000000000000003D
:10537000000000000000000000000000000000002D
:10538000000000000000000000000000000000001D
:10539000000000000000000000000000000000000D
:1053A00000000000000000000000000000000000FD
:1053B00000000000000000000000000000000000ED
:1053C00000000000000000000000000000000000DD
:1053D00000000000000000000000000000000000CD
:1053E00000000000000000000000000000000000BD
:1053F000000000000000000000D3000000000000DA
:10540000000000000000000000000000000000009C
:1054100000000000000000000095000000000000F7
:10542000000000000000000000000000000000007C
:10543000000000000000000000000000000000006C
:1054400000700000000000000000000000000000EC
:10545000000000000000000000000000000000004C
:10546000000000000000000000000000000000003C
:10547000000000000000000000000000000000002C
:10548000000000000000000000000000000000001C
:10549000000000000000000000000000000000000C
:1054A00000000000000000000000000000000000FC
:1054B00000000000000000000000000000000000EC
:1054C00000000000000000000000000000000000DC
:1054D00000000000000000000000000000000000CC
:1054E00000000000000000000000000000000000BC
:1054F000003C000000000000000000000000000070
:10550000000000000000000000000000000000009B
:10551000000000000000000000000000000000008B
:10552000000000000000000000000000000000007B
:10553000000000000000000000000000000000006B
:10554000000000000000000000000000000000005B
:10555000000000000000000000300000000000001B
:10556000000100000000000000000000000000003A
:1055700000CB000000000000000000000000000060
:10558000000000000000000000000000000000001B
:10559000000000000000000000000000000000000B
:1055A00000000000000000000000000000000000FB
:1055B00000000000000000000000000000000000EB
:1055C00000000000000000000000000000000000DB
:1055D00000000000000000000000000000000000CB
:1055E00000000000000000000000000000000000BB
:1055F000000000000000000000FA000000000000B1
:105600000008000000000000000000000000000092
:10561000000000000000000000000000000000008A
:1056200000F400000000000000B3000000000000D3
:10563000000000000000000000000000000000006A
:105640000000000000000000001600000000000044
:105650000022000000000000000000000000000028
:10566000000000000000000000000000000000003A
:10567000000000000000000000000000000000002A
:105680000000000000000000001200000000000008
:10569000000000000000000000000000000000000A
:1056A00000100000000000000000000000000000EA
:1056B00000000000000000000000000000000000EA
:1056C00000000000000000000000000000000000DA
:1056D00000000000000000000000000000000000CA
:1056E00000000000000000000000000000000000BA
:1056F00000000000000000000000000000000000AA
:10570000000900000000000000F700000000000099
:105710000000000000000000000000000000000089
:1057200000F800000000000000FD00000000000084
:105730000000000000000000000000000000000069
:10574000000000000000000000FE0000000000005B
:105750000000000000000000000000000000000049
:105760000000000000000000000000000000000039
:105770000000000000000000000000000000000029
:105780000000000000000000000000000000000019
:105790000000000000000000000000000000000009
:1057A00000000000000000000000000000000000F9
:1057B00000000000000000000000000000000000E9
:1057C00000000000000000000000000000000000D9
:1057D00000000000000000000000000000000000C9
:1057E00000000000000000000000000000000000B9
:1057F00000000000000000000002000000000000A7
:105800000000000000000000000000000000000098
:1058100000000000000000000000DB0000000000AD
:105820000000000000000000000000000000000078
:105830000000000000000000000000000000000068
:105840000000EC000000000000000000000000006C
:105850000000000000000000000000000000000048
:105860000000000000000000000000000000000038
:105870000000000000000000000000000000000028
:105880000000000000000000000000000000000018
:105890000000000000000000000000000000000008
:1058A00000000000000000000000000000000000F8
:1058B0000000810000000000000000000000000067
:1058C00000000000000000000000000000000000D8
:1058D00000000000000000000000000000000000C8
:1058E00000000000000000000000000000000000B8
:1058F00000000000000000000000000000000000A8
:105900000000000000000000000000000000000097
:105910000000000000000000000000000000000087
:105920000000000000000000000000000000000077
:105930000000000000000000000000000000000067
:105940000000000000000000000000000000000057
:105950000000000000000000000000000000000047
:105960000000000000000000000000000000000037
:105970000000000000000000000000000000000027
:105980000000000000000000000000000000000017
:105990000000000000000000000000000000000007
:1059A00000000000000000000000000000000000F7
:1059B00000000000000000000000000000000000E7
:1059C00000000000000000000000000000000000D7
:1059D00000000000000000000000000000000000C7
:1059E00000000000000000000000000000000000B7
:1059F00000000000000000000000000000000000A7
:105A00000000000000000000000013000000000083
:105A100000000000000000000000E00000000000A6
:105A20000000000000000000000000000000000076
:105A30000000000000000000000000000000000066
:105A40000000000000000000000010000000000046
:105A50000000000000000000000000000000000046
:105A60000000000000000000000000000000000036
:105A70000000000000000000000000000000000026
:105A80000000000000000000000000000000000016
:105A9000000097000000000000000000000000006F
:105AA00000000000000000000000000000000000F6
:105AB00000000000000000000000000000000000E6
:105AC00000000000000000000000000000000000D6
:105AD00000000000000000000000000000000000C6
:105AE00000000000000000000000000000000000B6
:105AF00000000000000000000000000000000000A6
:105B0000000000000000000000003600000000005F
:105B10000000000000000000000000000000000085
:105B20000000000000000000000000000000000075
:105B30000000000000000000000000000000000065
:105B40000000000000000000000000000000000055
:105B50000000000000000000000000000000000045
:105B60000000000000000000000000000000000035
:105B70000000E40000000000000000000000000041
:105B80000000000000000000000000000000000015
:105B900000000000000000000000320000000000D3
:105BA00000000000000000000000000000000000F5
:105BB00000000000000000000000000000000000E5
:105BC00000000000000000000000000000000000D5
:105BD00000000000000000000000000000000000C5
:105BE00000000000000000000000000000000000B5
:105BF00000000000000000000000000000000000A5
:105C00000000000000000000000000000000000094
:105C100000000000000000000000F1000000000093
:105C20000000000000000000000000000000000074
:105C30000000000000000000000000000000000064
:105C4000000046000000000000000000000000000E
:105C50000000000000000000000000000000000044
:105C60000000000000000000000000000000000034
:105C70000000000000000000000000000000000024
:105C80000000000000000000000000000000000014
:105C90000000000000000000000000000000000004
:105CA00000000000000000000000000000000000F4
:105CB00000001B00000000000000000000000000C9
:105CC00000000000000000000000000000000000D4
:105CD00000000000000000000000000000000000C4
:105CE00000000000000000000000000000000000B4
:105CF00000000000000000000000000000000000A4
:105D00000000000000000000000000000000000093
:105D10000000000000000000000000000000000083
:105D20000000000000000000000000000000000073
:105D30000000000000000000000000000000000063
:105D40000000000000000000000000000000000053
:105D50000000000000000000000000000000000043
:105D60000000000000000000000000000000000033
:105D70000000000000000000000000000000000023
:105D80000000000000000000000000000000000013
:105D90000000000000000000000000000000000003
:105DA00000000000000000000000000000000000F3
:105DB00000000000000000000000000000000000E3
:105DC00000000000000000000000000000000000D3
:105DD00000000000000000000000000000000000C3
:105DE00000000000000000000000000000000000B3
:105DF00000000000000000000000000000000000A3
:105E0000000000000000000000002B000000000067
:105E100000000000000000000000E700000000009B
:105E20000000000000000000000000000000000072
:105E30000000000000000000000000000000000062
:105E4000000000000000000000001400000000003E
:105E50000000000000000000000000000000000042
:105E60000000000000000000000000000000000032
:105E70000000000000000000000000000000000022
:105E80000000000000000000000000000000000012
:105E90000000810000000000000000000000000081
:105EA00000000000000000000000000000000000F2
:105EB00000000000000000000000000000000000E2
:105EC00000000000000000000000000000000000D2
:105ED00000000000000000000000000000000000C2
:105EE00000000000000000000000000000000000B2
:105EF00000000000000000000000000000000000A2
:105F000000000000000000000000A80000000000E9
:105F10000000000000000000000000000000000081
:105F20000000000000000000000000000000000071
:105F30000000000000000000000000000000000061
:105F40000000000000000000000000000000000051
:105F50000000000000000000000000000000000041
:105F60000000000000000000000000000000000031
:105F700000003A00000000000000000000000000E7
:105F80000000000000000000000000000000000011
:105F900000000000000000000000DE000000000023
:105FA00000000000000000000000000000000000F1
:105FB00000000000000000000000000000000000E1
:105FC00000000000000000000000000000000000D1
:105FD00000000000000000000000000000000000C1
:105FE00000000000000000000000000000000000B1
:105FF00000000000000000000000000000000000A1
:106000000000000000000000000000000000000090
:106010000000000000000059000000000000000027
:106020000000000000000000000000000000000070
:10603000000000000000000000000000000000CD93
:106040000000000000000000000000000000000050
:106050000000000000000000000000000000000040
:106060000000000000000000000000000000000030
:106070000000000000000000000000000000000020
:106080000000000000000000000000000000000010
:106090000000000000000000000000000000000000
:1060A00000000000000000000000000000000000F0
:1060B00000000000000000000000000000000000E0
:1060C00000000000000000000000000000000000D0
:1060D00000000000000000000000000000000000C0
:1060E0000000000000000000000000000000003D73
:1060F00000000000000000000000000000000000A0
:10610000000000000000000000000000000000008F
:10611000000000000000000000000000000000007F
:10612000000000000000000000000000000000006F
:10613000000000000000000000000000000000005F
:10614000000000000000000000000000000000004F
:106150000000000000000006000000000000000039
:106160000000000000000000000000000000001916
:10617000000000000000000000000000000000001F
:10618000000000000000000000000000000000000F
:1061900000000000000000000000000000000000FF
:1061A00000000000000000000000000000000000EF
:1061B00000000000000000000000000000000000DF
:1061C00000000000000000000000000000000000CF
:1061D00000000000000000000000000000000000BF
:1061E00000000000000000000000000000000000AF
:1061F000000000000000000100000000000000A2FC
:10620000000000000000000000000000000000008E
:10621000000000000000000000000000000000F589
:10622000000000000000000300000000000000006B
:10623000000000000000000000000000000000005E
:1062400000000000000000E9000000000000000560
:10625000000000000000000000000000000000003E
:10626000000000000000000000000000000000002E
:10627000000000000000000000000000000000001E
:10628000000000000000008100000000000000008D
:10629000000000000000000000000000000000FB03
:1062A00000000000000000000000000000000000EE
:1062B00000000000000000000000000000000000DE
:1062C00000000000000000000000000000000000CE
:1062D00000000000000000000000000000000000BE
:1062E00000000000000000000000000000000000AE
:1062F000000000000000000000000000000000F5A9
:106300000000000000000004000000000000000089
:10631000000000000000000000000000000000ADD0
:1063200000000000000000F6000000000000000077
:10633000000000000000000000000000000000005D
:1063400000000000000000850000000000000000C8
:10635000000000000000000000000000000000003D
:10636000000000000000000000000000000000002D
:10637000000000000000000000000000000000001D
:10638000000000000000000000000000000000000D
:1063900000000000000000000000000000000000FD
:1063A00000000000000000000000000000000000ED
:1063B00000000000000000000000000000000000DD
:1063C00000000000000000000000000000000000CD
:1063D00000000000000000000000000000000000BD
:1063E00000000000000000000000000000000000AD
:1063F00000000000000000F80000000000000000A5
:10640000000000000000000000000000000000008C
:10641000000000000000000000000000000000007C
:10642000000000000000000000000000000000006C
:10643000000000000000000000000000000000005C
:10644000000000000000000000000000000000004C
:10645000000000000000000000000000000000003C
:10646000000000000000000000000000000000002C
:10647000000000000000000000000000000000001C
:10648000000000000000000000000000000000000C
:1064900000000000000000000000000000000000FC
:1064A00000000000000000000000000000000000EC
:1064B00000000000000000000000000000000000DC
:1064C00000000000000000000000000000000000CC
:1064D00000000000000000000000000000000000BC
:1064E00000000000000000000000000000000000AC
:1064F000000000000000000000000000000000009C
:10650000000000000000000000000000000000008B
:10651000000000000000000000000000000000007B
:10652000000000000000000000000000000000006B
:10653000000000000000000000000000000000005B
:10654000000000000000000000000000000000004B
:10655000000000000000000000000000000000003B
:10656000000000000000000000000000000000002B
:10657000000000000000000000000000000000001B
:10658000000000000000000000000000000000000B
:1065900000000000000000000000000000000000FB
:1065A00000000000000000000000000000000000EB
:1065B00000000000000000000000000000000000DB
:1065C00000000000000000000000000000000000CB
:1065D00000000000000000000000000000000000BB
:1065E00000000000000000000000000000000000AB
:1065F000000000000000000000000000000000009B
:10660000000000000000000000000000000000008A
:10661000000000000000000000000000000000007A
:10662000000000000000000000000000000000006A
:10663000000000000000000000000000000000005A
:10664000000000000000000000000000000000004A
:10665000000000000000000000000000000000003A
:10666000000000000000000000000000000000002A
:10667000000000000000000000000000000000001A
:10668000000000000000000000000000000000000A
:1066900000000000000000000000000000000000FA
:1066A00000000000000000000000000000000000EA
:1066B00000000000000000000000000000000000DA
:1066C00000000000000000000000000000000000CA
:1066D00000000000000000000000000000000000BA
:1066E00000000000000000000000000000000000AA
:1066F000000000000000000000000000000000009A
:106700000000000000000000000000000000000089
:106710000000000000000000000000000000000079
:106720000000000000000000000000000000000069
:106730000000000000000000000000000000000059
:106740000000000000000000000000000000000049
:106750000000000000000000000000000000000039
:106760000000000000000000000000000000000029
:106770000000000000000000000000000000000019
:106780000000000000000000000000000000000009
:1067900000000000000000000000000000000000F9
:1067A00000000000000000000000000000000000E9
:1067B00000000000000000000000000000000000D9
:1067C00000000000000000000000000000000000C9
:1067D00000000000000000000000000000000000B9
:1067E00000000000000000000000000000000000A9
:1067F0000000000000000000000000000000000099
:106800000000000000000000000000000000000088
:106810000000000000000000EA000000000000008E
:106820000000000000000000000000000000000068
:106830000000000000000000000000000000000058
:10684000FB0000000000000000000000000000004D
:106850000000000000000000000000000000000038
:106860000000000000000000000000000000000028
:106870000000000000000000000000000000000018
:106880000000000000000000000000000000000008
:1068900000000000000000000000000000000000F8
:1068A00000000000000000000000000000000000E8
:1068B000C500000000000000000000000000000013
:1068C00000000000000000000000000000000000C8
:1068D00000000000000000000000000000000000B8
:1068E00000000000000000000000000000000000A8
:1068F0000000000000000000000000000000000098
:106900000000000000000000000000000000000087
:106910000000000000000000000000000000000077
:106920000000000000000000000000000000000067
:106930000000000000000000000000000000000057
:106940000000000000000000000000000000000047
:106950000000000000000000000000000000000037
:106960000000000000000000000000000000000027
:106970000000000000000000000000000000000017
:106980000000000000000000000000000000000007
:1069900023000000000000000000000000000000D4
:1069A00000000000000000000000000000000000E7
:1069B00000000000000000000000000000000000D7
:1069C00000000000000000000000000000000000C7
:1069D00000000000000000000000000000000000B7
:1069E00000000000000000000000000000000000A7
:1069F0000000000000000000000000000000000097
:106A000000000000000000001B000000000000006B
:106A10000000000000000000C000000000000000B6
:106A20000000000000000000000000000000000066
:106A30000000000000000000000000000000000056
:106A400000000000000000000F0000000000000037
:106A50000000000000000000000000000000000036
:106A60000000000000000000000000000000000026
:106A70000000000000000000000000000000000016
:106A80000000000000000000000000000000000006
:106A9000BC0000000000000000000000000000003A
:106AA00000000000000000000000000000000000E6
:106AB00000000000000000000000000000000000D6
:106AC00000000000000000000000000000000000C6
:106AD00000000000000000000000000000000000B6
:106AE00000000000000000000000000000000000A6
:106AF0000000000000000000000000000000000096
:106B000000000000000000005D0000000000000028
:106B10000000000000000000000000000000000075
:106B20000000000000000000000000000000000065
:106B30000000000000000000000000000000000055
:106B40000000000000000000000000000000000045
:106B50000000000000000000000000000000000035
:106B60000000000000000000000000000000000025
:106B7000F300000000000000000000000000000022
:106B80000000000000000000000000000000000005
:106B900000000000000000002000000000000000D5
:106BA00000000000000000000000000000000000E5
:106BB00000000000000000000000000000000000D5
:106BC00000000000000000000000000000000000C5
:106BD00000000000000000000000000000000000B5
:106BE00000000000000000000000000000000000A5
:106BF0000000000000000000000000000000000095
:106C00000000000000000000000000000000000084
:106C10000000000000000000000000000000000074
:106C20000000000000000000000000000000000064
:106C30000000000000000000000000000000000054
:106C40000000000000000000000000000000000044
:106C50000000000000000000000000000000000034
:106C60000000000000000000000000000000000024
:106C70000000000000000000000000000000000014
:106C80000000000000000000000000000000000004
:106C900000000000000000000000000000000000F4
:106CA00000000000000000000000000000000000E4
:106CB00000000000000000000000000000000000D4
:106CC00000000000000000000000000000000000C4
:106CD00000000000000000000000000000000000B4
:106CE00000000000000000000000000000000000A4
:106CF0000000000000000000000000000000000094
:106D00000000000000000000000000000000000083
:106D10000000000000000000000000000000000073
:106D20000000000000000000000000000000000063
:106D30000000000000000000000000000000000053
:106D40000000000000000000000000000000000043
:106D50000000000000000000000000000000000033
:106D60000000000000000000000000000000000023
:106D70000000000000000000000000000000000013
:106D80000000000000000000000000000000000003
:106D900000000000000000000000000000000000F3
:106DA00000000000000000000000000000000000E3
:106DB00000000000000000000000000000000000D3
:106DC00000000000000000000000000000000000C3
:106DD00000000000000000000000000000000000B3
:106DE00000000000000000000000000000000000A3
:106DF0000000000000000000000000000000000093
:106E00000000000000000000000000000000000082
:106E10000000000000000000000000000000000072
:106E20000000000000000000000000000000000062
:106E30000000000000000000000000000000000052
:106E40000000000000000000000000000000000042
:106E50000000000000000000000000000000000032
:106E60000000000000000000000000000000000022
:106E70000000000000000000000000000000000012
:106E80000000000000000000000000000000000002
:106E900000000000000000000000000000000000F2
:106EA00000000000000000000000000000000000E2
:106EB00000000000000000000000000000000000D2
:106EC00000000000000000000000000000000000C2
:106ED00000000000000000000000000000000000B2
:106EE00000000000000000000000000000000000A2
:106EF0000000000000000000000000000000000092
:106F00000000000000000000000000000000000081
:106F10000000000000000000000000000000000071
:106F20000000000000000000000000000000000061
:106F30000000000000000000000000000000000051
:106F40000000000000000000000000000000000041
:106F50000000000000000000000000000000000031
:106F60000000000000000000000000000000000021
:106F70000000000000000000000000000000000011
:106F80000000000000000000000000000000000001
:106F900000000000000000000000000000000000F1
:106FA00000000000000000000000000000000000E1
:106FB00000000000000000000000000000000000D1
:106FC00000000000000000000000000000000000C1
:106FD00000000000000000000000000000000000B1
:106FE00000000000000000000000000000000000A1
:106FF0000000000000000000000000000000000091
:107000000000000000000000000000000000000080
:107010000000000000000000000000000000000070
:107020000000000000000000000000000000000060
:107030000000000000000000000000000000000050
:107040000000000000000000000000000000000040
:107050000000000000000000000000000000000030
:107060000000000000000000000000000000000020
:107070000000000000000000000000000000000010
:107080000000000000000000000000000000000000
:1070900000000000000000000000000000000000F0
:1070A00000000000000000000000000000000000E0
:1070B00000000000000000000000000000000000D0
:1070C00000000000000000000000000000000000C0
:1070D00000000000000000000000000000000000B0
:1070E00000000000000000000000000000000000A0
:1070F0000000000000000000000000000000000090
:10710000000000000000000000000000000000007F
:10711000000000000000000000000000000000006F
:10712000000000000000000000000000000000005F
:10713000000000000000000000000000000000004F
:10714000000000000000000000000000000000003F
:10715000000000000000000000000000000000002F
:10716000000000000000000000000000000000001F
:10717000000000000000000000000000000000000F
:1071800000000000000000000000000000000000FF
:1071900000000000000000000000000000000000EF
:1071A00000000000000000000000000000000000DF
:1071B00000000000000000000000000000000000CF
:1071C00000000000000000000000000000000000BF
:1071D00000000000000000000000000000000000AF
:1071E000000000000000000000000000000000009F
:1071F000000000000000000000000000000000008F
:10720000000000000000000000000000000000007E
:10721000000000000000000000000000000000006E
:10722000000000000000000000000000000000005E
:10723000000000000000000000000000000000004E
:10724000000000000000000000000000000000003E
:10725000000000000000000000000000000000002E
:10726000000000000000000000000000000000001E
:10727000000000000000000000000000000000000E
:1072800000000000000000000000000000000000FE
:1072900000000000000000000000000000000000EE
:1072A00000000000000000000000000000000000DE
:1072B00000000000000000000000000000000000CE
:1072C00000000000000000000000000000000000BE
:1072D00000000000000000000000000000000000AE
:1072E000000000000000000000000000000000009E
:1072F000000000000000000000000000000000008E
:10730000000000000000000000000000000000007D
:10731000000000000000000000000000000000006D
:10732000000000000000000000000000000000005D
:10733000000000000000000000000000000000004D
:10734000000000000000000000000000000000003D
:10735000000000000000000000000000000000002D
:10736000000000000000000000000000000000001D
:10737000000000000000000000000000000000000D
:1073800000000000000000000000000000000000FD
:1073900000000000000000000000000000000000ED
:1073A00000000000000000000000000000000000DD
:1073B00000000000000000000000000000000000CD
:1073C00000000000000000000000000000000000BD
:1073D00000000000000000000000000000000000AD
:1073E000000000000000000000000000000000009D
:1073F000000000000000000000000000000000008D
:10740000000000000000000000000000000000007C
:10741000000000000000000000000000000000006C
:10742000000000000000000000000000000000005C
:10743000000000000000000000000000000000004C
:10744000000000000000000000000000000000003C
:10745000000000000000000000000000000000002C
:10746000000000000000000000000000000000001C
:10747000000000000000000000000000000000000C
:1074800000000000000000000000000000000000FC
:1074900000000000000000000000000000000000EC
:1074A00000000000000000000000000000000000DC
:1074B00000000000000000000000000000000000CC
:1074C00000000000000000000000000000000000BC
:1074D00000000000000000000000000000000000AC
:1074E000000000000000000000000000000000009C
:1074F000000000000000000000000000000000008C
:10750000000000000000000000000000000000007B
:10751000000000000000000000000000000000006B
:10752000000000000000000000000000000000005B
:10753000000000000000000000000000000000004B
:10754000000000000000000000000000000000003B
:10755000000000000000000000000000000000002B
:10756000000000000000000000000000000000001B
:10757000000000000000000000000000000000000B
:1075800000000000000000000000000000000000FB
:1075900000000000000000000000000000000000EB
:1075A00000000000000000000000000000000000DB
:1075B00000000000000000000000000000000000CB
:1075C00000000000000000000000000000000000BB
:1075D00000000000000000000000000000000000AB
:1075E000000000000000000000000000000000009B
:1075F000000000000000000000000000000000008B
:10760000000000000000000000000000000000007A
:10761000000000000000000000000000000000006A
:10762000000000000000000000000000000000005A
:10763000000000000000000000000000000000004A
:10764000000000000000000000000000000000003A
:10765000000000000000000000000000000000002A
:10766000000000000000000000000000000000001A
:10767000000000000000000000000000000000000A
:1076800000000000000000000000000000000000FA
:1076900000000000000000000000000000000000EA
:1076A00000000000000000000000000000000000DA
:1076B00000000000000000000000000000000000CA
:1076C00000000000000000000000000000000000BA
:1076D00000000000000000000000000000000000AA
:1076E000000000000000000000000000000000009A
:1076F000000000000000000000000000000000008A
:107700000000000000000000000000000000000079
:107710000000000000000000000000000000000069
:107720000000000000000000000000000000000059
:107730000000000000000000000000000000000049
:107740000000000000000000000000000000000039
:107750000000000000000000000000000000000029
:107760000000000000000000000000000000000019
:107770000000000000000000000000000000000009
:1077800000000000000000000000000000000000F9
:1077900000000000000000000000000000000000E9
:1077A00000000000000000000000000000000000D9
:1077B00000000000000000000000000000000000C9
:1077C00000000000000000000000000000000000B9
:1077D00000000000000000000000000000000000A9
:1077E0000000000000000000000000000000000099
:1077F0000000000000000000000000000000000089
:107800000000000000000000000000000000000078
:107810000000000000000000000000000000000068
:107820000000000000000000000000000000000058
:107830000000000000000000000000000000000048
:107840000000000000000000000000000000000038
:107850000000000000000000000000000000000028
:107860000000000000000000000000000000000018
:107870000000000000000000000000000000000008
:1078800000000000000000000000000000000000F8
:1078900000000000000000000000000000000000E8
:1078A00000000000000000000000000000000000D8
:1078B00000000000000000000000000000000000C8
:1078C00000000000000000000000000000000000B8
:1078D00000000000000000000000000000000000A8
:1078E0000000000000000000000000000000000098
:1078F0000000000000000000000000000000000088
:107900000000000000000000000000000000000077
:107910000000000000000000000000000000000067
:107920000000000000000000000000000000000057
:107930000000000000000000000000000000000047
:107940000000000000000000000000000000000037
:107950000000000000000000000000000000000027
:107960000000000000000000000000000000000017
:107970000000000000000000000000000000000007
:1079800000000000000000000000000000000000F7
:1079900000000000000000000000000000000000E7
:1079A00000000000000000000000000000000000D7
:1079B00000000000000000000000000000000000C7
:1079C00000000000000000000000000000000000B7
:1079D00000000000000000000000000000000000A7
:1079E0000000000000000000000000000000000097
:1079F0000000000000000000000000000000000087
:107A00000000000000000000000000000000000076
:107A10000000000000000000000000000000000066
:107A20000000000000000000000000000000000056
:107A30000000000000000000000000000000000046
:107A40000000000000000000000000000000000036
:107A50000000000000000000000000000000000026
:107A60000000000000000000000000000000000016
:107A70000000000000000000000000000000000006
:107A800000000000000000000000000000000000F6
:107A900000000000000000000000000000000000E6
:107AA00000000000000000000000000000000000D6
:107AB00000000000000000000000000000000000C6
:107AC00000000000000000000000000000000000B6
:107AD00000000000000000000000000000000000A6
:107AE0000000000000000000000000000000000096
:107AF0000000000000000000000000000000000086
:107B00000000000000000000000000000000000075
:107B10000000000000000000000000000000000065
:107B20000000000000000000000000000000000055
:107B30000000000000000000000000000000000045
:107B40000000000000000000000000000000000035
:107B50000000000000000000000000000000000025
:107B60000000000000000000000000000000000015
:107B70000000000000000000000000000000000005
:107B800000000000000000000000000000000000F5
:107B900000000000000000000000000000000000E5
:107BA00000000000000000000000000000000000D5
:107BB00000000000000000000000000000000000C5
:107BC00000000000000000000000000000000000B5
:107BD00000000000000000000000000000000000A5
:107BE0000000000000000000000000000000000095
:107BF0000000000000000000000000000000000085
:107C00000000000000000000000000000000000074
:107C10000000000000000000000000000000000064
:107C20000000000000000000000000000000000054
:107C30000000000000000000000000000000000044
:107C40000000000000000000000000000000000034
:107C50000000000000000000000000000000000024
:107C60000000000000000000000000000000000014
:107C70000000000000000000000000000000000004
:107C800000000000000000000000000000000000F4
:107C900000000000000000000000000000000000E4
:107CA00000000000000000000000000000000000D4
:107CB00000000000000000000000000000000000C4
:107CC00000000000000000000000000000000000B4
:107CD00000000000000000000000000000000000A4
:107CE0000000000000000000000000000000000094
:107CF0000000000000000000000000000000000084
:107D00000000000000000000000000000000000073
:107D10000000000000000000000000000000000063
:107D20000000000000000000000000000000000053
:107D30000000000000000000000000000000000043
:107D40000000000000000000000000000000000033
:107D50000000000000000000000000000000000023
:107D60000000000000000000000000000000000013
:107D70000000000000000000000000000000000003
:107D800000000000000000000000000000000000F3
:107D900000000000000000000000000000000000E3
:107DA00000000000000000000000000000000000D3
:107DB00000000000000000000000000000000000C3
:107DC00000000000000000000000000000000000B3
:107DD00000000000000000000000000000000000A3
:107DE0000000000000000000000000000000000093
:107DF0000000000000000000000000000000000083
:107E00000000000000000000000000000000000072
:107E10000000000000000000000000000000000062
:107E20000000000000000000000000000000000052
:107E30000000000000000000000000000000000042
:107E40000000000000000000000000000000000032
:107E50000000000000000000000000000000000022
:107E60000000000000000000000000000000000012
:107E70000000000000000000000000000000000002
:107E800000000000000000000000000000000000F2
:107E900000000000000000000000000000000000E2
:107EA00000000000000000000000000000000000D2
:107EB00000000000000000000000000000000000C2
:107EC00000000000000000000000000000000000B2
:107ED00000000000000000000000000000000000A2
:107EE0000000000000000000000000000000000092
:107EF0000000000000000000000000000000000082
:107F00000000000000000000000000000000000071
:107F10000000000000000000000000000000000061
:107F20000000000000000000000000000000000051
:107F30000000000000000000000000000000000041
:107F40000000000000000000000000000000000031
:107F50000000000000000000000000000000000021
:107F60000000000000000000000000000000000011
:107F70000000000000000000000000000000000001
:107F800000000000000000000000000000000000F1
:107F900000000000000000000000000000000000E1
:107FA00000000000000000000000000000000000D1
:107FB00000000000000000000000000000000000C1
:107FC00000000000000000000000000000000000B1
:107FD00000000000000000000000000000000000A1
:107FE0000000000000000000000000000000000091
:107FF0000000000000000000000000000000000081
:108000000000000000000000000000000000000070
:108010000000000000000000000000000000000060
:108020000000000000000000000000000000000050
:108030000000000000000000000000000000000040
:108040000000000000000000000000000000000030
:108050000000000000000000000000000000000020
:108060000000000000000000000000000000000010
:108070000000000000000000000000000000000000
:1080800000000000000000000000000000000000F0
:1080900000000000000000000000000000000000E0
:1080A00000000000000000000000000000000000D0
:1080B00000000000000000000000000000000000C0
:1080C00000000000000000000000000000000000B0
:1080D00000000000000000000000000000000000A0
:1080E0000000000000000000000000000000000090
:1080F0000000000000000000000000000000000080
:10810000000000000000000000000000000000006F
:10811000000000000000000000000000000000005F
:10812000000000000000000000000000000000004F
:10813000000000000000000000000000000000003F
:10814000000000000000000000000000000000002F
:10815000000000000000000000000000000000001F
:10816000000000000000000000000000000000000F
:1081700000000000000000000000000000000000FF
:1081800000000000000000000000000000000000EF
:1081900000000000000000000000000000000000DF
:1081A00000000000000000000000000000000000CF
:1081B00000000000000000000000000000000000BF
:1081C00000000000000000000000000000000000AF
:1081D000000000000000000000000000000000009F
:1081E000000000000000000000000000000000008F
:1081F000000000000000000000000000000000007F
:10820000000000000000000000000000000000006E
:10821000000000000000000000000000000000005E
:10822000000000000000000000000000000000004E
:10823000000000000000000000000000000000003E
:10824000000000000000000000000000000000002E
:10825000000000000000000000000000000000001E
:10826000000000000000000000000000000000000E
:1082700000000000000000000000000000000000FE
:1082800000000000000000000000000000000000EE
:1082900000000000000000000000000000000000DE
:1082A00000000000000000000000000000000000CE
:1082B00000000000000000000000000000000000BE
:1082C00000000000000000000000000000000000AE
:1082D000000000000000000000000000000000009E
:1082E000000000000000000000000000000000008E
:1082F000000000000000000000000000000000007E
:10830000000000000000000000000000000000006D
:10831000000000000000000000000000000000005D
:10832000000000000000000000000000000000004D
:10833000000000000000000000000000000000003D
:10834000000000000000000000000000000000002D
:10835000000000000000000000000000000000001D
:10836000000000000000000000000000000000000D
:1083700000000000000000000000000000000000FD
:1083800000000000000000000000000000000000ED
:1083900000000000000000000000000000000000DD
:1083A00000000000000000000000000000000000CD
:1083B00000000000000000000000000000000000BD
:1083C00000000000000000000000000000000000AD
:1083D000000000000000000000000000000000009D
:1083E000000000000000000000000000000000008D
:1083F000000000000000000000000000000000007D
:10840000000000000000000000000000000000006C
:10841000000000000000000000000000000000223A
:10842000000000000000000000000000000000004C
:10843000000000000000000000000000000000003C
:108440000000000000000099000000000000000093
:10845000000000000000000000000000000000001C
:10846000000000000000000000000000000000000C
:1084700000000000000000000000000000000000FC
:1084800000000000000000000000000000000000EC
:1084900000000000000000000000000000000000DC
:1084A00000000000000000000000000000000000CC
:1084B00000000000000000000000000000000000BC
:1084C00000000000000000000000000000000000AC
:1084D000000000000000000000000000000000009C
:1084E000000000000000000000000000000000008C
:1084F00000000000000000EE00000000000000008E
:10850000000000000000000000000000000000006B
:10851000000000000000000000000000000000005B
:10852000000000000000000000000000000000004B
:10853000000000000000000000000000000000003B
:10854000000000000000000000000000000000002B
:108550000000000000000000000000000000000615
:1085600000000000000000FF00000000000000000C
:10857000000000000000000B0000000000000000F0
:1085800000000000000000000000000000000000EB
:1085900000000000000000000000000000000000DB
:1085A00000000000000000000000000000000000CB
:1085B00000000000000000000000000000000000BB
:1085C00000000000000000000000000000000000AB
:1085D000000000000000000000000000000000009B
:1085E000000000000000000000000000000000008B
:1085F000000000000000000000000000000000FA81
:108600000000000000000002000000000000000068
:10861000000000000000000000000000000000005A
:10862000000000000000000700000000000000063D
:10863000000000000000000000000000000000003A
:108640000000000000000000000000000000000426
:1086500000000000000000BE00000000000000005C
:10866000000000000000000000000000000000000A
:1086700000000000000000000000000000000000FA
:1086800000000000000000000000000000000001E9
:1086900000000000000000000000000000000000DA
:1086A00000000000000000FA0000000000000000D0
:1086B00000000000000000000000000000000000BA
:1086C00000000000000000000000000000000000AA
:1086D000000000000000000000000000000000009A
:1086E000000000000000000000000000000000008A
:1086F000000000000000000000000000000000007A
:108700000000000000000012000000000000000057
:108710000000000000000000000000000000000059
:1087200000000000000000F500000000000000F55F
:108730000000000000000000000000000000000039
:108740000000000000000000000000000000000920
:108750000000000000000000000000000000000019
:108760000000000000000000000000000000000009
:1087700000000000000000000000000000000000F9
:1087800000000000000000000000000000000000E9
:1087900000000000000000000000000000000000D9
:1087A00000000000000000000000000000000000C9
:1087B00000000000000000000000000000000000B9
:1087C00000000000000000000000000000000000A9
:1087D0000000000000000000000000000000000099
:1087E0000000000000000000000000000000000089
:1087F0000000000000000000000000000000000079
:108800000000000000000000000000000000000068
:108810000000000000000000000000000000000058
:108820000000000000000000000000000000000048
:108830000000000000000000000000000000000038
:108840000000000000000000000000000000000028
:108850000000000000000000000000000000000018
:108860000000000000000000000000000000000008
:1088700000000000000000000000000000000000F8
:1088800000000000000000000000000000000000E8
:1088900000000000000000000000000000000000D8
:1088A00000000000000000000000000000000000C8
:1088B00000000000000000000000000000000000B8
:1088C00000000000000000000000000000000000A8
:1088D0000000000000000000000000000000000098
:1088E0000000000000000000000000000000000088
:1088F0000000000000000000000000000000000078
:108900000000000000000000000000000000000067
:108910000000000000000000000000000000000057
:108920000000000000000000000000000000000047
:108930000000000000000000000000000000000037
:108940000000000000000000000000000000000027
:108950000000000000000000000000000000000017
:108960000000000000000000000000000000000007
:1089700000000000000000000000000000000000F7
:1089800000000000000000000000000000000000E7
:1089900000000000000000000000000000000000D7
:1089A00000000000000000000000000000000000C7
:1089B00000000000000000000000000000000000B7
:1089C00000000000000000000000000000000000A7
:1089D0000000000000000000000000000000000097
:1089E0000000000000000000000000000000000087
:1089F0000000000000000000000000000000000077
:108A00000000000000000000000000000000000066
:108A10000000000000000000000000000000000056
:108A20000000000000000000000000000000000046
:108A30000000000000000000000000000000000036
:108A40000000000000000000000000000000000026
:108A50000000000000000000000000000000000016
:108A60000000000000000000000000000000000006
:108A700000000000000000000000000000000000F6
:108A800000000000000000000000000000000000E6
:108A900000000000000000000000000000000000D6
:108AA00000000000000000000000000000000000C6
:108AB00000000000000000000000000000000000B6
:108AC00000000000000000000000000000000000A6
:108AD0000000000000000000000000000000000096
:108AE0000000000000000000000000000000000086
:108AF0000000000000000000000000000000000076
:108B00000000000000000000000000000000000065
:108B10000000000000000000000000000000000055
:108B20000000000000000000000000000000000045
:108B30000000000000000000000000000000000035
:108B40000000000000000000000000000000000025
:108B50000000000000000000000000000000000015
:108B60000000000000000000000000000000000005
:108B700000000000000000000000000000000000F5
:108B800000000000000000000000000000000000E5
:108B900000000000000000000000000000000000D5
:108BA00000000000000000000000000000000000C5
:108BB00000000000000000000000000000000000B5
:108BC00000000000000000000000000000000000A5
:108BD0000000000000000000000000000000000095
:108BE0000000000000000000000000000000000085
:108BF0000000000000000000000000000000000075
:108C00000000000000000000000000000000000064
:108C10000000000000000000000000000000000054
:108C20000300000000000000000000000000000041
:108C30000000000000000000000000000000000034
:108C400000000000000000008100000000000000A3
:108C50000000000000000000000000000000000014
:108C60000000000000000000000000000000000004
:108C700000000000000000000000000000000000F4
:108C800000000000000000000000000000000000E4
:108C900000000000000000000000000000000000D4
:108CA00000000000000000000000000000000000C4
:108CB0000000000000000000F800000000000000BC
:108CC00000000000000000000000000000000000A4
:108CD0000000000000000000000000000000000094
:108CE0000000000000000000000000000000000084
:108CF0000000000000000000000000000000000074
:108D00000000000000000000000000000000000063
:108D10000000000000000000000000000000000053
:108D20000000000000000000000000000000000043
:108D30000000000000000000000000000000000033
:108D40000000000000000000000000000000000023
:108D50000000000000000000000000000000000013
:108D60000000000000000000000000000000000003
:108D700000000000000000000000000000000000F3
:108D800000000000000000000000000000000000E3
:108D90000000000000000000FD00000000000000D6
:108DA00000000000000000000000000000000000C3
:108DB00000000000000000000000000000000000B3
:108DC00000000000000000000000000000000000A3
:108DD0000000000000000000000000000000000093
:108DE0000000000000000000000000000000000083
:108DF0000000000000000000000000000000000073
:108E00000000000000000000000000000000000062
:108E10000100000000000000000000000000000051
:108E2000FE00000000000000000000000000000044
:108E30000000000000000000000000000000000032
:108E40000000000000000000000000000000000022
:108E50000100000000000000000000000000000011
:108E60000000000000000000000000000000000002
:108E700000000000000000000000000000000000F2
:108E800000000000000000000000000000000000E2
:108E900000000000000000000100000000000000D1
:108EA00000000000000000000000000000000000C2
:108EB00000000000000000000000000000000000B2
:108EC00000000000000000000000000000000000A2
:108ED0000000000000000000000000000000000092
:108EE0000000000000000000000000000000000082
:108EF0000000000000000000000000000000000072
:108F00000000000000000000000000000000000061
:108F1000040000000000000000000000000000004D
:108F20000000000000000000000000000000000041
:108F30000000000000000000000000000000000031
:108F40000000000000000000000000000000000021
:108F50000000000000000000000000000000000011
:108F60000000000000000000000000000000000001
:108F7000000000000000000093000000000000005E
:108F800000000000000000000000000000000000E1
:108F900000000000000000000000000000000000D1
:108FA00006000000000000000000000000000000BB
:108FB00000000000000000000000000000000000B1
:108FC00000000000000000000000000000000000A1
:108FD0000000000000000000000000000000000091
:108FE0000000000000000000000000000000000081
:108FF0000000000000000000000000000000000071
:109000000000000000000000000000000000000060
:10901000000000000000000000000000000000410F
:109020000000000000000000000000000000000040
:109030000000000000000000000000000000000030
:1090400000000000000000B500000000000000006B
:109050000000000000000000000000000000000010
:109060000000000000000000000000000000000000
:1090700000000000000000000000000000000000F0
:1090800000000000000000000000000000000000E0
:1090900000000000000000000000000000000000D0
:1090A00000000000000000000000000000000000C0
:1090B00000000000000000000000000000000000B0
:1090C00000000000000000000000000000000000A0
:1090D0000000000000000000000000000000000090
:1090E0000000000000000000000000000000000080
:1090F0000000000000000049000000000000000027
:10910000000000000000000000000000000000005F
:10911000000000000000000000000000000000004F
:10912000000000000000000000000000000000003F
:10913000000000000000000000000000000000002F
:10914000000000000000000000000000000000001F
:109150000000000000000000000000000000002AE5
:1091600000000000000000010000000000000000FE
:1091700000000000000000260000000000000000C9
:1091800000000000000000000000000000000000DF
:1091900000000000000000000000000000000000CF
:1091A00000000000000000000000000000000000BF
:1091B00000000000000000000000000000000000AF
:1091C000000000000000000000000000000000009F
:1091D000000000000000000000000000000000008F
:1091E000000000000000000000000000000000007F
:1091F000000000000000000000000000000000F07F
:1092000000000000000000A50000000000000000B9
:10921000000000000000000000000000000000004E
:1092200000000000000000FA00000000000000E361
:10923000000000000000000000000000000000002E
:10924000000000000000000000000000000000F628
:1092500000000000000000F8000000000000000016
:1092600000000000000000000000000000000000FE
:1092700000000000000000000000000000000000EE
:109280000000000000000000000000000000008C52
:1092900000000000000000000000000000000000CE
:1092A00000000000000000E90000000000000000D5
:1092B00000000000000000000000000000000000AE
:1092C000000000000000000000000000000000009E
:1092D000000000000000000000000000000000008E
:1092E000000000000000000000000000000000007E
:1092F000000000000000000000000000000000006E
:1093000000000000000000F900000000000000F272
:10931000000000000000000000000000000000004D
:1093200000000000000000BE00000000000000EF90
:10933000000000000000000000000000000000002D
:10934000000000000000000000000000000000A07D
:10935000000000000000000000000000000000000D
:1093600000000000000000000000000000000000FD
:1093700000000000000000000000000000000000ED
:1093800000000000000000000000000000000000DD
:1093900000000000000000000000000000000000CD
:1093A00000000000000000000000000000000000BD
:1093B00000000000000000000000000000000000AD
:1093C000000000000000000000000000000000009D
:1093D000000000000000000000000000000000008D
:1093E000000000000000000000000000000000007D
:1093F000000000000000000000000000000000CDA0
:10940000000000000000000000000000000000005C
:10941000000000000000000000000000000000004C
:10942000000000000000000000000000000000003C
:10943000000000000000000000000000000000002C
:10944000000000000000000000000000000000001C
:10945000000000000000000000000000000000000C
:1094600000000000000000000000000000000000FC
:1094700000000000000000000000000000000000EC
:1094800000000000000000000000000000000000DC
:1094900000000000000000000000000000000000CC
:1094A00000000000000000000000000000000000BC
:1094B00000000000000000000000000000000000AC
:1094C000000000000000000000000000000000009C
:1094D000000000000000000000000000000000008C
:1094E000000000000000000000000000000000007C
:1094F000000000000000000000000000000000006C
:10950000000000000000000000000000000000005B
:10951000000000000000000000000000000000004B
:10952000000000000000000000000000000000003B
:10953000000000000000000000000000000000002B
:10954000000000000000000000000000000000001B
:10955000000000000000000000000000000000000B
:1095600000000000000000000000000000000000FB
:1095700000000000000000000000000000000000EB
:1095800000000000000000000000000000000000DB
:1095900000000000000000000000000000000000CB
:1095A00000000000000000000000000000000000BB
:1095B00000000000000000000000000000000000AB
:1095C000000000000000000000000000000000009B
:1095D000000000000000000000000000000000008B
:1095E000000000000000000000000000000000007B
:1095F000000000000000000000000000000000006B
:10960000000000000000000000000000000000005A
:10961000000000000000000000000000000000004A
:10962000000000000000000000000000000000003A
:10963000000000000000000000000000000000002A
:10964000000000000000000000000000000000001A
:10965000000000000000000000000000000000000A
:1096600000000000000000000000000000000000FA
:1096700000000000000000000000000000000000EA
:1096800000000000000000000000000000000000DA
:1096900000000000000000000000000000000000CA
:1096A00000000000000000000000000000000000BA
:1096B00000000000000000000000000000000000AA
:1096C000000000000000000000000000000000009A
:1096D000000000000000000000000000000000008A
:1096E000000000000000000000000000000000007A
:1096F000000000000000000000000000000000006A
:109700000000000000000000000000000000000059
:109710000000000000000000000000000000000049
:109720000000000000000000000000000000000039
:109730000000000000000000000000000000000029
:109740000000000000000000000000000000000019
:109750000000000000000000000000000000000009
:1097600000000000000000000000000000000000F9
:1097700000000000000000000000000000000000E9
:1097800000000000000000000000000000000000D9
:1097900000000000000000000000000000000000C9
:1097A00000000000000000000000000000000000B9
:1097B00000000000000000000000000000000000A9
:1097C0000000000000000000000000000000000099
:1097D0000000000000000000000000000000000089
:1097E0000000000000000000000000000000000079
:1097F0000000000000000000000000000000000069
:109800000000000000000000000000000000000058
:109810000000000000000000000000000000000048
:10982000D300000000000000000000000000000065
:109830000000000000000000000000000000000028
:109840000000000000000000E40000000000000034
:109850000000000000000000000000000000000008
:1098600000000000000000000000000000000000F8
:1098700000000000000000000000000000000000E8
:1098800000000000000000000000000000000000D8
:1098900000000000000000000000000000000000C8
:1098A00000000000000000000000000000000000B8
:1098B0000000000000000000810000000000000027
:1098C0000000000000000000000000000000000098
:1098D0000000000000000000000000000000000088
:1098E0000000000000000000000000000000000078
:1098F0000000000000000000000000000000000068
:109900000000000000000000000000000000000057
:109910000000000000000000000000000000000047
:109920000000000000000000000000000000000037
:109930000000000000000000000000000000000027
:109940000000000000000000000000000000000017
:109950000000000000000000000000000000000007
:1099600000000000000000000000000000000000F7
:1099700000000000000000000000000000000000E7
:1099800000000000000000000000000000000000D7
:1099900000000000000000000600000000000000C1
:1099A00000000000000000000000000000000000B7
:1099B00000000000000000000000000000000000A7
:1099C0000000000000000000000000000000000097
:1099D0000000000000000000000000000000000087
:1099E0000000000000000000000000000000000077
:1099F0000000000000000000000000000000000067
:109A00000000000000000000000000000000000056
:109A10001D00000000000000000000000000000029
:109A2000D600000000000000000000000000000060
:109A30000000000000000000000000000000000026
:109A40000000000000000000000000000000000016
:109A500017000000000000000000000000000000EF
:109A600000000000000000000000000000000000F6
:109A700000000000000000000000000000000000E6
:109A800000000000000000000000000000000000D6
:109A90000000000000000000A7000000000000001F
:109AA00000000000000000000000000000000000B6
:109AB00000000000000000000000000000000000A6
:109AC0000000000000000000000000000000000096
:109AD0000000000000000000000000000000000086
:109AE0000000000000000000000000000000000076
:109AF0000000000000000000000000000000000066
:109B00000000000000000000000000000000000055
:109B10004300000000000000000000000000000002
:109B20000000000000000000000000000000000035
:109B30000000000000000000000000000000000025
:109B40000000000000000000000000000000000015
:109B50000000000000000000000000000000000005
:109B600000000000000000000000000000000000F5
:109B70000000000000000000DF0000000000000006
:109B800000000000000000000000000000000000D5
:109B900000000000000000000000000000000000C5
:109BA0001C00000000000000000000000000000099
:109BB00000000000000000000000000000000000A5
:109BC0000000000000000000000000000000000095
:109BD0000000000000000000000000000000000085
:109BE0000000000000000000000000000000000075
:109BF0000000000000000000000000000000000065
:109C00000000000000000000000000000000000054
:109C10000000000000000000000000000000000044
:109C20000000000000000000000000000000000034
:109C30000000000000000000000000000000000024
:109C40000000000000000000000000000000000014
:109C50000000000000000000000000000000000004
:109C600000000000000000000000000000000000F4
:109C700000000000000000000000000000000000E4
:109C800000000000000000000000000000000000D4
:109C900000000000000000000000000000000000C4
:109CA00000000000000000000000000000000000B4
:109CB00000000000000000000000000000000000A4
:109CC0000000000000000000000000000000000094
:109CD0000000000000000000000000000000000084
:109CE0000000000000000000000000000000000074
:109CF0000000000000000000000000000000000064
:109D00000000000000000000000000000000000053
:109D10000000000000000000000000000000000043
:109D20000000000000000000000000000000000033
:109D30000000000000000000000000000000000023
:109D40000000000000000000000000000000000013
:109D50000000000000000000000000000000000003
:109D600000000000000000000000000000000000F3
:109D700000000000000000000000000000000000E3
:109D800000000000000000000000000000000000D3
:109D900000000000000000000000000000000000C3
:109DA00000000000000000000000000000000000B3
:109DB00000000000000000000000000000000000A3
:109DC0000000000000000000000000000000000093
:109DD0000000000000000000000000000000000083
:109DE0000000000000000000000000000000000073
:109DF0000000000000000000000000000000000063
:109E00000000000000000000000000000000000052
:109E10000000000000000000000000000000000042
:109E20000000000000000000000000000000000032
:109E30000000000000000000000000000000000022
:109E40000000000000000000000000000000000012
:109E50000000000000000000000000000000000002
:109E600000000000000000000000000000000000F2
:109E700000000000000000000000000000000000E2
:109E800000000000000000000000000000000000D2
:109E900000000000000000000000000000000000C2
:109EA00000000000000000000000000000000000B2
:109EB00000000000000000000000000000000000A2
:109EC0000000000000000000000000000000000092
:109ED0000000000000000000000000000000000082
:109EE0000000000000000000000000000000000072
:109EF0000000000000000000000000000000000062
:109F00000000000000000000000000000000000051
:109F10000000000000000000000000000000000041
:109F20000000000000000000000000000000000031
:109F30000000000000000000000000000000000021
:109F40000000000000000000000000000000000011
:109F50000000000000000000000000000000000001
:109F600000000000000000000000000000000000F1
:109F700000000000000000000000000000000000E1
:109F800000000000000000000000000000000000D1
:109F900000000000000000000000000000000000C1
:109FA00000000000000000000000000000000000B1
:109FB00000000000000000000000000000000000A1
:109FC0000000000000000000000000000000000091
:109FD0000000000000000000000000000000000081
:109FE0000000000000000000000000000000000071
:109FF0000000000000000000000000000000000061
:10A000000000000000000000000000000000000050
:10A010000000000000000000000000000000000040
:10A020000000000000000000000000000000000030
:10A030000000000000000000000000000000000020
:10A040000000000000000000000000000000000010
:10A050000000000000000000000000000000000000
:10A0600000000000000000000000000000000000F0
:10A0700000000000000000000000000000000000E0
:10A0800000000000000000000000000000000000D0
:10A0900000000000000000000000000000000000C0
:10A0A00000000000000000000000000000000000B0
:10A0B00000000000000000000000000000000000A0
:10A0C0000000000000000000000000000000000090
:10A0D0000000000000000000000000000000000080
:10A0E0000000000000000000000000000000000070
:10A0F0000000000000000000000000000000000060
:10A10000000000000000000000000000000000004F
:10A11000000000000000000000000000000000003F
:10A12000000000000000000000000000000000002F
:10A13000000000000000000000000000000000001F
:10A14000000000000000000000000000000000000F
:10A1500000000000000000000000000000000000FF
:10A1600000000000000000000000000000000000EF
:10A1700000000000000000000000000000000000DF
:10A1800000000000000000000000000000000000CF
:10A1900000000000000000000000000000000000BF
:10A1A00000000000000000000000000000000000AF
:10A1B000000000000000000000000000000000009F
:10A1C000000000000000000000000000000000008F
:10A1D000000000000000000000000000000000007F
:10A1E000000000000000000000000000000000006F
:10A1F000000000000000000000000000000000005F
:10A20000000000000000000000000000000000004E
:10A21000000000000000000000000000000000003E
:10A22000000000000000000000000000000000002E
:10A23000000000000000000000000000000000001E
:10A24000000000000000000000000000000000000E
:10A2500000000000000000000000000000000000FE
:10A2600000000000000000000000000000000000EE
:10A2700000000000000000000000000000000000DE
:10A2800000000000000000000000000000000000CE
:10A2900000000000000000000000000000000000BE
:10A2A00000000000000000000000000000000000AE
:10A2B000000000000000000000000000000000009E
:10A2C000000000000000000000000000000000008E
:10A2D000000000000000000000000000000000007E
:10A2E000000000000000000000000000000000006E
:10A2F000000000000000000000000000000000005E
:10A30000000000000000000000000000000000004D
:10A31000000000000000000000000000000000003D
:10A32000000000000000000000000000000000002D
:10A33000000000000000000000000000000000001D
:10A34000000000000000000000000000000000000D
:10A3500000000000000000000000000000000000FD
:10A3600000000000000000000000000000000000ED
:10A3700000000000000000000000000000000000DD
:10A3800000000000000000000000000000000000CD
:10A3900000000000000000000000000000000000BD
:10A3A00000000000000000000000000000000000AD
:10A3B000000000000000000000000000000000009D
:10A3C000000000000000000000000000000000008D
:10A3D000000000000000000000000000000000007D
:10A3E000000000000000000000000000000000006D
:10A3F000000000000000000000000000000000005D
:10A40000000000000000000000000000000000004C
:10A41000000000000000000000000000000000003C
:10A42000000000000000000000000000000000002C
:10A43000000000000000000000000000000000001C
:10A44000000000000000000000000000000000000C
:10A4500000000000000000000000000000000000FC
:10A4600000000000000000000000000000000000EC
:10A4700000000000000000000000000000000000DC
:10A4800000000000000000000000000000000000CC
:10A4900000000000000000000000000000000000BC
:10A4A00000000000000000000000000000000000AC
:10A4B000000000000000000000000000000000009C
:10A4C000000000000000000000000000000000008C
:10A4D000000000000000000000000000000000007C
:10A4E000000000000000000000000000000000006C
:10A4F000000000000000000000000000000000005C
:10A50000000000000000000000000000000000004B
:10A51000000000000000000000000000000000003B
:10A52000000000000000000000000000000000002B
:10A53000000000000000000000000000000000001B
:10A54000000000000000000000000000000000000B
:10A5500000000000000000000000000000000000FB
:10A5600000000000000000000000000000000000EB
:10A5700000000000000000000000000000000000DB
:10A5800000000000000000000000000000000000CB
:10A5900000000000000000000000000000000000BB
:10A5A00000000000000000000000000000000000AB
:10A5B000000000000000000000000000000000009B
:10A5C000000000000000000000000000000000008B
:10A5D000000000000000000000000000000000007B
:10A5E000000000000000000000000000000000006B
:10A5F000000000000000000000000000000000005B
:10A60000000000000000000000000000000000004A
:10A61000000000000000000000000000000000003A
:10A62000000000000000000000000000000000002A
:10A63000000000000000000000000000000000001A
:10A64000000000000000000000000000000000000A
:10A6500000000000000000000000000000000000FA
:10A6600000000000000000000000000000000000EA
:10A6700000000000000000000000000000000000DA
:10A6800000000000000000000000000000000000CA
:10A6900000000000000000000000000000000000BA
:10A6A00000000000000000000000000000000000AA
:10A6B000000000000000000000000000000000009A
:10A6C000000000000000000000000000000000008A
:10A6D000000000000000000000000000000000007A
:10A6E000000000000000000000000000000000006A
:10A6F000000000000000000000000000000000005A
:10A700000000000000000000000000000000000049
:10A710000000000000000000000000000000000039
:10A720000000000000000000000000000000000029
:10A730000000000000000000000000000000000019
:10A740000000000000000000000000000000000009
:10A7500000000000000000000000000000000000F9
:10A7600000000000000000000000000000000000E9
:10A7700000000000000000000000000000000000D9
:10A7800000000000000000000000000000000000C9
:10A7900000000000000000000000000000000000B9
:10A7A00000000000000000000000000000000000A9
:10A7B0000000000000000000000000000000000099
:10A7C0000000000000000000000000000000000089
:10A7D0000000000000000000000000000000000079
:10A7E0000000000000000000000000000000000069
:10A7F0000000000000000000000000000000000059
:10A800000000000000000000000000000000000048
:10A810000000000000000000000000000000000038
:10A820000000000000000000000000000000000028
:10A830000000000000000000000000000000000018
:10A840000000000000000000000000000000000008
:10A8500000000000000000000000000000000000F8
:10A8600000000000000000000000000000000000E8
:10A8700000000000000000000000000000000000D8
:10A8800000000000000000000000000000000000C8
:10A8900000000000000000000000000000000000B8
:10A8A00000000000000000000000000000000000A8
:10A8B0000000000000000000000000000000000098
:10A8C0000000000000000000000000000000000088
:10A8D0000000000000000000000000000000000078
:10A8E0000000000000000000000000000000000068
:10A8F0000000000000000000000000000000000058
:10A900000000000000000000000000000000000047
:10A910000000000000000000000000000000000037
:10A920000000000000000000000000000000000027
:10A930000000000000000000000000000000000017
:10A940000000000000000000000000000000000007
:10A9500000000000000000000000000000000000F7
:10A9600000000000000000000000000000000000E7
:10A9700000000000000000000000000000000000D7
:10A9800000000000000000000000000000000000C7
:10A9900000000000000000000000000000000000B7
:10A9A00000000000000000000000000000000000A7
:10A9B0000000000000000000000000000000000097
:10A9C0000000000000000000000000000000000087
:10A9D0000000000000000000000000000000000077
:10A9E0000000000000000000000000000000000067
:10A9F0000000000000000000000000000000000057
:10AA00000000000000000000000000000000000046
:10AA10000000000000000000000000000000000036
:10AA20000000000000000000000000000000000026
:10AA30000000000000000000000000000000000016
:10AA40000000000000000000000000000000000006
:10AA500000000000000000000000000000000000F6
:10AA600000000000000000000000000000000000E6
:10AA700000000000000000000000000000000000D6
:10AA800000000000000000000000000000000000C6
:10AA900000000000000000000000000000000000B6
:10AAA00000000000000000000000000000000000A6
:10AAB0000000000000000000000000000000000096
:10AAC0000000000000000000000000000000000086
:10AAD0000000000000000000000000000000000076
:10AAE0000000000000000000000000000000000066
:10AAF0000000000000000000000000000000000056
:10AB00000000000000000000000000000000000045
:10AB10000000000000000000000000000000000035
:10AB20000000000000000000000000000000000025
:10AB30000000000000000000000000000000000015
:10AB40000000000000000000000000000000000005
:10AB500000000000000000000000000000000000F5
:10AB600000000000000000000000000000000000E5
:10AB700000000000000000000000000000000000D5
:10AB800000000000000000000000000000000000C5
:10AB900000000000000000000000000000000000B5
:10ABA00000000000000000000000000000000000A5
:10ABB0000000000000000000000000000000000095
:10ABC0000000000000000000000000000000000085
:10ABD0000000000000000000000000000000000075
:10ABE0000000000000000000000000000000000065
:10ABF0000000000000000000000000000000000055
:10AC00000000000000000000000000000000000044
:10AC10000000000000000000000000000000000034
:10AC20000000000000000000000000000000000024
:10AC30000000000000000000000000000000000014
:10AC40000000000000000000000000000000000004
:10AC500000000000000000000000000000000000F4
:10AC600000000000000000000000000000000000E4
:10AC700000000000000000000000000000000000D4
:10AC800000000000000000000000000000000000C4
:10AC900000000000000000000000000000000000B4
:10ACA00000000000000000000000000000000000A4
:10ACB0000000000000000000000000000000000094
:10ACC0000000000000000000000000000000000084
:10ACD0000000000000000000000000000000000074
:10ACE0000000000000000000000000000000000064
:10ACF0000000000000000000000000000000000054
:10AD00000000000000000000000000000000000043
:10AD10000000000000000000000000000000000033
:10AD20000000000000000000000000000000000023
:10AD30000000000000000000000000000000000013
:10AD40000000000000000000000000000000000003
:10AD500000000000000000000000000000000000F3
:10AD600000000000000000000000000000000000E3
:10AD700000000000000000000000000000000000D3
:10AD800000000000000000000000000000000000C3
:10AD900000000000000000000000000000000000B3
:10ADA00000000000000000000000000000000000A3
:10ADB0000000000000000000000000000000000093
:10ADC0000000000000000000000000000000000083
:10ADD0000000000000000000000000000000000073
:10ADE0000000000000000000000000000000000063
:10ADF0000000000000000000000000000000000053
:10AE00000000000000000000000000000000000042
:10AE10000000000000000000000000000000000032
:10AE20000000000000000000000000000000000022
:10AE30000000000000000000000000000000000012
:10AE40000000000000000000000000000000000002
:10AE500000000000000000000000000000000000F2
:10AE600000000000000000000000000000000000E2
:10AE700000000000000000000000000000000000D2
:10AE800000000000000000000000000000000000C2
:10AE900000000000000000000000000000000000B2
:10AEA00000000000000000000000000000000000A2
:10AEB0000000000000000000000000000000000092
:10AEC0000000000000000000000000000000000082
:10AED0000000000000000000000000000000000072
:10AEE0000000000000000000000000000000000062
:10AEF0000000000000000000000000000000000052
:10AF00000000000000000000000000000000000041
:10AF10000000000000000000000000000000000031
:10AF20000000000000000000000000000000000021
:10AF30000000000000000000000000000000000011
:10AF40000000000000000000000000000000000001
:10AF500000000000000000000000000000000000F1
:10AF600000000000000000000000000000000000E1
:10AF700000000000000000000000000000000000D1
:10AF800000000000000000000000000000000000C1
:10AF900000000000000000000000000000000000B1
:10AFA00000000000000000000000000000000000A1
:10AFB0000000000000000000000000000000000091
:10AFC0000000000000000000000000000000000081
:10AFD0000000000000000000000000000000000071
:10AFE0000000000000000000000000000000000061
:10AFF0000000000000000000000000000000000051
:10B000000000000000000000000000000000000040
:10B010000000000000000000000000000000002709
:10B020000000000000000000000000000000000020
:10B030000000000000000000000000000000000010
:10B04000000000000000009300000000000000006D
:10B0500000000000000000000000000000000000F0
:10B0600000000000000000000000000000000000E0
:10B0700000000000000000000000000000000000D0
:10B0800000000000000000000000000000000000C0
:10B0900000000000000000000000000000000000B0
:10B0A00000000000000000000000000000000000A0
:10B0B0000000000000000000000000000000000090
:10B0C0000000000000000000000000000000000080
:10B0D0000000000000000000000000000000000070
:10B0E0000000000000000000000000000000000060
:10B0F00000000000000000E7000000000000000069
:10B10000000000000000000000000000000000003F
:10B11000000000000000000000000000000000002F
:10B12000000000000000000000000000000000001F
:10B13000000000000000000000000000000000000F
:10B1400000000000000000000000000000000000FF
:10B150000000000000000000000000000000000BE4
:10B1600000000000000000FF0000000000000000E0
:10B1700000000000000000120000000000000000BD
:10B1800000000000000000000000000000000000BF
:10B1900000000000000000000000000000000000AF
:10B1A000000000000000000000000000000000009F
:10B1B000000000000000000000000000000000008F
:10B1C000000000000000000000000000000000007F
:10B1D000000000000000000000000000000000006F
:10B1E000000000000000000000000000000000005F
:10B1F000000000000000000000000000000000FA55
:10B20000000000000000000200000000000000003C
:10B21000000000000000000000000000000000002E
:10B22000000000000000000A00000000000000F420
:10B23000000000000000000000000000000000000E
:10B2400000000000000000000000000000000009F5
:10B2500000000000000000C6000000000000000028
:10B2600000000000000000000000000000000000DE
:10B2700000000000000000000000000000000000CE
:10B2800000000000000000000000000000000001BD
:10B2900000000000000000000000000000000000AE
:10B2A00000000000000000F00000000000000000AE
:10B2B000000000000000000000000000000000008E
:10B2C000000000000000000000000000000000007E
:10B2D000000000000000000000000000000000006E
:10B2E000000000000000000000000000000000005E
:10B2F000000000000000000000000000000000004E
:10B30000000000000000001400000000000000FC2D
:10B31000000000000000000000000000000000002D
:10B3200000000000000000F800000000000000F530
:10B33000000000000000000000000000000000000D
:10B340000000000000000000000000000000000AF3
:10B3500000000000000000000000000000000000ED
:10B3600000000000000000000000000000000000DD
:10B3700000000000000000000000000000000000CD
:10B3800000000000000000000000000000000000BD
:10B3900000000000000000000000000000000000AD
:10B3A000000000000000000000000000000000009D
:10B3B000000000000000000000000000000000008D
:10B3C000000000000000000000000000000000007D
:10B3D000000000000000000000000000000000006D
:10B3E000000000000000000000000000000000005D
:10B3F0000000000000000000000000000000000746
:10B40000000000000000000000000000000000003C
:10B41000000000000000000000000000000000002C
:10B420000000002B000000000000000000000000F1
:10B43000000000000000000000000000000000000C
:10B440000000000000000000000000F0000000000C
:10B4500000000000000000000000000000000000EC
:10B4600000000000000000000000000000000000DC
:10B4700000000000000000000000000000000000CC
:10B4800000000000000000000000000000000000BC
:10B4900000000000000000000000000000000000AC
:10B4A000000000000000000000000000000000009C
:10B4B000000000000000000000000000000000008C
:10B4C000000000000000000000000000000000007C
:10B4D000000000000000000000000000000000006C
:10B4E000000000000000000000000000000000005C
:10B4F00000000000000000000000000A0000000042
:10B50000000000000000000000000000000000003B
:10B51000000000000000000000000000000000002B
:10B52000000000000000000000000000000000001B
:10B53000000000000000000000000000000000000B
:10B5400000000000000000000000000000000000FB
:10B5500000000000000000000000000000000000EB
:10B560000000002B000000000000000100000000AF
:10B5700000000000000000000000002500000000A6
:10B5800000000000000000000000000000000000BB
:10B5900000000000000000000000000000000000AB
:10B5A000000000000000000000000000000000009B
:10B5B000000000000000000000000000000000008B
:10B5C000000000000000000000000000000000007B
:10B5D000000000000000000000000000000000006B
:10B5E000000000000000000000000000000000005B
:10B5F000000000000000000000000000000000004B
:10B60000000000F900000000000000410000000000
:10B61000000000000000000000000000000000002A
:10B620000000000000000000000000FF000000001B
:10B63000000000BE0000000000000000000000004C
:10B6400000000000000000000000000000000000FA
:10B6500000000010000000000000000900000000D1
:10B6600000000000000000000000000000000000DA
:10B6700000000000000000000000000000000000CA
:10B6800000000000000000000000000000000000BA
:10B690000000007F0000000000000000000000002B
:10B6A0000000000000000000000000260000000074
:10B6B000000000000000000000000000000000008A
:10B6C000000000000000000000000000000000007A
:10B6D000000000000000000000000000000000006A
:10B6E000000000000000000000000000000000005A
:10B6F000000000000000000000000000000000004A
:10B7000000000000000000000000000B000000002E
:10B710000000001500000000000000000000000014
:10B7200000000000000000000000007B000000009E
:10B7300000000015000000000000000000000000F4
:10B7400000000000000000000000000000000000F9
:10B750000000007600000000000000000000000073
:10B7600000000000000000000000000000000000D9
:10B7700000000000000000000000000000000000C9
:10B7800000000000000000000000000000000000B9
:10B7900000000000000000000000000000000000A9
:10B7A0000000000000000000000000000000000099
:10B7B0000000000000000000000000000000000089
:10B7C0000000000000000000000000000000000079
:10B7D0000000000000000000000000000000000069
:10B7E0000000000000000000000000000000000059
:10B7F0000000000000000000000000000000000049
:10B80000000000C400000000000000000000000074
:10B810000000000000000000000000000000000028
:10B82000F400000000000000000000000000000024
:10B830000000000000000000000000000000000008
:10B840000000000000000000810000000000000077
:10B8500000000000000000000000000000000000E8
:10B8600000000000000000000000000000000000D8
:10B8700000000000000000000000000000000000C8
:10B8800000000000000000000000000000000000B8
:10B8900000000000000000000000000000000000A8
:10B8A0000000000000000000000000000000000098
:10B8B0000000000000000000FA000000000000008E
:10B8C0000000000000000000000000000000000078
:10B8D0000000000000000000000000000000000068
:10B8E0000000000000000000000000000000000058
:10B8F0000000000000000000000000000000000048
:10B900000000000000000000000000000000000037
:10B910000000000000000000000000000000000027
:10B920000000000000000000000000000000000017
:10B930000000000000000000000000000000000007
:10B9400000000000000000000000000000000000F7
:10B9500000000000000000000000000000000000E7
:10B9600000000000000000000000000000000000D7
:10B9700000000000000000000000000000000000C7
:10B9800000000000000000000000000000000000B7
:10B990000000000000000000F900000000000000AE
:10B9A0000000000000000000000000000000000097
:10B9B0000000000000000000000000000000000087
:10B9C0000000000000000000000000000000000077
:10B9D0000000000000000000000000000000000067
:10B9E0000000000000000000000000000000000057
:10B9F0000000000000000000000000000000000047
:10BA00000000000000000000000000000000000036
:10BA10000400000000000000000000000000000022
:10BA2000070000000000000000000000000000000F
:10BA30000000000000000000000000000000000006
:10BA400000000000000000000000000000000000F6
:10BA500001000000000000000000000000000000E5
:10BA600000000000000000000000000000000000D6
:10BA700000000000000000000000000000000000C6
:10BA800000000000000000000000000000000000B6
:10BA9000000000000000000008000000000000009E
:10BAA0000000000000000000000000000000000096
:10BAB0000000000000000000000000000000000086
:10BAC0000000000000000000000000000000000076
:10BAD0000000000000000000000000000000000066
:10BAE0000000000000000000000000000000000056
:10BAF0000000000000000000000000000000000046
:10BB00000000000000000000000000000000000035
:10BB10000D00000000000000000000000000000018
:10BB20000000000000000000000000000000000015
:10BB30000000000000000000000000000000000005
:10BB400000000000000000000000000000000000F5
:10BB500000000000000000000000000000000000E5
:10BB600000000000000000000000000000000000D5
:10BB70000000000000000000920000000000000033
:10BB800000000000000000000000000000000000B5
:10BB900000000000000000000000000000000000A5
:10BBA000070000000000000000000000000000008E
:10BBB0000000000000000000000000000000000085
:10BBC0000000000000000000000000000000000075
:10BBD0000000000000000000000000000000000065
:10BBE0000000000000000000000000000000000055
:10BBF0000000000000000000000000000000000045
:10BC00000000000000000000000000000000000034
:10BC10000000000000000000000000000000000024
:10BC20000000000091000000000000000000000083
:10BC30000000000000000000000000000000000004
:10BC400000000000000000000000000008000000EC
:10BC500000000000000000000000000000000000E4
:10BC600000000000000000000000000000000000D4
:10BC700000000000000000000000000000000000C4
:10BC800000000000000000000000000000000000B4
:10BC900000000000000000000000000000000000A4
:10BCA0000000000000000000000000000000000094
:10BCB0000000000000000000000000002400000060
:10BCC0000000000000000000000000000000000074
:10BCD0000000000000000000000000000000000064
:10BCE0000000000000000000000000000000000054
:10BCF0000000000000000000000000000000000044
:10BD00000000000000000000000000000000000033
:10BD10000000000000000000000000000000000023
:10BD20000000000000000000000000000000000013
:10BD30000000000000000000000000000000000003
:10BD400000000000000000000000000000000000F3
:10BD500000000000000000000000000000000000E3
:10BD600000000000000000000000000000000000D3
:10BD700000000000000000000000000000000000C3
:10BD800000000000000000000000000000000000B3
:10BD90000000000000000000000000003A00000069
:10BDA0000000000000000000000000000000000093
:10BDB0000000000000000000000000000000000083
:10BDC0000000000000000000000000000000000073
:10BDD0000000000000000000000000000000000063
:10BDE0000000000000000000000000000000000053
:10BDF0000000000000000000000000000000000043
:10BE00000000000000000000000000000000000032
:10BE100000000000FB000000000000000000000027
:10BE20000000000009000000000000000000000009
:10BE30000000000000000000000000000000000002
:10BE400000000000000000000000000000000000F2
:10BE500000000000EF0000000000000000000000F3
:10BE600000000000000000000000000000000000D2
:10BE700000000000000000000000000000000000C2
:10BE800000000000000000000000000000000000B2
:10BE90000000000000000000000000003200000070
:10BEA0000000000000000000000000000000000092
:10BEB0000000000000000000000000000000000082
:10BEC0000000000000000000000000000000000072
:10BED0000000000000000000000000000000000062
:10BEE0000000000000000000000000000000000052
:10BEF0000000000000000000000000000000000042
:10BF00000000000000000000000000000000000031
:10BF1000000000004C0000000000000000000000D5
:10BF20000000000000000000000000000000000011
:10BF30000000000000000000000000000000000001
:10BF400000000000000000000000000000000000F1
:10BF500000000000000000000000000000000000E1
:10BF600000000000000000000000000000000000D1
:10BF700000000000000000000000000003000000BE
:10BF800000000000000000000000000000000000B1
:10BF900000000000000000000000000000000000A1
:10BFA00000000000FB000000000000000000000096
:10BFB0000000000000000000000000000000000081
:10BFC0000000000000000000000000000000000071
:10BFD0000000000000000000000000000000000061
:10BFE0000000000000000000000000000000000051
:10BFF0000000000000000000000000000000000041
:10C000000000000000000000000000000000000030
:10C010000000000000000000000000000000000020
:10C020000000000000000000000000000000000010
:10C030000000000000000000000000000000000000
:10C0400000000000000000000000000000000000F0
:10C0500000000000000000000000000000000000E0
:10C0600000000000000000000000000000000000D0
:10C0700000000000000000000000000000000000C0
:10C0800000000000000000000000000000000000B0
:10C0900000000000000000000000000000000000A0
:10C0A0000000000000000000000000000000000090
:10C0B0000000000000000000000000000000000080
:10C0C0000000000000000000000000000000000070
:10C0D0000000000000000000000000000000000060
:10C0E0000000000000000000000000000000000050
:10C0F0000000000000000000000000000000000040
:10C10000000000000000000000000000000000002F
:10C11000000000000000000000000000000000001F
:10C12000000000000000000000000000000000000F
:10C1300000000000000000000000000000000000FF
:10C1400000000000000000000000000000000000EF
:10C1500000000000000000000000000000000000DF
:10C1600000000000000000000000000000000000CF
:10C1700000000000000000000000000000000000BF
:10C1800000000000000000000000000000000000AF
:10C19000000000000000000000000000000000009F
:10C1A000000000000000000000000000000000008F
:10C1B000000000000000000000000000000000007F
:10C1C000000000000000000000000000000000006F
:10C1D000000000000000000000000000000000005F
:10C1E000000000000000000000000000000000004F
:10C1F000000000000000000000000000000000003F
:10C20000000000000000000000000000000000002E
:10C21000000000000000000000000000000000001E
:10C22000000000000000000000000000000000000E
:10C2300000000000000000000000000000000000FE
:10C2400000000000000000000000000000000000EE
:10C2500000000000000000000000000000000000DE
:10C2600000000000000000000000000000000000CE
:10C2700000000000000000000000000000000000BE
:10C2800000000000000000000000000000000000AE
:10C29000000000000000000000000000000000009E
:10C2A000000000000000000000000000000000008E
:10C2B000000000000000000000000000000000007E
:10C2C000000000000000000000000000000000006E
:10C2D000000000000000000000000000000000005E
:10C2E000000000000000000000000000000000004E
:10C2F000000000000000000000000000000000003E
:10C30000000000000000000000000000000000002D
:10C31000000000000000000000000000000000001D
:10C32000000000000000000000000000000000000D
:10C3300000000000000000000000000000000000FD
:10C3400000000000000000000000000000000000ED
:10C3500000000000000000000000000000000000DD
:10C3600000000000000000000000000000000000CD
:10C3700000000000000000000000000000000000BD
:10C3800000000000000000000000000000000000AD
:10C39000000000000000000000000000000000009D
:10C3A000000000000000000000000000000000008D
:10C3B000000000000000000000000000000000007D
:10C3C000000000000000000000000000000000006D
:10C3D000000000000000000000000000000000005D
:10C3E000000000000000000000000000000000004D
:10C3F000000000000000000000000000000000003D
:10C40000000000000000000000000000000000002C
:10C41000000000000000000000000000000000001C
:10C42000272B000000000074000000000000000046
:10C4300000000000000000000000000000000000FC
:10C4400000000000000000008D8500000000008753
:10C4500000000000000000000000000000000000DC
:10C4600000000000000000000000000000000000CC
:10C4700000000000000000000000000000000000BC
:10C4800000000000000000000000000000000000AC
:10C49000000000000000000000000000000000009C
:10C4A000000000000000000000000000000000008C
:10C4B000000000000000000000000000000000007C
:10C4C000000000000000000000000000000000006C
:10C4D000000000000000000000000000000000005C
:10C4E000000000000000000000000000000000004C
:10C4F0000000000000000000E4E40000000000D3A1
:10C50000000000000000000000000000000000002B
:10C51000000000000000000000000000000000001B
:10C52000000000000000000000000000000000000B
:10C5300000000000000000000000000000000000FB
:10C5400000000000000000000000000000000000EB
:10C5500000000000000000000000000000000000DB
:10C56000051C0000000000F50000000000000002B3
:10C570000000000000000000060400000000003B76
:10C5800000000000000000000000000000000000AB
:10C59000000000000000000000000000000000009B
:10C5A000000000000000000000000000000000008B
:10C5B000000000000000000000000000000000007B
:10C5C000000000000000000000000000000000006B
:10C5D000000000000000000000000000000000005B
:10C5E000000000000000000000000000000000004B
:10C5F000000000000000000000000000000000003B
:10C60000EAEB0000000000CF00080000000000EF8F
:10C61000000000000000000000000000000000001A
:10C6200000000000000000000A0D0000000000FEF5
:10C630000B2600000000000F0000000000000000BA
:10C6400000000000000000000000000000000000EA
:10C65000F5F300000000000DBCC50000000000CD97
:10C6600000000000000000000000000000000000CA
:10C6700000000000000000000000000000000000BA
:10C6800000000000000000000000000000000000AA
:10C69000FD0100000000000100000000000000009B
:10C6A0000000000000000000F1090000000000EBA5
:10C6B000000000000000000000000000000000007A
:10C6C000000000000000000000000000000000006A
:10C6D000000000000000000000000000000000005A
:10C6E000000000000000000000000000000000004A
:10C6F000000000000000000000000000000000003A
:10C7000000000000000000000C0D000000000017F9
:10C71000F6F70000000000E4000000000000000048
:10C720000000000000000000F9F50000000000EB30
:10C73000F0EA0000000000D9000000000000000046
:10C7400000000000000000000000000000000000E9
:10C750000E0D0000000000150000000000000000A9
:10C7600000000000000000000000000000000000C9
:10C7700000000000000000000000000000000000B9
:10C7800000000000000000000000000000000000A9
:10C790000000000000000000000000000000000099
:10C7A0000000000000000000000000000000000089
:10C7B0000000000000000000000000000000000079
:10C7C0000000000000000000000000000000000069
:10C7D0000000000000000000000000000000000059
:10C7E0000000000000000000000000000000000049
:10C7F0000000000000000000000000000000000039
:10C8000007160000000000610000000000000000AA
:10C810000000000000000000000000000000000018
:10C820000000000000000000000000000000000008
:10C8300000000000000000000000000000000000F8
:10C8400000000000000000000000000000000000E8
:10C8500000000000000000000000000000000000D8
:10C8600000000000000000000000000000000000C8
:10C8700000000000000000000000000000000000B8
:10C8800000000000000000000000000000000000A8
:10C890000000000000000000000000000000000098
:10C8A0000000000000000000000000000000000088
:10C8B0000000000000000000000000000000000078
:10C8C0000000000000000000000000000000000068
:10C8D0000000000000000000000000000000000058
:10C8E0000000000000000000000000000000000048
:10C8F0000000000000000000000000000000000038
:10C900000000000000000000000000000000000027
:10C910000000000000000000000000000000000017
:10C920000000000000000000000000000000000007
:10C9300000000000000000000000000000000000F7
:10C9400000000000000000000000000000000000E7
:10C9500000000000000000000000000000000000D7
:10C9600000000000000000000000000000000000C7
:10C9700000000000000000000000000000000000B7
:10C9800000000000000000000000000000000000A7
:10C990000000000000000000000000000000000097
:10C9A0000000000000000000000000000000000087
:10C9B0000000000000000000000000000000000077
:10C9C0000000000000000000000000000000000067
:10C9D0000000000000000000000000000000000057
:10C9E0000000000000000000000000000000000047
:10C9F0000000000000000000000000000000000037
:10CA00000000000000000000000000000000000026
:10CA10000000000000000000000000000000000016
:10CA20000000000000000000000000000000000006
:10CA300000000000000000000000000000000000F6
:10CA400000000000000000000000000000000000E6
:10CA500000000000000000000000000000000000D6
:10CA600000000000000000000000000000000000C6
:10CA700000000000000000000000000000000000B6
:10CA800000000000000000000000000000000000A6
:10CA90000000000000000000000000000000000096
:10CAA0000000000000000000000000000000000086
:10CAB0000000000000000000000000000000000076
:10CAC0000000000000000000000000000000000066
:10CAD0000000000000000000000000000000000056
:10CAE0000000000000000000000000000000000046
:10CAF0000000000000000000000000000000000036
:10CB00000000000000000000000000000000000025
:10CB10000000000000000000000000000000000015
:10CB20000000000000000000000000000000000005
:10CB300000000000000000000000000000000000F5
:10CB400000000000000000000000000000000000E5
:10CB500000000000000000000000000000000000D5
:10CB600000000000000000000000000000000000C5
:10CB700000000000000000000000000000000000B5
:10CB800000000000000000000000000000000000A5
:10CB90000000000000000000000000000000000095
:10CBA0000000000000000000000000000000000085
:10CBB0000000000000000000000000000000000075
:10CBC0000000000000000000000000000000000065
:10CBD0000000000000000000000000000000000055
:10CBE0000000000000000000000000000000000045
:10CBF0000000000000000000000000000000000035
:10CC00000000000000000000000000000000000024
:10CC10000000000000000000000000000000000014
:10CC200000071200000000000C00000000000000DF
:10CC300000000000000000000000000000000000F4
:10CC400000000000000000000081810000000000E2
:10CC50008400000000000000000000000000000050
:10CC600000000000000000000000000000000000C4
:10CC700000000000000000000000000000000000B4
:10CC800000000000000000000000000000000000A4
:10CC90000000000000000000000000000000000094
:10CCA0000000000000000000000000000000000084
:10CCB000000000000000000000F8DC0000000000A0
:10CCC00095000000000000000000000000000000CF
:10CCD0000000000000000000000000000000000054
:10CCE0000000000000000000000000000000000044
:10CCF0000000000000000000000000000000000034
:10CD00000000000000000000000000000000000023
:10CD10000000000000000000000000000000000013
:10CD20000000000000000000000000000000000003
:10CD300000000000000000000000000000000000F3
:10CD400000000000000000000000000000000000E3
:10CD500000000000000000000000000000000000D3
:10CD600000000000000000000000000000000000C3
:10CD700000000000000000000000000000000000B3
:10CD800000000000000000000000000000000000A3
:10CD900000000000000000000004FF000000000090
:10CDA0003200000000000000000000000000000051
:10CDB0000000000000000000000000000000000073
:10CDC0000000000000000000000000000000000063
:10CDD0000000000000000000000000000000000053
:10CDE0000000000000000000000000000000000043
:10CDF0000000000000000000000000000000000033
:10CE00000000000000000000000000000000000022
:10CE100000FF0600000000001100000000000000FC
:10CE200000FDE20000000000D6000000000000004D
:10CE300000000000000000000000000000000000F2
:10CE400000000000000000000000000000000000E2
:10CE500000010600000000001300000000000000B8
:10CE600000000000000000000000000000000000C2
:10CE700000000000000000000000000000000000B2
:10CE800000000000000000000000000000000000A2
:10CE900000000000000000000008F8000000000092
:10CEA000060000000000000000000000000000007C
:10CEB0000000000000000000000000000000000072
:10CEC0000000000000000000000000000000000062
:10CED0000000000000000000000000000000000052
:10CEE0000000000000000000000000000000000042
:10CEF0000000000000000000000000000000000032
:10CF00000000000000000000000000000000000021
:10CF1000000B0900000000001000000000000000ED
:10CF20000000000000000000000000000000000001
:10CF300000000000000000000000000000000000F1
:10CF400000000000000000000000000000000000E1
:10CF500000000000000000000000000000000000D1
:10CF600000000000000000000000000000000000C1
:10CF70000000000000000000008C93000000000092
:10CF80008100000000000000000000000000000020
:10CF90000000000000000000000000000000000091
:10CFA0000002000000000000CE00000000000000B1
:10CFB0000000000000000000000000000000000071
:10CFC0000000000000000000000000000000000061
:10CFD0000000000000000000000000000000000051
:10CFE0000000000000000000000000000000000041
:10CFF0000000000000000000000000000000000031
:10D000000000000000000000000000000000000020
:10D010000000000000000000000000000000000010
:10D0200000000000000000001500000000000000EB
:10D0300000000000000000000000000000000000F0
:10D0400000000000000000000000000000000000E0
:10D05000FA000000000000000000000000000000D6
:10D0600000000000000000000000000000000000C0
:10D0700000000000000000000000000000000000B0
:10D0800000000000000000000000000000000000A0
:10D090000000000000000000000000000000000090
:10D0A0000000000000000000000000000000000080
:10D0B0000000000000000000000000000000000070
:10D0C0000000000000000000000000000000000060
:10D0D0000000000000000000000000000000000050
:10D0E0000000000000000000000000000000000040
:10D0F0000000000000000000000000000000000030
:10D10000FE00000000000000000000000000000021
:10D11000000000000000000000000000000000000F
:10D1200000000000000000000000000000000000FF
:10D1300000000000000000000000000000000000EF
:10D1400000000000000000000000000000000000DF
:10D1500000000000000000000000000000000000CF
:10D16000000000000000000024000000000000009B
:10D1700002000000000000000000000000000000AD
:10D180002C00000000000000000000000000000073
:10D19000000000000000000000000000000000008F
:10D1A000000000000000000000000000000000007F
:10D1B000000000000000000000000000000000006F
:10D1C000000000000000000000000000000000005F
:10D1D000000000000000000000000000000000004F
:10D1E000000000000000000000000000000000003F
:10D1F000000000000000000000000000000000002F
:10D200000000000000000000F4000000000000002A
:10D2100039000000000000000000000000000000D5
:10D2200000000000000000000000000000000000FE
:10D23000F900000000000000C7000000000000002E
:10D2400000000000000000000000000000000000DE
:10D2500000000000000000001800000000000000B6
:10D2600004000000000000000000000000000000BA
:10D2700000000000000000000000000000000000AE
:10D28000000000000000000000000000000000009E
:10D290000000000000000000780000000000000016
:10D2A000000000000000000000000000000000007E
:10D2B0001D00000000000000000000000000000051
:10D2C000000000000000000000000000000000005E
:10D2D000000000000000000000000000000000004E
:10D2E000000000000000000000000000000000003E
:10D2F000000000000000000000000000000000002E
:10D30000000000000000000000000000000000001D
:10D3100009000000000000000600000000000000FE
:10D3200000000000000000000000000000000000FD
:10D330007F0000000000000013000000000000005B
:10D3400000000000000000000000000000000000DD
:10D350000000000000000000780000000000000055
:10D3600000000000000000000000000000000000BD
:10D3700000000000000000000000000000000000AD
:10D38000000000000000000000000000000000009D
:10D39000000000000000000000000000000000008D
:10D3A000000000000000000000000000000000007D
:10D3B000000000000000000000000000000000006D
:10D3C000000000000000000000000000000000005D
:10D3D000000000000000000000000000000000004D
:10D3E000000000000000000000000000000000003D
:10D3F000000000000000000000000000000000002D
:10D400000000000000000000C60000000000000056
:10D41000000000000000000000000000000000000C
:10D4200000000000000000001F00000000000000DD
:10D4300000000000000000000000000000000000EC
:10D4400000000000000000000000000000000000DC
:10D45000D0000000000000000000000000000000FC
:10D4600000000000000000000000000000000000BC
:10D4700000000000000000000000000000000000AC
:10D48000000000000000000000000000000000009C
:10D49000000000000000000000000000000000008C
:10D4A000000000000000000000000000000000007C
:10D4B000000000000000000000000000000000006C
:10D4C000000000000000000000000000000000005C
:10D4D000000000000000000000000000000000004C
:10D4E000000000000000000000000000000000003C
:10D4F000000000000000000000000000000000002C
:10D500002C000000000000000000000000000000EF
:10D51000000000000000000000000000000000000B
:10D5200000000000000000000000000000000000FB
:10D5300000000000000000000000000000000000EB
:10D5400000000000000000000000000000000000DB
:10D5500000000000000000000000000000000000CB
:10D560000000000000000000F300000000000000C8
:10D5700001000000000000000000000000000000AA
:10D580003D0000000000000000000000000000005E
:10D59000000000000000000000000000000000008B
:10D5A000000000000000000000000000000000007B
:10D5B000000000000000000000000000000000006B
:10D5C000000000000000000000000000000000005B
:10D5D000000000000000000000000000000000004B
:10D5E000000000000000000000000000000000003B
:10D5F000000000000000000000000000000000002B
:10D600000000000000000000E60000000000000034
:10D610007F0000000000000000000000000000008B
:10D6200000000000000000000000000000000000FA
:10D63000FD00000000000000C3000000000000002A
:10D6400000000000000000000000000000000000DA
:10D6500000000000000000002800000000000000A2
:10D66000F7000000000000000000000000000000C3
:10D6700000000000000000000000000000000000AA
:10D68000000000000000000000000000000000009A
:10D690000000000000000000350000000000000055
:10D6A000000000000000000000000000000000007A
:10D6B0000A00000000000000000000000000000060
:10D6C000000000000000000000000000000000005A
:10D6D000000000000000000000000000000000004A
:10D6E000000000000000000000000000000000003A
:10D6F000000000000000000000000000000000002A
:10D700000000000000000000000000000000000019
:10D7100010000000000000001000000000000000E9
:10D7200000000000000000000000000000000000F9
:10D730004000000000000000100000000000000099
:10D7400000000000000000000000000000000000D9
:10D750000000000000000000500000000000000079
:10D7600000000000000000000000000000000000B9
:10D7700000000000000000000000000000000000A9
:10D780000000000000000000000000000000000099
:10D790000000000000000000000000000000000089
:10D7A0000000000000000000000000000000000079
:10D7B0000000000000000000000000000000000069
:10D7C0000000000000000000000000000000000059
:10D7D0000000000000000000000000000000000049
:10D7E0000000000000000000000000000000000039
:10D7F0000000000000000000000000000000000029
:10D800000000000000000000D00000000000000048
:10D810000000000000000000000000000000000008
:10D820000000000000000000009B0000000000005D
:10D8300000000000000000000000000000000000E8
:10D8400000000000000000000000000000000000D8
:10D8500000040000000000000000000000000000C4
:10D8600000000000000000000000000000000000B8
:10D8700000000000000000000000000000000000A8
:10D880000000000000000000000000000000000098
:10D890000000000000000000000000000000000088
:10D8A0000000000000000000000000000000000078
:10D8B0000000000000000000000000000000000068
:10D8C000001D00000000000000000000000000003B
:10D8D0000000000000000000000000000000000048
:10D8E0000000000000000000000000000000000038
:10D8F0000000000000000000000000000000000028
:10D900000000000000000000000000000000000017
:10D910000000000000000000000000000000000007
:10D9200000000000000000000000000000000000F7
:10D9300000000000000000000000000000000000E7
:10D9400000000000000000000000000000000000D7
:10D9500000000000000000000000000000000000C7
:10D9600000000000000000000000000000000000B7
:10D9700000000000000000000000000000000000A7
:10D980000000000000000000000000000000000097
:10D990000000000000000000000000000000000087
:10D9A000002F000000000000000000000000000048
:10D9B0000000000000000000000000000000000067
:10D9C0000000000000000000000000000000000057
:10D9D0000000000000000000000000000000000047
:10D9E0000000000000000000000000000000000037
:10D9F0000000000000000000000000000000000027
:10DA00000000000000000000000000000000000016
:10DA1000000000000000000000F500000000000011
:10DA200000000000000000000025000000000000D1
:10DA300000000000000000000000000000000000E6
:10DA400000000000000000000000000000000000D6
:10DA5000000000000000000000DE000000000000E8
:10DA600000000000000000000000000000000000B6
:10DA700000000000000000000000000000000000A6
:10DA80000000000000000000000000000000000096
:10DA90000000000000000000000000000000000086
:10DAA000003700000000000000000000000000003F
:10DAB0000000000000000000000000000000000066
:10DAC0000000000000000000000000000000000056
:10DAD0000000000000000000000000000000000046
:10DAE0000000000000000000000000000000000036
:10DAF0000000000000000000000000000000000026
:10DB00000000000000000000000000000000000015
:10DB100000000000000000000033000000000000D2
:10DB200000000000000000000000000000000000F5
:10DB300000000000000000000000000000000000E5
:10DB400000000000000000000000000000000000D5
:10DB500000000000000000000000000000000000C5
:10DB600000000000000000000000000000000000B5
:10DB700000000000000000000000000000000000A5
:10DB8000000600000000000000000000000000008F
:10DB90000000000000000000000000000000000085
:10DBA0000000000000000000000200000000000073
:10DBB0000000000000000000000000000000000065
:10DBC0000000000000000000000000000000000055
:10DBD0000000000000000000000000000000000045
:10DBE0000000000000000000000000000000000035
:10DBF0000000000000000000000000000000000025
:10DC00000000000000000000000000000000000014
:10DC10000000000000000000000000000000000004
:10DC2000000000000000000000AC00000000000048
:10DC300000000000000000000000000000000000E4
:10DC400000000000000000000000000000000000D4
:10DC500000F00000000000000000000000000000D4
:10DC600000000000000000000000000000000000B4
:10DC700000000000000000000000000000000000A4
:10DC80000000000000000000000000000000000094
:10DC90000000000000000000000000000000000084
:10DCA0000000000000000000000000000000000074
:10DCB0000000000000000000000000000000000064
:10DCC00000E800000000000000000000000000006C
:10DCD0000000000000000000000000000000000044
:10DCE0000000000000000000000000000000000034
:10DCF0000000000000000000000000000000000024
:10DD00000000000000000000000000000000000013
:10DD10000000000000000000000000000000000003
:10DD200000000000000000000000000000000000F3
:10DD300000000000000000000000000000000000E3
:10DD400000000000000000000000000000000000D3
:10DD500000000000000000000000000000000000C3
:10DD600000000000000000000000000000000000B3
:10DD700000000000000000000000000000000000A3
:10DD80000000000000000000000000000000000093
:10DD90000000000000000000000000000000000083
:10DDA000003C000000000000000000000000000037
:10DDB0000000000000000000000000000000000063
:10DDC0000000000000000000000000000000000053
:10DDD0000000000000000000000000000000000043
:10DDE0000000000000000000000000000000000033
:10DDF0000000000000000000000000000000000023
:10DE00000000000000000000000000000000000012
:10DE1000000000000000000000F000000000000012
:10DE200000000000000000000009000000000000E9
:10DE300000000000000000000000000000000000E2
:10DE400000000000000000000000000000000000D2
:10DE5000000000000000000000F1000000000000D1
:10DE600000000000000000000000000000000000B2
:10DE700000000000000000000000000000000000A2
:10DE80000000000000000000000000000000000092
:10DE90000000000000000000000000000000000082
:10DEA00000FE000000000000000000000000000074
:10DEB0000000000000000000000000000000000062
:10DEC0000000000000000000000000000000000052
:10DED0000000000000000000000000000000000042
:10DEE0000000000000000000000000000000000032
:10DEF0000000000000000000000000000000000022
:10DF00000000000000000000000000000000000011
:10DF100000000000000000000031000000000000D0
:10DF200000000000000000000000000000000000F1
:10DF300000000000000000000000000000000000E1
:10DF400000000000000000000000000000000000D1
:10DF500000000000000000000000000000000000C1
:10DF600000000000000000000000000000000000B1
:10DF700000000000000000000000000000000000A1
:10DF800000EF0000000000000000000000000000A2
:10DF90000000000000000000000000000000000081
:10DFA0000000000000000000000E00000000000063
:10DFB0000000000000000000000000000000000061
:10DFC0000000000000000000000000000000000051
:10DFD0000000000000000000000000000000000041
:10DFE0000000000000000000000000000000000031
:10DFF0000000000000000000000000000000000021
:10E000000000000000000000000000000000000010
:10E010000000000000000000000000000000000000
:10E0200000000000000000000000000000000000F0
:10E0300000000000000000000000000000000000E0
:10E0400000000000000000000000000000000000D0
:10E0500000000000000000000000000000000000C0
:10E0600000000000000000000000000000000000B0
:10E0700000000000000000000000000000000000A0
:10E080000000000000000000000000000000000090
:10E090000000000000000000000000000000000080
:10E0A0000000000000000000000000000000000070
:10E0B0000000000000000000000000000000000060
:10E0C0000000000000000000000000000000000050
:10E0D0000000000000000000000000000000000040
:10E0E0000000000000000000000000000000000030
:10E0F0000000000000000000000000000000000020
:10E10000000000000000000000000000000000000F
:10E1100000000000000000000000000000000000FF
:10E1200000000000000000000000000000000000EF
:10E1300000000000000000000000000000000000DF
:10E1400000000000000000000000000000000000CF
:10E1500000000000000000000000000000000000BF
:10E1600000000000000000000000000000000000AF
:10E17000000000000000000000000000000000009F
:10E18000000000000000000000000000000000008F
:10E19000000000000000000000000000000000007F
:10E1A000000000000000000000000000000000006F
:10E1B000000000000000000000000000000000005F
:10E1C000000000000000000000000000000000004F
:10E1D000000000000000000000000000000000003F
:10E1E000000000000000000000000000000000002F
:10E1F000000000000000000000000000000000001F
:10E20000000000000000000000000000000000000E
:10E2100000000000000000000000000000000000FE
:10E2200000000000000000000000000000000000EE
:10E2300000000000000000000000000000000000DE
:10E2400000000000000000000000000000000000CE
:10E2500000000000000000000000000000000000BE
:10E2600000000000000000000000000000000000AE
:10E27000000000000000000000000000000000009E
:10E28000000000000000000000000000000000008E
:10E29000000000000000000000000000000000007E
:10E2A000000000000000000000000000000000006E
:10E2B000000000000000000000000000000000005E
:10E2C000000000000000000000000000000000004E
:10E2D000000000000000000000000000000000003E
:10E2E000000000000000000000000000000000002E
:10E2F000000000000000000000000000000000001E
:10E30000000000000000000000000000000000000D
:10E3100000000000000000000000000000000000FD
:10E3200000000000000000000000000000000000ED
:10E3300000000000000000000000000000000000DD
:10E3400000000000000000000000000000000000CD
:10E3500000000000000000000000000000000000BD
:10E3600000000000000000000000000000000000AD
:10E37000000000000000000000000000000000009D
:10E38000000000000000000000000000000000008D
:10E39000000000000000000000000000000000007D
:10E3A000000000000000000000000000000000006D
:10E3B000000000000000000000000000000000005D
:10E3C000000000000000000000000000000000004D
:10E3D000000000000000000000000000000000003D
:10E3E000000000000000000000000000000000002D
:10E3F000000000000000000000000000000000001D
:10E40000000000000000000000000000000000000C
:10E4100000000000000000000000000000000000FC
:10E4200000000000000000000000002500000000C7
:10E4300000000000000000000000000000000000DC
:10E4400000000000000000000000000000000000CC
:10E450000000009700000000000000000000000025
:10E4600000000000000000000000000000000000AC
:10E47000000000000000000000000000000000009C
:10E48000000000000000000000000000000000008C
:10E49000000000000000000000000000000000007C
:10E4A000000000000000000000000000000000006C
:10E4B000000000000000000000000000000000005C
:10E4C000000000000000000000000000000000004C
:10E4D000000000000000000000000000000000003C
:10E4E000000000000000000000000000000000002C
:10E4F000000000000000000000000000000000001C
:10E50000000000F200000000000000000000000019
:10E5100000000000000000000000000000000000FB
:10E5200000000000000000000000000000000000EB
:10E5300000000000000000000000000000000000DB
:10E5400000000000000000000000000000000000CB
:10E5500000000000000000000000000000000000BB
:10E5600000000000000000000000000400000000A7
:10E57000000000010000000000000000000000009A
:10E580000000000600000000000000000000000085
:10E59000000000000000000000000000000000007B
:10E5A000000000000000000000000000000000006B
:10E5B000000000000000000000000000000000005B
:10E5C000000000000000000000000000000000004B
:10E5D000000000000000000000000000000000003B
:10E5E000000000000000000000000000000000002B
:10E5F000000000000000000000000000000000001B
:10E600000000000000000000000000FA0000000010
:10E6100000000002000000000000000000000000F8
:10E6200000000000000000000000000000000000EA
:10E6300000000009000000000000000200000000CF
:10E6400000000000000000000000000000000000CA
:10E650000000000000000000000000FF00000000BB
:10E66000000000B6000000000000000000000000F4
:10E67000000000000000000000000000000000009A
:10E68000000000000000000000000000000000008A
:10E690000000000000000000000000FF000000007B
:10E6A000000000000000000000000000000000006A
:10E6B000000000FA00000000000000000000000060
:10E6C000000000000000000000000000000000004A
:10E6D000000000000000000000000000000000003A
:10E6E000000000000000000000000000000000002A
:10E6F000000000000000000000000000000000001A
:10E700000000000000000000000000000000000009
:10E710000000000C00000000000000FE00000000EF
:10E7200000000000000000000000000000000000E9
:10E73000000000F700000000000000F700000000EB
:10E7400000000000000000000000000000000000C9
:10E7500000000000000000000000000B00000000AE
:10E7600000000000000000000000000000000000A9
:10E770000000000000000000000000000000000099
:10E780000000000000000000000000000000000089
:10E790000000000000000000000000000000000079
:10E7A0000000000000000000000000000000000069
:10E7B0000000000000000000000000000000000059
:10E7C0000000000000000000000000000000000049
:10E7D0000000000000000000000000000000000039
:10E7E0000000000000000000000000000000000029
:10E7F0000000000000000000000000000000000019
:10E800000000000000000000000000FF0000000009
:10E8100000000000000000000000000000000000F8
:10E8200000000000000000000000000000000000E8
:10E8300000000000000000000000000000000000D8
:10E8400000000000000000000000000000000000C8
:10E8500000000000000000000000000000000000B8
:10E8600000000000000000000000000000000000A8
:10E870000000000000000000000000000000000098
:10E880000000000000000000000000000000000088
:10E890000000000000000000000000000000000078
:10E8A0000000000000000000000000000000000068
:10E8B0000000000000000000000000000000000058
:10E8C0000000000000000000000000000000000048
:10E8D0000000000000000000000000000000000038
:10E8E0000000000000000000000000000000000028
:10E8F0000000000000000000000000000000000018
:10E900000000000000000000000000000000000007
:10E9100000000000000000000000000000000000F7
:10E9200000000000000000000000000000000000E7
:10E9300000000000000000000000000000000000D7
:10E9400000000000000000000000000000000000C7
:10E9500000000000000000000000000000000000B7
:10E9600000000000000000000000000000000000A7
:10E970000000000000000000000000000000000097
:10E980000000000000000000000000000000000087
:10E990000000000000000000000000000000000077
:10E9A0000000000000000000000000000000000067
:10E9B0000000000000000000000000000000000057
:10E9C0000000000000000000000000000000000047
:10E9D0000000000000000000000000000000000037
:10E9E0000000000000000000000000000000000027
:10E9F0000000000000000000000000000000000017
:10EA00000000000000000000000000000000000006
:10EA100000000000000000000000000000000000F6
:10EA200000000000000000000000000000000000E6
:10EA300000000000000000000000000000000000D6
:10EA400000000000000000000000000000000000C6
:10EA500000000000000000000000000000000000B6
:10EA600000000000000000000000000000000000A6
:10EA70000000000000000000000000000000000096
:10EA80000000000000000000000000000000000086
:10EA90000000000000000000000000000000000076
:10EAA0000000000000000000000000000000000066
:10EAB0000000000000000000000000000000000056
:10EAC0000000000000000000000000000000000046
:10EAD0000000000000000000000000000000000036
:10EAE0000000000000000000000000000000000026
:10EAF0000000000000000000000000000000000016
:10EB00000000000000000000000000000000000005
:10EB100000000000000000000000000000000000F5
:10EB200000000000000000000000000000000000E5
:10EB300000000000000000000000000000000000D5
:10EB400000000000000000000000000000000000C5
:10EB500000000000000000000000000000000000B5
:10EB600000000000000000000000000000000000A5
:10EB70000000000000000000000000000000000095
:10EB80000000000000000000000000000000000085
:10EB90000000000000000000000000000000000075
:10EBA0000000000000000000000000000000000065
:10EBB0000000000000000000000000000000000055
:10EBC0000000000000000000000000000000000045
:10EBD0000000000000000000000000000000000035
:10EBE0000000000000000000000000000000000025
:10EBF0000000000000000000000000000000000015
:10EC00000000000000000000000000000000000004
:10EC100000000000000000000000000000000000F4
:10EC2000000000000000000000000000FE000000E6
:10EC300000000000000000000000000000000000D4
:10EC400000000000000000000000000000000000C4
:10EC50000000000081000000000000000000000033
:10EC600000000000000000000000000000000000A4
:10EC70000000000000000000000000000000000094
:10EC80000000000000000000000000000000000084
:10EC90000000000000000000000000000000000074
:10ECA0000000000000000000000000000000000064
:10ECB0000000000000000000000000000000000054
:10ECC00000000000FE000000000000000000000046
:10ECD0000000000000000000000000000000000034
:10ECE0000000000000000000000000000000000024
:10ECF0000000000000000000000000000000000014
:10ED00000000000000000000000000000000000003
:10ED100000000000000000000000000000000000F3
:10ED200000000000000000000000000000000000E3
:10ED300000000000000000000000000000000000D3
:10ED400000000000000000000000000000000000C3
:10ED500000000000000000000000000000000000B3
:10ED600000000000000000000000000000000000A3
:10ED70000000000000000000000000000000000093
:10ED80000000000000000000000000000000000083
:10ED90000000000000000000000000000000000073
:10EDA00000000000FB000000000000000000000068
:10EDB0000000000000000000000000000000000053
:10EDC0000000000000000000000000000000000043
:10EDD0000000000000000000000000000000000033
:10EDE0000000000000000000000000000000000023
:10EDF0000000000000000000000000000000000013
:10EE00000000000000000000000000000000000002
:10EE1000000000000000000000000000FF000000F3
:10EE200000000000000000000000000008000000DA
:10EE300000000000000000000000000000000000D2
:10EE400000000000000000000000000000000000C2
:10EE5000000000000000000000000000FE000000B4
:10EE600000000000000000000000000000000000A2
:10EE70000000000000000000000000000000000092
:10EE80000000000000000000000000000000000082
:10EE90000000000000000000000000000000000072
:10EEA000000000000600000000000000000000005C
:10EEB0000000000000000000000000000000000052
:10EEC0000000000000000000000000000000000042
:10EED0000000000000000000000000000000000032
:10EEE0000000000000000000000000000000000022
:10EEF0000000000000000000000000000000000012
:10EF00000000000000000000000000000000000001
:10EF10000000000000000000000000000B000000E6
:10EF200000000000000000000000000000000000E1
:10EF300000000000000000000000000000000000D1
:10EF400000000000000000000000000000000000C1
:10EF500000000000000000000000000000000000B1
:10EF600000000000000000000000000000000000A1
:10EF70000000000000000000000000000000000091
:10EF800000000000900000000000000000000000F1
:10EF90000000000000000000000000000000000071
:10EFA000000000000000000000000000040000005D
:10EFB0000000000000000000000000000000000051
:10EFC0000000000000000000000000000000000041
:10EFD0000000000000000000000000000000000031
:10EFE0000000000000000000000000000000000021
:10EFF0000000000000000000000000000000000011
:10F000000000000000000000000000000000000000
:10F0100000000000000000000000000000000000F0
:10F0200000000000000000000000000000000000E0
:10F0300000000000000000000000000000000000D0
:10F0400000000000000000000000000000000000C0
:10F0500000000000000000000000000000000000B0
:10F0600000000000000000000000000000000000A0
:10F070000000000000000000000000000000000090
:10F080000000000000000000000000000000000080
:10F090000000000000000000000000000000000070
:10F0A0000000000000000000000000000000000060
:10F0B0000000000000000000000000000000000050
:10F0C0000000000000000000000000000000000040
:10F0D0000000000000000000000000000000000030
:10F0E0000000000000000000000000000000000020
:10F0F0000000000000000000000000000000000010
:10F1000000000000000000000000000000000000FF
:10F1100000000000000000000000000000000000EF
:10F1200000000000000000000000000000000000DF
:10F1300000000000000000000000000000000000CF
:10F1400000000000000000000000000000000000BF
:10F1500000000000000000000000000000000000AF
:10F16000000000000000000000000000000000009F
:10F17000000000000000000000000000000000008F
:10F18000000000000000000000000000000000007F
:10F19000000000000000000000000000000000006F
:10F1A000000000000000000000000000000000005F
:10F1B000000000000000000000000000000000004F
:10F1C000000000000000000000000000000000003F
:10F1D000000000000000000000000000000000002F
:10F1E000000000000000000000000000000000001F
:10F1F000000000000000000000000000000000000F
:10F2000000000000000000000000000000000000FE
:10F2100000000000000000000000000000000000EE
:10F2200000000000000000000000000000000000DE
:10F2300000000000000000000000000000000000CE
:10F2400000000000000000000000000000000000BE
:10F2500000000000000000000000000000000000AE
:10F26000000000000000000000000000000000009E
:10F27000000000000000000000000000000000008E
:10F28000000000000000000000000000000000007E
:10F29000000000000000000000000000000000006E
:10F2A000000000000000000000000000000000005E
:10F2B000000000000000000000000000000000004E
:10F2C000000000000000000000000000000000003E
:10F2D000000000000000000000000000000000002E
:10F2E000000000000000000000000000000000001E
:10F2F000000000000000000000000000000000000E
:10F3000000000000000000000000000000000000FD
:10F3100000000000000000000000000000000000ED
:10F3200000000000000000000000000000000000DD
:10F3300000000000000000000000000000000000CD
:10F3400000000000000000000000000000000000BD
:10F3500000000000000000000000000000000000AD
:10F36000000000000000000000000000000000009D
:10F37000000000000000000000000000000000008D
:10F38000000000000000000000000000000000007D
:10F39000000000000000000000000000000000006D
:10F3A000000000000000000000000000000000005D
:10F3B000000000000000000000000000000000004D
:10F3C000000000000000000000000000000000003D
:10F3D000000000000000000000000000000000002D
:10F3E000000000000000000000000000000000001D
:10F3F000000000000000000000000000000000000D
:10F4000000000000000000000000000000000000FC
:10F4100000000000000000000000000000000000EC
:10F420000000000000000023000000460000000073
:10F4300000000000000000000000000000000000CC
:10F44000000000000000000000000000000000E2DA
:10F45000000000B2000000000000000000000000FA
:10F46000000000000000000000000000000000009C
:10F47000000000000000000000000000000000008C
:10F48000000000000000000000000000000000007C
:10F49000000000000000000000000000000000006C
:10F4A000000000000000000000000000000000005C
:10F4B000000000000000000000000000000000004C
:10F4C000000000000000000000000000000000003C
:10F4D000000000000000000000000000000000002C
:10F4E000000000000000000000000000000000001C
:10F4F0000000000000000000000000000000000A02
:10F5000000000051000000000000000000000000AA
:10F5100000000000000000000000000000000000EB
:10F5200000000000000000000000000000000000DB
:10F5300000000000000000000000000000000000CB
:10F5400000000000000000000000000000000000BB
:10F5500000000000000000000000000000000000AB
:10F56000000000000000004700000028000000FF2D
:10F570000000000100000000000000000000000B7F
:10F580000000002900000000000000000000000052
:10F59000000000000000000000000000000000006B
:10F5A000000000000000000000000000000000005B
:10F5B000000000000000000000000000000000004B
:10F5C000000000000000000000000000000000003B
:10F5D000000000000000000000000000000000002B
:10F5E000000000000000000000000000000000001B
:10F5F000000000000000000000000000000000000B
:10F600000000000000000008000000EA000000D632
:10F61000000000A200000000000000000000000048
:10F6200000000000000000000000000000000000DA
:10F63000000000FC000000EF000000DF0000000000
:10F6400000000000000000000000000000000000BA
:10F650000000000000000009000000FC000000F2B3
:10F66000000000F9000000000000000000000000A1
:10F67000000000000000000000000000000000008A
:10F68000000000000000000000000000000000007A
:10F6900000000000000000FB0000008500000000EA
:10F6A000000000000000000000000000000000F862
:10F6B000000000E600000000000000000000000064
:10F6C000000000000000000000000000000000003A
:10F6D000000000000000000000000000000000002A
:10F6E000000000000000000000000000000000001A
:10F6F000000000000000000000000000000000000A
:10F70000000000000000000000000000000000F603
:10F71000000000F9000000F7000000E70000000012
:10F72000000000000000000000000000000000FADF
:10F73000000000C0000000ED000000EE000000002E
:10F7400000000000000000000000000000000000B9
:10F75000000000000000000E0000009E00000000FD
:10F760000000000000000000000000000000000099
:10F770000000000000000000000000000000000089
:10F780000000000000000000000000000000000079
:10F790000000000000000000000000000000000069
:10F7A0000000000000000000000000000000000059
:10F7B0000000000000000000000000000000000049
:10F7C0000000000000000000000000000000000039
:10F7D0000000000000000000000000000000000029
:10F7E0000000000000000000000000000000000019
:10F7F0000000000000000000000000000000000009
:10F800000000000000000023000000CE0000000007
:10F8100000000000000000000000000000000000E8
:10F8200000000000000000000000000000000000D8
:10F8300000000000000000000000000000000000C8
:10F8400000000000000000000000000000000000B8
:10F8500000000000000000000000000000000000A8
:10F860000000000000000000000000000000000098
:10F870000000000000000000000000000000000088
:10F880000000000000000000000000000000000078
:10F890000000000000000000000000000000000068
:10F8A0000000000000000000000000000000000058
:10F8B0000000000000000000000000000000000048
:10F8C0000000000000000000000000000000000038
:10F8D0000000000000000000000000000000000028
:10F8E0000000000000000000000000000000000018
:10F8F0000000000000000000000000000000000008
:10F9000000000000000000000000000000000000F7
:10F9100000000000000000000000000000000000E7
:10F9200000000000000000000000000000000000D7
:10F9300000000000000000000000000000000000C7
:10F9400000000000000000000000000000000000B7
:10F9500000000000000000000000000000000000A7
:10F960000000000000000000000000000000000097
:10F970000000000000000000000000000000000087
:10F980000000000000000000000000000000000077
:10F990000000000000000000000000000000000067
:10F9A0000000000000000000000000000000000057
:10F9B0000000000000000000000000000000000047
:10F9C0000000000000000000000000000000000037
:10F9D0000000000000000000000000000000000027
:10F9E0000000000000000000000000000000000017
:10F9F0000000000000000000000000000000000007
:10FA000000000000000000000000000000000000F6
:10FA100000000000000000000000000000000000E6
:10FA200000000000000000000000000000000000D6
:10FA300000000000000000000000000000000000C6
:10FA400000000000000000000000000000000000B6
:10FA500000000000000000000000000000000000A6
:10FA60000000000000000000000000000000000096
:10FA70000000000000000000000000000000000086
:10FA80000000000000000000000000000000000076
:10FA90000000000000000000000000000000000066
:10FAA0000000000000000000000000000000000056
:10FAB0000000000000000000000000000000000046
:10FAC0000000000000000000000000000000000036
:10FAD0000000000000000000000000000000000026
:10FAE0000000000000000000000000000000000016
:10FAF0000000000000000000000000000000000006
:10FB000000000000000000000000000000000000F5
:10FB100000000000000000000000000000000000E5
:10FB200000000000000000000000000000000000D5
:10FB300000000000000000000000000000000000C5
:10FB400000000000000000000000000000000000B5
:10FB500000000000000000000000000000000000A5
:10FB60000000000000000000000000000000000095
:10FB70000000000000000000000000000000000085
:10FB80000000000000000000000000000000000075
:10FB90000000000000000000000000000000000065
:10FBA0000000000000000000000000000000000055
:10FBB0000000000000000000000000000000000045
:10FBC0000000000000000000000000000000000035
:10FBD0000000000000000000000000000000000025
:10FBE0000000000000000000000000000000000015
:10FBF0000000000000000000000000000000000005
:10FC000000000000000000000000000000000000F4
:10FC100000000000000000000000000000000000E4
:10FC20000000000000000000F7000000CD00000010
:10FC300000000000000000000000000000000000C4
:10FC400000000000000000000000000000000000B4
:10FC5000E4000000E60000000000000000000000DA
:10FC60000000000000000000000000000000000094
:10FC70000000000000000000000000000000000084
:10FC80000000000000000000000000000000000074
:10FC90000000000000000000000000000000000064
:10FCA0000000000000000000000000000000000054
:10FCB0000000000000000000000000000000000044
:10FCC0008100000081000000000000000000000032
:10FCD0000000000000000000000000000000000024
:10FCE0000000000000000000000000000000000014
:10FCF0000000000000000000000000000000000004
:10FD000000000000000000000000000000000000F3
:10FD100000000000000000000000000000000000E3
:10FD200000000000000000000000000000000000D3
:10FD300000000000000000000000000000000000C3
:10FD400000000000000000000000000000000000B3
:10FD500000000000000000000000000000000000A3
:10FD60000000000000000000000000000000000093
:10FD70000000000000000000000000000000000083
:10FD80000000000000000000000000000000000073
:10FD90000000000000000000000000000000000063
:10FDA000240000000B000000000000000000000024
:10FDB0000000000000000000000000000000000043
:10FDC0000000000000000000000000000000000033
:10FDD0000000000000000000000000000000000023
:10FDE0000000000000000000000000000000000013
:10FDF0000000000000000000000000000000000003
:10FE000000000000000000000000000000000000F2
:10FE100000000000000000000200000018000000C8
:10FE20000000000000000000D8000000D600000024
:10FE300000000000000000000000000000000000C2
:10FE400000000000000000000000000000000000B2
:10FE5000000000000000000004000000120000008C
:10FE60000000000000000000000000000000000092
:10FE70000000000000000000000000000000000082
:10FE80000000000000000000000000000000000072
:10FE90000000000000000000000000000000000062
:10FEA000FD0000008E0000000000000000000000C7
:10FEB0000000000000000000000000000000000042
:10FEC0000000000000000000000000000000000032
:10FED0000000000000000000000000000000000022
:10FEE0000000000000000000000000000000000012
:10FEF0000000000000000000000000000000000002
:10FF000000000000000000000000000000000000F1
:10FF100000000000000000000A0000004700000090
:10FF200000000000000000000000000000000000D1
:10FF300000000000000000000000000000000000C1
:10FF400000000000000000000000000000000000B1
:10FF500000000000000000000000000000000000A1
:10FF60000000000000000000000000000000000091
:10FF70000000000000000000000000000000000081
:10FF8000F6000000DE00000000000000000000009D
:10FF90000000000000000000000000000000000061
:10FFA0000000000000000000EB0000003000000036
:10FFB0000000000000000000000000000000000041
:10FFC0000000000000000000000000000000000031
:10FFD0000000000000000000000000000000000021
:10FFE0000000000000000000000000000000000011
:10FFF0000000000000000000000000000000000001
:02000004710188
:1000000000000000000000000000000000000000F0
:1000100000000000000000000000000000000000E0
:10002000000000000000000000CB00000000EA001B
:1000300000000000000000000000000000000000C0
:1000400000000000000000000000000000000000B0
:10005000000400000000FB000000000000000000A1
:10006000000000000000000000000000000002008E
:100070000000000000000000000000000000000080
:100080000000000000000000000000000000000070
:100090000000000000000000000000000000000060
:1000A0000000000000000000000000000000000050
:1000B0000000000000000000000000000000000040
:1000C0000000000000000000000000000000000030
:1000D0000000000000000000000000000000000020
:1000E0000000000000000000000000000000000010
:1000F0000000000000000000000000000000000000
:1001000000000000000000000000000000000000EF
:1001100000000000000000000000000000000000DF
:1001200000000000000000000000000000000000CF
:100130000000000000000000004600000000380041
:10014000000B000000003B00000000000000000069
:10015000000000000000000000000000000000009F
:10016000000000000000000000000000000000008F
:100170000000000000000000001900000000D30093
:10018000000000000000000000000000000000006F
:10019000000000000000000000000000000000005F
:1001A000000000000000000000FA000000000E0047
:1001B000000000000000000000000000000000003F
:1001C0000016000000007F0000000000000000009A
:1001D000000000000000000000000000000000001F
:1001E000000000000000000000000000000000000F
:1001F000000000000000000000FF00000000000000
:10020000000000000000000000EC00000000C4003E
:1002100000000000000000000000000000000000DE
:1002200000000000000000000000000000000000CE
:1002300000000000000000000000000000000000BE
:1002400000000000000000000005000000000900A0
:10025000000000000000000000000000000000009E
:10026000000000000000000000000000000000008E
:10027000000000000000000000000000000000007E
:10028000001700000000E500007F0000000056009D
:10029000000000000000000000000000000000005E
:1002A000000000000000000000000000000000004E
:1002B000000000000000000000000000000000003E
:1002C000000000000000000000000000000000002E
:1002D0000000000000000000002D000000003700BA
:1002E000000000000000000000000000000000000E
:1002F0000000000000000000001100000000B1003C
:10030000002C00000000270000000000000000009A
:1003100000000000000000000000000000000000DD
:10032000000000000000000000FF000000000000CE
:1003300000000000000000000000000000000000BD
:100340000000000000000000003D00000000290047
:10035000000000000000000000000000000000009D
:10036000000000000000000000000000000000008D
:10037000000A00000000470000000000000000002C
:10038000000000000000000000FD000000000D0063
:100390000000000000000000000800000000020053
:1003A00000250000000050000000000000000000D8
:1003B000000000000000000000000000000000003D
:1003C000000000000000000000000000000000002D
:1003D00000220000000022000000000000000000D9
:1003E0000000000000000000004300000000720058
:1003F00000000000000000000005000000000300F5
:1004000000000000000000000000000000000000EC
:10041000000000000000000000F100000000F200F9
:1004200000000000000000000000000000000000CC
:1004300000000000000000000000000000000000BC
:1004400000000000000000000000000000000000AC
:10045000000000000000000000000000000000009C
:10046000000000000000000000000000000000008C
:10047000000000000000000000000000000000007C
:10048000000000000000000000000000000000006C
:10049000000000000000000000000000000000005C
:1004A000000000000000000000000000000000004C
:1004B000000000000000000000000000000000003C
:1004C000000000000000000000000000000000002C
:1004D000000000000000000000000000000000001C
:1004E000000000000000000000000000000000000C
:1004F00000000000000000000000000000000000FC
:1005000000000000000000000000000000000000EB
:1005100000000000000000000000000000000000DB
:1005200000000000000000000000000000000000CB
:1005300000000000000000000000000000000000BB
:1005400000000000000000000000000000000000AB
:10055000000000000000000000000000000000009B
:10056000000000000000000000000000000000008B
:10057000000000000000000000000000000000007B
:10058000000000000000000000000000000000006B
:10059000000000000000000000000000000000005B
:1005A000000000000000000000000000000000004B
:1005B000000000000000000000000000000000003B
:1005C000000000000000000000000000000000002B
:1005D000000000000000000000000000000000001B
:1005E000000000000000000000000000000000000B
:1005F00000000000000000000000000000000000FB
:1006000000000000000000000000000000000000EA
:1006100000000000000000000000000000000000DA
:1006200000000000000000000000000000000000CA
:1006300000000000000000000000000000000000BA
:1006400000000000000000000000000000000000AA
:10065000000000000000000000000000000000009A
:10066000000000000000000000000000000000008A
:10067000000000000000000000000000000000007A
:10068000000000000000000000000000000000006A
:10069000000000000000000000000000000000005A
:1006A000000000000000000000000000000000004A
:1006B000000000000000000000000000000000003A
:1006C000000000000000000000000000000000002A
:1006D000000000000000000000000000000000001A
:1006E000000000000000000000000000000000000A
:1006F00000000000000000000000000000000000FA
:1007000000000000000000000000000000000000E9
:1007100000000000000000000000000000000000D9
:1007200000000000000000000000000000000000C9
:1007300000000000000000000000000000000000B9
:1007400000000000000000000000000000000000A9
:100750000000000000000000000000000000000099
:100760000000000000000000000000000000000089
:100770000000000000000000000000000000000079
:100780000000000000000000000000000000000069
:100790000000000000000000000000000000000059
:1007A0000000000000000000000000000000000049
:1007B0000000000000000000000000000000000039
:1007C0000000000000000000000000000000000029
:1007D0000000000000000000000000000000000019
:1007E0000000000000000000000000000000000009
:1007F00000000000000000000000000000000000F9
:1008000000000000000000000000000000000000E8
:1008100000000000000000000000000000000000D8
:1008200000000000000000000000000000000000C8
:1008300000000000000000000000000000000000B8
:1008400000000000000000000000000000000000A8
:100850000000000000000000000000000000000098
:100860000000000000000000000000000000000088
:100870000000000000000000000000000000000078
:100880000000000000000000000000000000000068
:100890000000000000000000000000000000000058
:1008A0000000000000000000000000000000000048
:1008B0000000000000000000000000000000000038
:1008C0000000000000000000000000000000000028
:1008D0000000000000000000000000000000000018
:1008E0000000000000000000000000000000000008
:1008F00000000000000000000000000000000000F8
:1009000000000000000000000000000000000000E7
:1009100000000000000000000000000000000000D7
:1009200000000000000000000000000000000000C7
:1009300000000000000000000000000000000000B7
:1009400000000000000000000000000000000000A7
:100950000000000000000000000000000000000097
:100960000000000000000000000000000000000087
:100970000000000000000000000000000000000077
:100980000000000000000000000000000000000067
:100990000000000000000000000000000000000057
:1009A0000000000000000000000000000000000047
:1009B0000000000000000000000000000000000037
:1009C0000000000000000000000000000000000027
:1009D0000000000000000000000000000000000017
:1009E0000000000000000000000000000000000007
:1009F00000000000000000000000000000000000F7
:100A000000000000000000000000000000000000E6
:100A100000000000000000000000000000000000D6
:100A200000000000000000000000000000000000C6
:100A300000000000000000000000000000000000B6
:100A400000000000000000000000000000000000A6
:100A50000000000000000000000000000000000096
:100A60000000000000000000000000000000000086
:100A70000000000000000000000000000000000076
:100A80000000000000000000000000000000000066
:100A90000000000000000000000000000000000056
:100AA0000000000000000000000000000000000046
:100AB0000000000000000000000000000000000036
:100AC0000000000000000000000000000000000026
:100AD0000000000000000000000000000000000016
:100AE0000000000000000000000000000000000006
:100AF00000000000000000000000000000000000F6
:100B000000000000000000000000000000000000E5
:100B100000000000000000000000000000000000D5
:100B200000000000000000000000000000000000C5
:100B300000000000000000000000000000000000B5
:100B400000000000000000000000000000000000A5
:100B50000000000000000000000000000000000095
:100B60000000000000000000000000000000000085
:100B70000000000000000000000000000000000075
:100B80000000000000000000000000000000000065
:100B90000000000000000000000000000000000055
:100BA0000000000000000000000000000000000045
:100BB0000000000000000000000000000000000035
:100BC0000000000000000000000000000000000025
:100BD0000000000000000000000000000000000015
:100BE0000000000000000000000000000000000005
:100BF00000000000000000000000000000000000F5
:100C000000000000000000000000000000000000E4
:100C100000000000000000000000000000000000D4
:100C200000000000000000000000000000030000C1
:100C300000000000000000000000000000000000B4
:100C400000000000000000000000000000000000A4
:100C5000000000000006000000000000000000008E
:100C60000000000000000000000000000001000083
:100C70000000000000000000000000000000000074
:100C80000000000000000000000000000000000064
:100C90000000000000000000000000000000000054
:100CA0000000000000000000000000000000000044
:100CB0000000000000000000000000000000000034
:100CC0000000000000000000000000000000000024
:100CD0000000000000000000000000000000000014
:100CE0000000000000000000000000000000000004
:100CF00000000000000000000000000000000000F4
:100D000000000000000000000000000000000000E3
:100D100000000000000000000000000000000000D3
:100D200000000000000000000000000000000000C3
:100D3000000000000000000000000000001900009A
:100D400000000000000200000000000000000000A1
:100D50000000000000000000000000000000000093
:100D60000000000000000000000000000000000083
:100D7000000000000000000000000000001700005C
:100D80000000000000000000000000000000000063
:100D90000000000000000000000000000000000053
:100DA000000000000000000000000000000700003C
:100DB0000000000000000000000000000000000033
:100DC0000000000000EB0000000000000000000038
:100DD0000000000000000000000000000000000013
:100DE0000000000000000000000000000000000003
:100DF00000000000000000000000000000000000F3
:100E000000000000000000000000000000DB000007
:100E100000000000000000000000000000000000D2
:100E200000000000000000000000000000000000C2
:100E300000000000000000000000000000000000B2
:100E400000000000000000000000000000EE0000B4
:100E50000000000000000000000000000000000092
:100E60000000000000000000000000000000000082
:100E70000000000000000000000000000000000072
:100E800000000000003C000000000000000900001D
:100E90000000000000000000000000000000000052
:100EA0000000000000000000000000000000000042
:100EB0000000000000000000000000000000000032
:100EC0000000000000000000000000000000000022
:100ED00000000000000000000000000000440000CE
:100EE0000000000000000000000000000000000002
:100EF00000000000000000000000000000080000EA
:100F000000000000007F0000000000000000000062
:100F100000000000000000000000000000000000D1
:100F200000000000000000000000000000000000C1
:100F300000000000000000000000000000000000B1
:100F4000000000000000000000000000001D000084
:100F50000000000000000000000000000000000091
:100F60000000000000000000000000000000000081
:100F700000000000000A0000000000000000000067
:100F8000000000000000000000000000000A000057
:100F90000000000000000000000000000001000050
:100FA000000000000017000000000000000000002A
:100FB0000000000000000000000000000000000031
:100FC0000000000000000000000000000000000021
:100FD000000000000077000000000000000000009A
:100FE00000000000000000000000000000170000EA
:100FF00000000000000000000000000000060000EB
:1010000000000000000000000000000000000000E0
:1010100000000000000000000000000000F00000E0
:1010200000000000000000000000000000000000C0
:1010300000000000000000000000000000000000B0
:1010400000000000000000000000000000000000A0
:101050000000000000000000000000000000000090
:101060000000000000000000000000000000000080
:101070000000000000000000000000000000000070
:101080000000000000000000000000000000000060
:101090000000000000000000000000000000000050
:1010A0000000000000000000000000000000000040
:1010B0000000000000000000000000000000000030
:1010C0000000000000000000000000000000000020
:1010D0000000000000000000000000000000000010
:1010E0000000000000000000000000000000000000
:1010F00000000000000000000000000000000000F0
:1011000000000000000000000000000000000000DF
:1011100000000000000000000000000000000000CF
:1011200000000000000000000000000000000000BF
:1011300000000000000000000000000000000000AF
:10114000000000000000000000000000000000009F
:10115000000000000000000000000000000000008F
:10116000000000000000000000000000000000007F
:10117000000000000000000000000000000000006F
:10118000000000000000000000000000000000005F
:10119000000000000000000000000000000000004F
:1011A000000000000000000000000000000000003F
:1011B000000000000000000000000000000000002F
:1011C000000000000000000000000000000000001F
:1011D000000000000000000000000000000000000F
:1011E00000000000000000000000000000000000FF
:1011F00000000000000000000000000000000000EF
:1012000000000000000000000000000000000000DE
:1012100000000000000000000000000000000000CE
:1012200000000000000000000000000000000000BE
:1012300000000000000000000000000000000000AE
:10124000000000000000000000000000000000009E
:10125000000000000000000000000000000000008E
:10126000000000000000000000000000000000007E
:10127000000000000000000000000000000000006E
:10128000000000000000000000000000000000005E
:10129000000000000000000000000000000000004E
:1012A000000000000000000000000000000000003E
:1012B000000000000000000000000000000000002E
:1012C000000000000000000000000000000000001E
:1012D000000000000000000000000000000000000E
:1012E00000000000000000000000000000000000FE
:1012F00000000000000000000000000000000000EE
:1013000000000000000000000000000000000000DD
:1013100000000000000000000000000000000000CD
:1013200000000000000000000000000000000000BD
:1013300000000000000000000000000000000000AD
:10134000000000000000000000000000000000009D
:10135000000000000000000000000000000000008D
:10136000000000000000000000000000000000007D
:10137000000000000000000000000000000000006D
:10138000000000000000000000000000000000005D
:10139000000000000000000000000000000000004D
:1013A000000000000000000000000000000000003D
:1013B000000000000000000000000000000000002D
:1013C000000000000000000000000000000000001D
:1013D000000000000000000000000000000000000D
:1013E00000000000000000000000000000000000FD
:1013F00000000000000000000000000000000000ED
:1014000000000000000000000000000000000000DC
:1014100000000000000000000000000000000000CC
:101420000000000000000000000000FCDA000700DF
:1014300000000000000000000000000000000000AC
:10144000000000000000000000000000000000009C
:1014500000000008FF00FD00000000000000000088
:10146000000000000000000000000000000001007B
:10147000000000010000010000000000000000006A
:10148000000000000000000000000000000000005C
:10149000000000000000000000000000000000004C
:1014A000000000000000000000000000000000003C
:1014B000000000000000000000000000000000002C
:1014C000000000000000000000000000000000001C
:1014D000000000000000000000000000000000000C
:1014E00000000000000000000000000000000000FC
:1014F00000000000000000000000000000000000EC
:1015000000000000000000000000000000000000DB
:1015100000000000000000000000000000000000CB
:1015200000000000000000000000000000000000BB
:101530000000000000000000000000699700F200B9
:1015400000000051D3000100000000000000000076
:10155000000000000000000000000000000000008B
:10156000000000000000000000000000000000007B
:1015700000000000000000000000005C4100A60028
:10158000000000000000000000000000000000005B
:10159000000000000000000000000000000000004B
:1015A000000000000000000000000007D8000C0050
:1015B000000000000000000000000000000000002B
:1015C0000000005F490087000000000000000000EC
:1015D000000000000000000000000000000000000B
:1015E00000000000000000000000000000000000FB
:1015F00000000000000000000000000000000100EA
:1016000000000000000000000000003A0E0028006A
:1016100000000000000000000000000000000000CA
:1016200000000000000000000000000000000000BA
:1016300000000000000000000000000000000000AA
:1016400000000000000000000000007F4C0081004E
:10165000000000000000000000000000000000008A
:10166000000000000000000000000000000000007A
:10167000000000000000000000000000000000006A
:1016800000000016FD00FB0000000058A700DA0073
:10169000000000000000000000000000000000004A
:1016A000000000000000000000000000000000003A
:1016B000000000000000000000000000000000002A
:1016C000000000000000000000000000000000001A
:1016D0000000000000000000000000579400DC0043
:1016E00000000000000000000000000000000000FA
:1016F0000000000000000000000000503B00E80077
:101700000000007C8800FB000000000000000000DA
:1017100000000000000000000000000000000000C9
:1017200000000000000000000000000000000000B9
:1017300000000000000000000000000000000000A9
:101740000000000000000000000000638100EC00C9
:101750000000000000000000000000000000000089
:101760000000000000000000000000000000000079
:1017700000000050CD00EF0000000000000000005D
:101780000000000000000000000000010900F90056
:101790000000000000000000000000FAF700020056
:1017A0000000004AAD00DD00000000000000000065
:1017B0000000000000000000000000000000000029
:1017C0000000000000000000000000000000000019
:1017D000000000729D00FE000000000000000000FC
:1017E00000000000000000000000004DB600BA003C
:1017F0000000000000000000000000000400FF00E6
:1018000000000000000000000000000000000000D8
:101810000000000000000000000000FCD0001400E8
:1018200000000000000000000000000000000000B8
:1018300000000000000000000000000000000000A8
:101840000000000000000000000000000000000098
:101850000000000000000000000000000000000088
:101860000000000000000000000000000000000078
:101870000000000000000000000000000000000068
:101880000000000000000000000000000000000058
:101890000000000000000000000000000000000048
:1018A0000000000000000000000000000000000038
:1018B0000000000000000000000000000000000028
:1018C0000000000000000000000000000000000018
:1018D0000000000000000000000000000000000008
:1018E00000000000000000000000000000000000F8
:1018F00000000000000000000000000000000000E8
:1019000000000000000000000000000000000000D7
:1019100000000000000000000000000000000000C7
:1019200000000000000000000000000000000000B7
:1019300000000000000000000000000000000000A7
:101940000000000000000000000000000000000097
:101950000000000000000000000000000000000087
:101960000000000000000000000000000000000077
:101970000000000000000000000000000000000067
:101980000000000000000000000000000000000057
:101990000000000000000000000000000000000047
:1019A0000000000000000000000000000000000037
:1019B0000000000000000000000000000000000027
:1019C0000000000000000000000000000000000017
:1019D0000000000000000000000000000000000007
:1019E00000000000000000000000000000000000F7
:1019F00000000000000000000000000000000000E7
:101A000000000000000000000000000000000000D6
:101A100000000000000000000000000000000000C6
:101A200000000000000000000000000000000000B6
:101A300000000000000000000000000000000000A6
:101A40000000000000000000000000000000000096
:101A50000000000000000000000000000000000086
:101A60000000000000000000000000000000000076
:101A70000000000000000000000000000000000066
:101A80000000000000000000000000000000000056
:101A90000000000000000000000000000000000046
:101AA0000000000000000000000000000000000036
:101AB0000000000000000000000000000000000026
:101AC0000000000000000000000000000000000016
:101AD0000000000000000000000000000000000006
:101AE00000000000000000000000000000000000F6
:101AF00000000000000000000000000000000000E6
:101B000000000000000000000000000000000000D5
:101B100000000000000000000000000000000000C5
:101B200000000000000000000000000000000000B5
:101B300000000000000000000000000000000000A5
:101B40000000000000000000000000000000000095
:101B50000000000000000000000000000000000085
:101B60000000000000000000000000000000000075
:101B70000000000000000000000000000000000065
:101B80000000000000000000000000000000000055
:101B90000000000000000000000000000000000045
:101BA0000000000000000000000000000000000035
:101BB0000000000000000000000000000000000025
:101BC0000000000000000000000000000000000015
:101BD0000000000000000000000000000000000005
:101BE00000000000000000000000000000000000F5
:101BF00000000000000000000000000000000000E5
:101C000000000000000000000000000000000000D4
:101C100000000000000000000000000000000000C4
:101C200000000000000000000000000000000000B4
:101C3000F9030000000000000000000000000000A8
:101C40000000000000000000000000000000000094
:101C50000000000000000000FAFE0000000000008C
:101C60000000000000000000000000000000000074
:101C7000FF00000000000000000000000000000065
:101C80000000000000000000000000000000000054
:101C90000000000000000000000000000000000044
:101CA0000000000000000000000000000000000034
:101CB0000000000000000000000000000000000024
:101CC0000000000000000000000000000000000014
:101CD0000000000000000000000000000000000004
:101CE00000000000000000000000000000000000F4
:101CF00000000000000000000000000000000000E4
:101D000000000000000000000000000000000000D3
:101D100000000000000000000000000000000000C3
:101D200000000000000000000000000000000000B3
:101D300000000000000000000000000000000000A3
:101D40004FC30000000000004CA60000000000008F
:101D50000000000000000000000000000000000083
:101D60000000000000000000000000000000000073
:101D70000000000000000000000000000000000063
:101D8000813D000000000000000000000000000095
:101D90000000000000000000000000000000000043
:101DA0000000000000000000000000000000000033
:101DB000010700000000000000000000000000001B
:101DC0000000000000000000E542000000000000EC
:101DD0000000000000000000000000000000000003
:101DE00000000000000000000000000000000000F3
:101DF00000000000000000000000000000000000E3
:101E000000000000000000000000000000000000D2
:101E1000EB280000000000000000000000000000AF
:101E200000000000000000000000000000000000B2
:101E300000000000000000000000000000000000A2
:101E40000000000000000000000000000000000092
:101E50009D7F000000000000000000000000000066
:101E60000000000000000000000000000000000072
:101E70000000000000000000000000000000000062
:101E800000000000000000000AA6000000000000A2
:101E900050AD000000000000000000000000000045
:101EA0000000000000000000000000000000000032
:101EB0000000000000000000000000000000000022
:101EC0000000000000000000000000000000000012
:101ED0000000000000000000000000000000000002
:101EE00042AA000000000000000000000000000006
:101EF00000000000000000000000000000000000E2
:101F0000A12A00000000000035D2000000000000FF
:101F100000000000000000000000000000000000C1
:101F200000000000000000000000000000000000B1
:101F300000000000000000000000000000000000A1
:101F40000000000000000000000000000000000091
:101F500051BD000000000000000000000000000073
:101F60000000000000000000000000000000000071
:101F700000000000000000003FAF00000000000073
:101F80000000000000000000000000000000000051
:101F9000FA0C00000000000000000000000000003B
:101FA000F30200000000000012F800000000000032
:101FB0000000000000000000000000000000000021
:101FC0000000000000000000000000000000000011
:101FD000000000000000000040D2000000000000EF
:101FE00000000000000000000000000000000000F1
:101FF000598B0000000000000000000000000000FD
:10200000F4F80000000000000000000000000000E4
:1020100000000000000000000000000000000000C0
:10202000012D00000000000000000000000010B9B9
:10203000000000030000000000000000000000009D
:102040000000000000000000000000000000000090
:102050000000000000001306000000000000000067
:102060000000000000000000000000000000090067
:10207000000000000000000300000000000000005D
:102080000000000000000000000000000000000050
:102090000000000000000000000000000000000040
:1020A0000000000000000000000000000000000030
:1020B0000000000000000000000000000000000020
:1020C0000000000000000000000000000000000010
:1020D0000000000000000000000000000000000000
:1020E00000000000000000000000000000000000F0
:1020F00000000000000000000000000000000000E0
:1021000000000000000000000000000000000000CF
:1021100000000000000000000000000000000000BF
:1021200000000000000000000000000000000000AF
:102130000000000000000000000000000000D34587
:10214000000000F4000000FB000000F600000000AA
:10215000000000000000000000000000000000007F
:10216000000000000000000000000000000000006F
:1021700000000000000000000000000000008AFDD8
:102180000000007F000000000000000000000000D0
:10219000000000000000000000000000000000003F
:1021A0000000000000000000000000000000FE0031
:1021B000000000FF00000000000000000000000020
:1021C0000000000000007F32000000550000000009
:1021D00000000000000000000000000000000000FF
:1021E00000000000000000000000000000000000EF
:1021F00000000000000000000000000000000101DD
:102200000000000000000000000000000000A1E647
:1022100000000012000000000000000000000000AC
:1022200000000000000000000000000000000000AE
:10223000000000000000000000000000000000009E
:102240000000000000000000000000000000A6E206
:102250000000006C00000000000000000000000012
:10226000000000000000000000000000000000006E
:10227000000000000000000000000000000000005E
:102280000000000000001B31000000220000E25CA2
:10229000000000EE00000000000000000000000050
:1022A000000000000000000000000000000000002E
:1022B000000000000000000000000000000000001E
:1022C000000000000000000000000000000000000E
:1022D0000000000000000000000000000000D638F0
:1022E000000000F0000000000000000000000000FE
:1022F00000000000000000000000000000008BF75C
:10230000000000280000AC54000000F000000000B5
:1023100000000000000000000000000000000000BD
:102320000000000000000000000000000000FAFFB4
:10233000000000000000000000000000000000009D
:102340000000000000000000000000000000E03B72
:10235000000000F900000000000000000000000084
:10236000000000000000000000000000000000006D
:10237000000000000000ECE9000000F40000000094
:102380000000000000000000000000000000A601A6
:102390000000000500000000000000000000300503
:1023A000000000FD0000EB05000000FC0000000044
:1023B000000000000000000000000000000000001D
:1023C000000000000000000000000000000000000D
:1023D000000000000000AE7F000000F000000000E0
:1023E00000000000000000000000000000008F045A
:1023F000000000F1000000000000000000001C01CF
:10240000000000FF000000000000000000000000CD
:102410000000000000000000000000000000DBF4ED
:102420000000001B0000000000000000EC000000A5
:10243000000000DE000000000000000000000000BE
:10244000000000000000000000000000000000008C
:1024500000000000FB000000000000010000000080
:10246000000000000000000000000000020000006A
:10247000000000FF0000000000000000000000005D
:10248000000000000000000000000000000000004C
:10249000000000000000000000000000000000003C
:1024A000000000000000000000000000000000002C
:1024B000000000000000000000000000000000001C
:1024C000000000000000000000000000000000000C
:1024D00000000000000000000000000000000000FC
:1024E00000000000000000000000000000000000EC
:1024F00000000000000000000000000000000000DC
:1025000000000000000000000000000000000000CB
:1025100000000000000000000000000000000000BB
:1025200000000000000000000000000000000000AB
:102530000000000000000000000000004A00000051
:10254000000000FDD7000000000000F400000000C3
:10255000000000000000000000000000000000007B
:10256000000000000000000000000000000000006B
:10257000000000000000000000000000CD0000008E
:102580000000003400000000000000000000000017
:10259000000000000000000000000000000000003B
:1025A0000000000000000000000000000400000027
:1025B000000000FF0000000000000000000000001C
:1025C000000000007F0000000000004D000000003F
:1025D00000000000000000000000000000000000FB
:1025E00000000000000000000000000000000000EB
:1025F00000000000000000000000000000000000DB
:10260000000000000000000000000000F7000000D3
:102610000000007F0000000000000000000000003B
:1026200000000000000000000000000000000000AA
:10263000000000000000000000000000000000009A
:10264000000000000000000000000000ED0000009D
:102650000000007500000000000000000000000005
:10266000000000000000000000000000000000006A
:10267000000000000000000000000000000000005A
:1026800000000000EE0000000000000773000000E2
:10269000000000F600000000000000000000000044
:1026A000000000000000000000000000000000002A
:1026B000000000000000000000000000000000001A
:1026C000000000000000000000000000000000000A
:1026D00000000000000000000000000033000000C7
:1026E000000000F9000000000000000000000000F1
:1026F000000000000000000000000000D600000004
:102700000000002136000000000000020000000070
:1027100000000000000000000000000000000000B9
:1027200000000000000000000000000000000000A9
:102730000000000000000000000000000000000099
:102740000000000000000000000000005200000037
:102750000000000000000000000000000000000079
:102760000000000000000000000000000000000069
:1027700000000000E3000000000000F50000000081
:10278000000000000000000000000000FA0000004F
:10279000000000020000000000000000FD0000003A
:1027A0000000000C540000000000000300000000C6
:1027B0000000000000000000000000000000000019
:1027C0000000000000000000000000000000000009
:1027D00000000000260000000000000200000000D1
:1027E0000000000000000000000000005300000096
:1027F000000000EE000000000000000000000000EB
:1028000000000009000000000000000000000000BF
:10281000000000000000000000000000F2000000C6
:10282000000000550000000000000000000000F85B
:102830000000000000000000000000000000000098
:102840000000000000000000000000000000000088
:10285000000000000000000900000000000000006F
:102860000000000000000000000000000000000068
:102870000000000000000000000000000000000058
:102880000000000000000000000000000000000048
:102890000000000000000000000000000000000038
:1028A0000000000000000000000000000000000028
:1028B0000000000000000000000000000000000018
:1028C0000000000000000000000000000000000008
:1028D00000000000000000000000000000000000F8
:1028E00000000000000000000000000000000000E8
:1028F00000000000000000000000000000000000D8
:1029000000000000000000000000000000000000C7
:1029100000000000000000000000000000000000B7
:1029200000000000000000000000000000000000A7
:10293000000000000000000000000000000000FB9C
:1029400000000000000000F0000000000000000097
:102950000000000000000000000000000000000077
:102960000000000000000000000000000000000067
:102970000000000000000000000000000000007FD8
:102980000000000000000000000000000000000047
:102990000000000000000000000000000000000037
:1029A000000000000000000000000000000000FE29
:1029B0000000000000000000000000000000000017
:1029C00000000000000000140000000000000000F3
:1029D00000000000000000000000000000000000F7
:1029E00000000000000000000000000000000000E7
:1029F00000000000000000000000000000000000D7
:102A0000000000000000000000000000000000477F
:102A100000000000000000000000000000000000B6
:102A200000000000000000000000000000000000A6
:102A30000000000000000000000000000000000096
:102A4000000000000000000000000000000000770F
:102A50000000000000000000000000000000000076
:102A60000000000000000000000000000000000066
:102A70000000000000000000000000000000000056
:102A800000000000000000F700000000000000FC53
:102A90000000000000000000000000000000000036
:102AA0000000000000000000000000000000000026
:102AB0000000000000000000000000000000000016
:102AC0000000000000000000000000000000000006
:102AD000000000000000000000000000000000F7FF
:102AE00000000000000000000000000000000000E6
:102AF0000000000000000000000000000000005581
:102B000000000000000000FA0000000000000000CB
:102B100000000000000000000000000000000000B5
:102B200000000000000000000000000000000000A5
:102B30000000000000000000000000000000000095
:102B4000000000000000000000000000000000FE87
:102B50000000000000000000000000000000000075
:102B60000000000000000000000000000000000065
:102B700000000000000000F1000000000000000064
:102B80000000000000000000000000000000000E37
:102B9000000000000000000000000000000000FA3B
:102BA00000000000000000FA00000000000000002B
:102BB0000000000000000000000000000000000015
:102BC0000000000000000000000000000000000005
:102BD00000000000000000F90000000000000000FC
:102BE000000000000000000000000000000000FFE6
:102BF00000000000000000000000000000000001D4
:102C000000000000000000000000000000000000C4
:102C1000000000000000000000000000000000159F
:102C200000000000000000000000000000000000A4
:102C300000000012C80000000000000000000000BA
:102C40000000000000000000000000000000000084
:102C500000000000000000000000000A1200000058
:102C60000000000000000000000000000000000064
:102C700000000001FD000000000000010400000051
:102C80000000000000000000000000000000000044
:102C90000000000000000000000000000000000034
:102CA0000000000000000000000000000000000024
:102CB0000000000000000000000000000000000014
:102CC0000000000000000000000000000000000004
:102CD00000000000000000000000000000000000F4
:102CE00000000000000000000000000000000000E4
:102CF00000000000000000000000000000000000D4
:102D000000000000000000000000000000000000C3
:102D100000000000000000000000000000000000B3
:102D200000000000000000000000000000000000A3
:102D30000000000000000000000000000000000093
:102D4000000000FB8D000000000000F89F00000064
:102D50000000000000000000000000000000000073
:102D60000000000000000000000000000000000063
:102D70000000000000000000000000000000000053
:102D80000000007F9D000000000000000000000027
:102D90000000000000000000000000000000000033
:102DA0000000000000000000000000000000000023
:102DB000000000030500000000000000000000000B
:102DC0000000000000000000000000762600000067
:102DD00000000000000000000000000000000000F3
:102DE00000000000000000000000000000000000E3
:102DF00000000000000000000000000000000000D3
:102E000000000000010000000000000000000000C1
:102E100000000074D7000000000000000000000067
:102E200000000000000000000000000000000000A2
:102E30000000000000000000000000000000000092
:102E40000000000000000000000000000000000082
:102E50000000002CC2000000000000000000000084
:102E60000000000000000000000000000000000062
:102E70000000000000000000000000000000000052
:102E800000000000000000000000001D1400000011
:102E9000000000F2870000000000000000000000B9
:102EA0000000000000000000000000000000000022
:102EB0000000000000000000000000000000000012
:102EC0000000000000000000000000000000000002
:102ED00000000000000000000000000000000000F2
:102EE0000000000090000000000000000000000052
:102EF00000000000000000000000000000000000D2
:102F000000000075A000000000000014A2000000F6
:102F100000000000000000000000000000000000B1
:102F200000000000000000000000000000000000A1
:102F3000000000FF00000000000000000000000092
:102F40000000000000000000000000000000000081
:102F5000000000F6850000000000000000000000F6
:102F60000000000000000000000000000000000061
:102F70000000000000000000000000E981000000E7
:102F80000000000000000000000000000000000041
:102F900000000000FD000000000000000000000034
:102FA00000000011F1000000000000E5C400000076
:102FB0000000000000000000000000000000000011
:102FC0000000000000000000000000000000000001
:102FD000000000000000000000000027D1000000F9
:102FE00000000000000000000000000000000000E1
:102FF000000000C19B000000000000000000000075
:103000000000000BF00000000000000000000000C5
:1030100000000000000000000000000000000000B0
:10302000000000DF110000000000000000000000B0
:10303000D4F5000000D100000000000000000000F6
:103040000000000000000000000000000000000080
:103050000000000000000000040400000003000065
:103060000000000000000000000000000000000060
:10307000FF00000000FF00000001000000FF000052
:103080000000000000000000000000000000000040
:103090000000000000000000000000000000000030
:1030A0000000000000000000000000000000000020
:1030B0000000000000000000000000000000000010
:1030C0000000000000000000000000000000000000
:1030D00000000000000000000000000000000000F0
:1030E00000000000000000000000000000000000E0
:1030F00000000000000000000000000000000000D0
:1031000000000000000000000000000000000000BF
:1031100000000000000000000000000000000000AF
:10312000000000000000000000000000000000009F
:10313000000000000000000000000000000000008F
:10314000ECF0000000F40000E4D9000000F30000FF
:10315000000000000000000000000000000000006F
:10316000000000000000000000000000000000005F
:10317000000000000000000000000000000000004F
:10318000387F000000330000000000000000000055
:10319000000000000000000000000000000000002F
:1031A000000000000000000000000000000000001F
:1031B0000105000000FD000000000000000000000C
:1031C00000000000000000001C150000005C000072
:1031D00000000000000000000000000000000000EF
:1031E00000000000000000000000000000000000DF
:1031F00000000000000000000000000000000000CF
:1032000000000000000000000000000000000000BE
:103210007F440000007F000000000000000000006C
:10322000000000000000000000000000000000009E
:10323000000000000000000000000000000000008E
:10324000000000000000000000000000000000007E
:10325000485E000000530000000000000000000075
:10326000000000000000000000000000000000005E
:10327000000000000000000000000000000000004E
:103280000000000000000000F2F80000000500004F
:10329000E208000000E9000000000000000000005B
:1032A000000000000000000000000000000000001E
:1032B000000000000000000000000000000000000E
:1032C00000000000000000000000000000000000FE
:1032D00000000000000000000000000000000000EE
:1032E000E5F4000000EB000000000000000000001A
:1032F00000000000000000000000000000000000CE
:103300002568000000180000F1FE000000E9000040
:1033100000000000000000000000000000000000AD
:10332000000000000000000000000000000000009D
:10333000000000000000000000000000000000008D
:10334000000000000000000000000000000000007D
:10335000F2EA000000F7000000000000000000009A
:10336000000000000000000000000000000000005D
:103370000000000000000000E3E8000000F0000092
:10338000000000000000000000000000000000003D
:10339000FE00000000FB0000000000000000000034
:1033A0000AFF000000110000FB1D000000F60000F5
:1033B000000000000000000000000000000000000D
:1033C00000000000000000000000000000000000FD
:1033D0000000000000000000F2E6000000F1000024
:1033E00000000000000000000000000000000000DD
:1033F000DF21000000EB00000000000000000000E2
:1034000006020000000D00000000000000000000A7
:1034100000000000000000000000000000000000AC
:1034200061130000006400000000000000000000C4
:10343000000000000000000000000000000000008C
:10344000000000000000000000000000000000007C
:10345000000000000000000000000000000000006C
:10346000000000000000000000000000000000005C
:10347000000000000000000000000000000000004C
:10348000000000000000000000000000000000003C
:10349000000000000000000000000000000000002C
:1034A000000000000000000000000000000000001C
:1034B000000000000000000000000000000000000C
:1034C00000000000000000000000000000000000FC
:1034D00000000000000000000000000000000000EC
:1034E00000000000000000000000000000000000DC
:1034F00000000000000000000000000000000000CC
:1035000000000000000000000000000000000000BB
:1035100000000000000000000000000000000000AB
:10352000000000000000000000000000000000009B
:10353000000000000000000000000000000000008B
:10354000000000000000000000000000000000007B
:10355000000000000000000000000000000000006B
:10356000000000000000000000000000000000005B
:10357000000000000000000000000000000000004B
:10358000000000000000000000000000000000003B
:10359000000000000000000000000000000000002B
:1035A000000000000000000000000000000000001B
:1035B000000000000000000000000000000000000B
:1035C00000000000000000000000000000000000FB
:1035D00000000000000000000000000000000000EB
:1035E00000000000000000000000000000000000DB
:1035F00000000000000000000000000000000000CB
:1036000000000000000000000000000000000000BA
:1036100000000000000000000000000000000000AA
:10362000000000000000000000000000000000009A
:10363000000000000000000000000000000000008A
:10364000000000000000000000000000000000007A
:10365000000000000000000000000000000000006A
:10366000000000000000000000000000000000005A
:10367000000000000000000000000000000000004A
:10368000000000000000000000000000000000003A
:10369000000000000000000000000000000000002A
:1036A000000000000000000000000000000000001A
:1036B000000000000000000000000000000000000A
:1036C00000000000000000000000000000000000FA
:1036D00000000000000000000000000000000000EA
:1036E00000000000000000000000000000000000DA
:1036F00000000000000000000000000000000000CA
:1037000000000000000000000000000000000000B9
:1037100000000000000000000000000000000000A9
:103720000000000000000000000000000000000099
:103730000000000000000000000000000000000089
:103740000000000000000000000000000000000079
:103750000000000000000000000000000000000069
:103760000000000000000000000000000000000059
:103770000000000000000000000000000000000049
:103780000000000000000000000000000000000039
:103790000000000000000000000000000000000029
:1037A0000000000000000000000000000000000019
:1037B0000000000000000000000000000000000009
:1037C00000000000000000000000000000000000F9
:1037D00000000000000000000000000000000000E9
:1037E00000000000000000000000000000000000D9
:1037F00000000000000000000000000000000000C9
:1038000000000000000000000000000000000000B8
:1038100000000000000000000000000000000000A8
:103820000000000000000000000000000000000098
:103830000000000000000000000000000000000088
:103840000000000000000000000000000000000078
:103850000000000000000000000000000000000068
:103860000000000000000000000000000000000058
:103870000000000000000000000000000000000048
:103880000000000000000000000000000000000038
:103890000000000000000000000000000000000028
:1038A0000000000000000000000000000000000018
:1038B0000000000000000000000000000000000008
:1038C00000000000000000000000000000000000F8
:1038D00000000000000000000000000000000000E8
:1038E00000000000000000000000000000000000D8
:1038F00000000000000000000000000000000000C8
:1039000000000000000000000000000000000000B7
:1039100000000000000000000000000000000000A7
:103920000000000000000000000000000000000097
:103930000000000000000000000000000000000087
:103940000000000000000000000000000000000077
:103950000000000000000000000000000000000067
:103960000000000000000000000000000000000057
:103970000000000000000000000000000000000047
:103980000000000000000000000000000000000037
:103990000000000000000000000000000000000027
:1039A0000000000000000000000000000000000017
:1039B0000000000000000000000000000000000007
:1039C00000000000000000000000000000000000F7
:1039D00000000000000000000000000000000000E7
:1039E00000000000000000000000000000000000D7
:1039F00000000000000000000000000000000000C7
:103A000000000000000000000000000000000000B6
:103A100000000000000000000000000000000000A6
:103A20000000000000000000000000000000000096
:103A30000000000000000000000000000000000086
:103A40000000000000000000000000000000000076
:103A50000000000000000000000000000000000066
:103A60000000000000000000000000000000000056
:103A70000000000000000000000000000000000046
:103A80000000000000000000000000000000000036
:103A90000000000000000000000000000000000026
:103AA0000000000000000000000000000000000016
:103AB0000000000000000000000000000000000006
:103AC00000000000000000000000000000000000F6
:103AD00000000000000000000000000000000000E6
:103AE00000000000000000000000000000000000D6
:103AF00000000000000000000000000000000000C6
:103B000000000000000000000000000000000000B5
:103B100000000000000000000000000000000000A5
:103B20000000000000000000000000000000000095
:103B30000000000000000000000000000000000085
:103B40000000000000000000000000000000000075
:103B50000000000000000000000000000000000065
:103B60000000000000000000000000000000000055
:103B70000000000000000000000000000000000045
:103B80000000000000000000000000000000000035
:103B90000000000000000000000000000000000025
:103BA0000000000000000000000000000000000015
:103BB0000000000000000000000000000000000005
:103BC00000000000000000000000000000000000F5
:103BD00000000000000000000000000000000000E5
:103BE00000000000000000000000000000000000D5
:103BF00000000000000000000000000000000000C5
:103C000000000000000000000000000000000000B4
:103C100000000000000000000000000000000000A4
:103C20000000000000000000000000000000000094
:103C300000000000D40000000000000000000000B0
:103C40000000000000000000000000000000000074
:103C50000000000000000000000000000300000061
:103C60000000000000000000000000000000000054
:103C70000000000000000000000000000200000042
:103C80000000000000000000000000000000000034
:103C90000000000000000000000000000000000024
:103CA0000000000000000000000000000000000014
:103CB0000000000000000000000000000000000004
:103CC00000000000000000000000000000000000F4
:103CD00000000000000000000000000000000000E4
:103CE00000000000000000000000000000000000D4
:103CF00000000000000000000000000000000000C4
:103D000000000000000000000000000000000000B3
:103D100000000000000000000000000000000000A3
:103D20000000000000000000000000000000000093
:103D30000000000000000000000000000000000083
:103D4000000000004C00000000000000190000000E
:103D50000000000000000000000000000000000063
:103D60000000000000000000000000000000000053
:103D70000000000000000000000000000000000043
:103D80000000000000000000000000000000000033
:103D90000000000000000000000000000000000023
:103DA0000000000000000000000000000000000013
:103DB00000000000080000000000000000000000FB
:103DC00000000000000000000000000018000000DB
:103DD00000000000000000000000000000000000E3
:103DE00000000000000000000000000000000000D3
:103DF00000000000000000000000000000000000C3
:103E000000000000010000000000000000000000B1
:103E100000000000E70000000000000000000000BB
:103E20000000000000000000000000000000000092
:103E30000000000000000000000000000000000082
:103E40000000000000000000000000000000000072
:103E500000000000DE000000000000000000000084
:103E60000000000000000000000000000000000052
:103E70000000000000000000000000000000000042
:103E800000000000000000000000000061000000D1
:103E9000000000007F0000000000000000000000A3
:103EA0000000000000000000000000000000000012
:103EB0000000000000000000000000000000000002
:103EC00000000000000000000000000000000000F2
:103ED00000000000000000000000000000000000E2
:103EE000000000003B000000000000000000000097
:103EF00000000000000000000000000000000000C2
:103F000000000000F2000000000000002E00000091
:103F100000000000000000000000000000000000A1
:103F20000000000000000000000000000000000091
:103F30000000000000000000000000000000000081
:103F40000000000000000000000000000000000071
:103F5000000000005F000000000000000000000002
:103F60000000000000000000000000000000000051
:103F70000000000000000000000000001A00000027
:103F80000000000000000000000000000000000031
:103F9000000000000300000000000000000000001E
:103FA0000000000007000000000000000E000000FC
:103FB0000000000000000000000000000000000001
:103FC00000000000000000000000000000000000F1
:103FD0000000000000000000000000003B000000A6
:103FE00000000000000000000000000000000000D1
:103FF000000000003F000000000000000000000082
:1040000000000000FA0000000000000000000000B6
:1040100000000000000000000000000000000000A0
:1040200000000000F100000000000000000000009F
:10403000002F00000000F30000000000000000005E
:104040000000000000000000000000000000000070
:104050000000000000000000000600000000F60064
:104060000000000000000000000000000000000050
:1040700000FC000000000300000100000000FE0042
:104080000000000000000000000000000000000030
:104090000000000000000000000000000000000020
:1040A0000000000000000000000000000000000010
:1040B0000000000000000000000000000000000000
:1040C00000000000000000000000000000000000F0
:1040D00000000000000000000000000000000000E0
:1040E00000000000000000000000000000000000D0
:1040F00000000000000000000000000000000000C0
:1041000000000000000000000000000000000000AF
:10411000000000000000000000000000000000009F
:10412000000000000000000000000000000000008F
:10413000000000000000000000000000000000007F
:10414000003C000000002D00000200000000020002
:10415000000000000000000000000000000000005F
:10416000000000000000000000000000000000004F
:10417000000000000000000000000000000000003F
:1041800000E400000000CF0000000000000000007C
:10419000000000000000000000000000000000001F
:1041A000000000000000000000000000000000000F
:1041B00000FB00000000FE00000000000000000006
:1041C0000000000000000000000B000000007F0065
:1041D00000000000000000000000000000000000DF
:1041E00000000000000000000000000000000000CF
:1041F00000000000000000000000000000000000BF
:1042000000000000000001000000000000000000AD
:1042100000F400000000C4000000000000000000E6
:10422000000000000000000000000000000000008E
:10423000000000000000000000000000000000007E
:10424000000000000000000000000000000000006E
:1042500000BA00000000FF000000000000000000A5
:10426000000000000000000000000000000000004E
:10427000000000000000000000000000000000003E
:104280000000000000000000005C000000001B00B7
:1042900000370000000038000000000000000000AF
:1042A000000000000000000000000000000000000E
:1042B00000000000000000000000000000000000FE
:1042C00000000000000000000000000000000000EE
:1042D00000000000000000000000000000000000DE
:1042E0000041000000002400000000000000000069
:1042F00000000000000000000000000000000000BE
:1043000000D400000000AD00005E0000000031009D
:10431000000000000000000000000000000000009D
:10432000000000000000000000000000000000008D
:10433000000000000000000000000000000000007D
:10434000000000000000000000000000000000006D
:10435000002C000000002800000000000000000009
:10436000000000000000000000000000000000004D
:10437000000000000000000000F800000000F50050
:10438000000000000000000000000000000000002D
:1043900000F4000000001500000000000000000014
:1043A000001500000000FA0000FD000000002400DD
:1043B00000000000000000000000000000000000FD
:1043C00000000000000000000000000000000000ED
:1043D0000000000000000000007F0000000034002A
:1043E00000000000000000000000000000000000CD
:1043F00000FA0000000016000000000000000000AD
:1044000000FE0000000000000000000000000000AE
:10441000000000000000000000000000000000009C
:1044200000F400000000E3000000000000000000B5
:10443000000000000000000000000000000000007C
:10444000000000000000000000000000000000006C
:10445000000000000000000000000000000000005C
:10446000000000000000000000000000000000004C
:10447000000000000000000000000000000000003C
:10448000000000000000000000000000000000002C
:10449000000000000000000000000000000000001C
:1044A000000000000000000000000000000000000C
:1044B00000000000000000000000000000000000FC
:1044C00000000000000000000000000000000000EC
:1044D00000000000000000000000000000000000DC
:1044E00000000000000000000000000000000000CC
:1044F00000000000000000000000000000000000BC
:1045000000000000000000000000000000000000AB
:10451000000000000000000000000000000000009B
:10452000000000000000000000000000000000008B
:10453000000000000000000000000000000000007B
:10454000000000000000000000000000000000006B
:10455000000000000000000000000000000000005B
:10456000000000000000000000000000000000004B
:10457000000000000000000000000000000000003B
:10458000000000000000000000000000000000002B
:10459000000000000000000000000000000000001B
:1045A000000000000000000000000000000000000B
:1045B00000000000000000000000000000000000FB
:1045C00000000000000000000000000000000000EB
:1045D00000000000000000000000000000000000DB
:1045E00000000000000000000000000000000000CB
:1045F00000000000000000000000000000000000BB
:1046000000000000000000000000000000000000AA
:10461000000000000000000000000000000000009A
:10462000000000000000000000000000000000008A
:10463000000000000000000000000000000000007A
:10464000000000000000000000000000000000006A
:10465000000000000000000000000000000000005A
:10466000000000000000000000000000000000004A
:10467000000000000000000000000000000000003A
:10468000000000000000000000000000000000002A
:10469000000000000000000000000000000000001A
:1046A000000000000000000000000000000000000A
:1046B00000000000000000000000000000000000FA
:1046C00000000000000000000000000000000000EA
:1046D00000000000000000000000000000000000DA
:1046E00000000000000000000000000000000000CA
:1046F00000000000000000000000000000000000BA
:1047000000000000000000000000000000000000A9
:104710000000000000000000000000000000000099
:104720000000000000000000000000000000000089
:104730000000000000000000000000000000000079
:104740000000000000000000000000000000000069
:104750000000000000000000000000000000000059
:104760000000000000000000000000000000000049
:104770000000000000000000000000000000000039
:104780000000000000000000000000000000000029
:104790000000000000000000000000000000000019
:1047A0000000000000000000000000000000000009
:1047B00000000000000000000000000000000000F9
:1047C00000000000000000000000000000000000E9
:1047D00000000000000000000000000000000000D9
:1047E00000000000000000000000000000000000C9
:1047F00000000000000000000000000000000000B9
:1048000000000000000000000000000000000000A8
:104810000000000000000000000000000000000098
:104820000000000000000000000000000000000088
:104830000000000000C100000000000000000000B7
:104840000000000000000000000000000000000068
:104850000000000000000000000000000004000054
:104860000000000000000000000000000000000048
:104870000000000000FE0000000000000001000039
:104880000000000000000000000000000000000028
:104890000000000000000000000000000000000018
:1048A0000000000000000000000000000000000008
:1048B00000000000000000000000000000000000F8
:1048C00000000000000000000000000000000000E8
:1048D00000000000000000000000000000000000D8
:1048E00000000000000000000000000000000000C8
:1048F00000000000000000000000000000000000B8
:1049000000000000000000000000000000000000A7
:104910000000000000000000000000000000000097
:104920000000000000000000000000000000000087
:104930000000000000000000000000000000000077
:104940000000000000BF0000000000000095000013
:104950000000000000000000000000000000000057
:104960000000000000000000000000000000000047
:104970000000000000000000000000000000000037
:104980000000000000E20000000000000000000045
:104990000000000000000000000000000000000017
:1049A0000000000000000000000000000000000007
:1049B0000000000000FA00000000000000000000FD
:1049C0000000000000000000000000000083000064
:1049D00000000000000000000000000000000000D7
:1049E00000000000000000000000000000000000C7
:1049F00000000000000000000000000000000000B7
:104A00000000000000FF00000000000000000000A7
:104A100000000000002B000000000000000000006B
:104A20000000000000000000000000000000000086
:104A30000000000000000000000000000000000076
:104A40000000000000000000000000000000000066
:104A50000000000000EA000000000000000000006C
:104A60000000000000000000000000000000000046
:104A70000000000000000000000000000000000036
:104A800000000000000000000000000000810000A5
:104A900000000000009D0000000000000000000079
:104AA0000000000000000000000000000000000006
:104AB00000000000000000000000000000000000F6
:104AC00000000000000000000000000000000000E6
:104AD00000000000000000000000000000000000D6
:104AE0000000000000DE00000000000000000000E8
:104AF00000000000000000000000000000000000B6
:104B00000000000000CD00000000000000040000D4
:104B10000000000000000000000000000000000095
:104B20000000000000000000000000000000000085
:104B30000000000000000000000000000000000075
:104B40000000000000000000000000000000000065
:104B50000000000000EC0000000000000000000069
:104B60000000000000000000000000000000000045
:104B7000000000000000000000000000009E000097
:104B80000000000000000000000000000000000025
:104B90000000000000130000000000000000000002
:104BA0000000000000F500000000000000140000FC
:104BB00000000000000000000000000000000000F5
:104BC00000000000000000000000000000000000E5
:104BD00000000000000000000000000000EE0000E7
:104BE00000000000000000000000000000000000C5
:104BF000000000000089000000000000000000002C
:104C00000000000000FA00000000000000000000AA
:104C10000000000000000000000000000000000094
:104C20000000000000FE0000000000000000000086
:104C30000000000000000000000000000000000074
:104C40000000000000000000000000000000000064
:104C50000000000000000000000000000000000054
:104C60000000000000000000000000000000000044
:104C70000000000000000000000000000000000034
:104C80000000000000000000000000000000000024
:104C90000000000000000000000000000000000014
:104CA0000000000000000000000000000000000004
:104CB00000000000000000000000000000000000F4
:104CC00000000000000000000000000000000000E4
:104CD00000000000000000000000000000000000D4
:104CE00000000000000000000000000000000000C4
:104CF00000000000000000000000000000000000B4
:104D000000000000000000000000000000000000A3
:104D10000000000000000000000000000000000093
:104D20000000000000000000000000000000000083
:104D30000000000000000000000000000000000073
:104D40000000000000000000000000000000000063
:104D50000000000000000000000000000000000053
:104D60000000000000000000000000000000000043
:104D70000000000000000000000000000000000033
:104D80000000000000000000000000000000000023
:104D90000000000000000000000000000000000013
:104DA0000000000000000000000000000000000003
:104DB00000000000000000000000000000000000F3
:104DC00000000000000000000000000000000000E3
:104DD00000000000000000000000000000000000D3
:104DE00000000000000000000000000000000000C3
:104DF00000000000000000000000000000000000B3
:104E000000000000000000000000000000000000A2
:104E10000000000000000000000000000000000092
:104E20000000000000000000000000000000000082
:104E30000000000000000000000000000000000072
:104E40000000000000000000000000000000000062
:104E50000000000000000000000000000000000052
:104E60000000000000000000000000000000000042
:104E70000000000000000000000000000000000032
:104E80000000000000000000000000000000000022
:104E90000000000000000000000000000000000012
:104EA0000000000000000000000000000000000002
:104EB00000000000000000000000000000000000F2
:104EC00000000000000000000000000000000000E2
:104ED00000000000000000000000000000000000D2
:104EE00000000000000000000000000000000000C2
:104EF00000000000000000000000000000000000B2
:104F000000000000000000000000000000000000A1
:104F10000000000000000000000000000000000091
:104F20000000000000000000000000000000000081
:104F30000000000000000000000000000000000071
:104F40000000000000000000000000000000000061
:104F50000000000000000000000000000000000051
:104F60000000000000000000000000000000000041
:104F70000000000000000000000000000000000031
:104F80000000000000000000000000000000000021
:104F90000000000000000000000000000000000011
:104FA0000000000000000000000000000000000001
:104FB00000000000000000000000000000000000F1
:104FC00000000000000000000000000000000000E1
:104FD00000000000000000000000000000000000D1
:104FE00000000000000000000000000000000000C1
:104FF00000000000000000000000000000000000B1
:1050000000000000000000000000000000000000A0
:105010000000000000000000000000000000000090
:105020000000000000000000000000000000000080
:105030000000000000000000000000000000000070
:105040000000000000000000000000000000000060
:105050000000000000000000000000000000000050
:105060000000000000000000000000000000000040
:105070000000000000000000000000000000000030
:105080000000000000000000000000000000000020
:105090000000000000000000000000000000000010
:1050A0000000000000000000000000000000000000
:1050B00000000000000000000000000000000000F0
:1050C00000000000000000000000000000000000E0
:1050D00000000000000000000000000000000000D0
:1050E00000000000000000000000000000000000C0
:1050F00000000000000000000000000000000000B0
:10510000000000000000000000000000000000009F
:10511000000000000000000000000000000000008F
:10512000000000000000000000000000000000007F
:10513000000000000000000000000000000000006F
:10514000000000000000000000000000000000005F
:10515000000000000000000000000000000000004F
:10516000000000000000000000000000000000003F
:10517000000000000000000000000000000000002F
:10518000000000000000000000000000000000001F
:10519000000000000000000000000000000000000F
:1051A00000000000000000000000000000000000FF
:1051B00000000000000000000000000000000000EF
:1051C00000000000000000000000000000000000DF
:1051D00000000000000000000000000000000000CF
:1051E00000000000000000000000000000000000BF
:1051F00000000000000000000000000000000000AF
:10520000000000000000000000000000000000009E
:10521000000000000000000000000000000000008E
:10522000000000000000000000000000000000007E
:10523000000000000000000000000000000000006E
:10524000000000000000000000000000000000005E
:10525000000000000000000000000000000000004E
:10526000000000000000000000000000000000003E
:10527000000000000000000000000000000000002E
:10528000000000000000000000000000000000001E
:10529000000000000000000000000000000000000E
:1052A00000000000000000000000000000000000FE
:1052B00000000000000000000000000000000000EE
:1052C00000000000000000000000000000000000DE
:1052D00000000000000000000000000000000000CE
:1052E00000000000000000000000000000000000BE
:1052F00000000000000000000000000000000000AE
:10530000000000000000000000000000000000009D
:10531000000000000000000000000000000000008D
:10532000000000000000000000000000000000007D
:10533000000000000000000000000000000000006D
:10534000000000000000000000000000000000005D
:10535000000000000000000000000000000000004D
:10536000000000000000000000000000000000003D
:10537000000000000000000000000000000000002D
:10538000000000000000000000000000000000001D
:10539000000000000000000000000000000000000D
:1053A00000000000000000000000000000000000FD
:1053B00000000000000000000000000000000000ED
:1053C00000000000000000000000000000000000DD
:1053D00000000000000000000000000000000000CD
:1053E00000000000000000000000000000000000BD
:1053F00000000000000000000000000000000000AD
:10540000000000000000000000000000000000009C
:10541000000000000000000000000000000000008C
:10542000000000000000000000000000000000007C
:10543000000000000000000000000000000000006C
:10544000000000000000000000000000000000005C
:10545000000000000000000000000000000000004C
:10546000000000000000000000000000000000003C
:10547000000000000000000000000000000000002C
:10548000000000000000000000000000000000001C
:10549000000000000000000000000000000000000C
:1054A00000000000000000000000000000000000FC
:1054B00000000000000000000000000000000000EC
:1054C00000000000000000000000000000000000DC
:1054D00000000000000000000000000000000000CC
:1054E00000000000000000000000000000000000BC
:1054F00000000000000000000000000000000000AC
:10550000000000000000000000000000000000009B
:10551000000000000000000000000000000000008B
:10552000000000000000000000000000000000007B
:10553000000000000000000000000000000000006B
:10554000000000000000000000000000000000005B
:10555000000000000000000000000000000000004B
:10556000000000000000000000000000000000003B
:10557000000000000000000000000000000000002B
:10558000000000000000000000000000000000001B
:10559000000000000000000000000000000000000B
:1055A00000000000000000000000000000000000FB
:1055B00000000000000000000000000000000000EB
:1055C00000000000000000000000000000000000DB
:1055D00000000000000000000000000000000000CB
:1055E00000000000000000000000000000000000BB
:1055F00000000000000000000000000000000000AB
:10560000000000000000000000000000000000009A
:10561000000000000000000000000000000000008A
:10562000000000000000000000000000000000007A
:10563000000000000000000000000000000000006A
:10564000000000000000000000000000000000005A
:10565000000000000000000000000000000000004A
:10566000000000000000000000000000000000003A
:10567000000000000000000000000000000000002A
:10568000000000000000000000000000000000001A
:10569000000000000000000000000000000000000A
:1056A00000000000000000000000000000000000FA
:1056B00000000000000000000000000000000000EA
:1056C00000000000000000000000000000000000DA
:1056D00000000000000000000000000000000000CA
:1056E00000000000000000000000000000000000BA
:1056F00000000000000000000000000000000000AA
:105700000000000000000000000000000000000099
:105710000000000000000000000000000000000089
:105720000000000000000000000000000000000079
:105730000000000000000000000000000000000069
:105740000000000000000000000000000000000059
:105750000000000000000000000000000000000049
:105760000000000000000000000000000000000039
:105770000000000000000000000000000000000029
:105780000000000000000000000000000000000019
:105790000000000000000000000000000000000009
:1057A00000000000000000000000000000000000F9
:1057B00000000000000000000000000000000000E9
:1057C00000000000000000000000000000000000D9
:1057D00000000000000000000000000000000000C9
:1057E00000000000000000000000000000000000B9
:1057F00000000000000000000000000000000000A9
:105800000000000000000000000000000000000098
:105810000000000000000000000000000000000088
:105820000000000000000000000000000000000078
:10583000000000FB0000000000000000000000006D
:105840000000000000000000000000000000000058
:105850000000000000000000000000FA000000004E
:105860000000000000000000000000000000000038
:105870000000000000000000000000FB000000002D
:105880000000000000000000000000000000000018
:105890000000000000000000000000000000000008
:1058A00000000000000000000000000000000000F8
:1058B00000000000000000000000000000000000E8
:1058C00000000000000000000000000000000000D8
:1058D00000000000000000000000000000000000C8
:1058E00000000000000000000000000000000000B8
:1058F00000000000000000000000000000000000A8
:105900000000000000000000000000000000000097
:105910000000000000000000000000000000000087
:105920000000000000000000000000000000000077
:105930000000000000000000000000000000000067
:1059400000000045000000000000005100000000C1
:105950000000000000000000000000000000000047
:105960000000000000000000000000000000000037
:105970000000000000000000000000000000000027
:10598000000000EE00000000000000000000000029
:105990000000000000000000000000000000000007
:1059A00000000000000000000000000000000000F7
:1059B000000000F1000000000000000000000000F6
:1059C00000000000000000000000007F0000000058
:1059D00000000000000000000000000000000000C7
:1059E00000000000000000000000000000000000B7
:1059F00000000000000000000000000000000000A7
:105A00000000000000000000000000000000000096
:105A1000000000E2000000000000000000000000A4
:105A20000000000000000000000000000000000076
:105A30000000000000000000000000000000000066
:105A40000000000000000000000000000000000056
:105A5000000000FC0000000000000000000000004A
:105A60000000000000000000000000000000000036
:105A70000000000000000000000000000000000026
:105A800000000000000000000000007000000000A6
:105A90000000005A000000000000000000000000AC
:105AA00000000000000000000000000000000000F6
:105AB00000000000000000000000000000000000E6
:105AC00000000000000000000000000000000000D6
:105AD00000000000000000000000000000000000C6
:105AE0000000003200000000000000000000000084
:105AF00000000000000000000000000000000000A6
:105B0000000000BC000000000000001500000000C4
:105B10000000000000000000000000000000000085
:105B20000000000000000000000000000000000075
:105B30000000000100000000000000000000000064
:105B40000000000000000000000000000000000055
:105B50000000004D000000000000000000000000F8
:105B60000000000000000000000000000000000035
:105B700000000000000000000000001A000000000B
:105B80000000000000000000000000000000000015
:105B900000000007000000000000000000000000FE
:105BA000000000E5000000000000000E0000000002
:105BB00000000000000000000000000000000000E5
:105BC00000000000000000000000000000000000D5
:105BD0000000000000000000000000330000000092
:105BE00000000000000000000000000000000000B5
:105BF0000000001300000000000000000000000092
:105C0000000000D4000000000000000000000000C0
:105C10000000000000000000000000000000000084
:105C20000000000200000000000000000000000072
:105C3000000000000000000000004500000000001F
:105C40000000000000000000000000000000000054
:105C50000000000000000000000000000000000044
:105C60000000040000000000000000000000000030
:105C70000000000000000000000000000000000024
:105C80000000020000000000000000000000000012
:105C90000000000000000000000000000000000004
:105CA00000000000000000000000000000000000F4
:105CB00000000000000000000000000000000000E4
:105CC00000000000000000000000000000000000D4
:105CD00000000000000000000000000000000000C4
:105CE00000000000000000000000000000000000B4
:105CF00000000000000000000000000000000000A4
:105D00000000000000000000000000000000000093
:105D10000000000000000000000000000000000083
:105D20000000000000000000000000000000000073
:105D30000000000000000000000000000000000063
:105D4000000000000000000000000800000000004B
:105D500000003D0000000000000000000000000006
:105D60000000000000000000000000000000000033
:105D70000000000000000000000000000000000023
:105D800000000000000000000000220000000000F1
:105D90000000000000000000000000000000000003
:105DA00000000000000000000000000000000000F3
:105DB00000000000000000000000070000000000DC
:105DC00000000000000000000000000000000000D3
:105DD0000000DE00000000000000000000000000E5
:105DE00000000000000000000000000000000000B3
:105DF00000000000000000000000000000000000A3
:105E00000000000000000000000000000000000092
:105E100000000000000000000000ED000000000095
:105E20000000000000000000000000000000000072
:105E30000000000000000000000000000000000062
:105E40000000000000000000000000000000000052
:105E500000000000000000000000DF000000000063
:105E60000000000000000000000000000000000032
:105E70000000000000000000000000000000000022
:105E80000000000000000000000000000000000012
:105E900000003D00000000000000230000000000A2
:105EA00000000000000000000000000000000000F2
:105EB00000000000000000000000000000000000E2
:105EC00000000000000000000000000000000000D2
:105ED00000000000000000000000000000000000C2
:105EE00000000000000000000000030000000000AF
:105EF00000000000000000000000000000000000A2
:105F0000000000000000000000000600000000008B
:105F10000000E6000000000000000000000000009B
:105F20000000000000000000000000000000000071
:105F30000000000000000000000000000000000061
:105F40000000000000000000000000000000000051
:105F500000000000000000000000F600000000004B
:105F60000000000000000000000000000000000031
:105F70000000000000000000000000000000000021
:105F800000005000000000000000000000000000C1
:105F900000000000000000000000F700000000000A
:105FA00000000000000000000000060000000000EB
:105FB00000000900000000000000000000000000D8
:105FC00000000000000000000000000000000000D1
:105FD00000000000000000000000000000000000C1
:105FE0000000D700000000000000000000000000DA
:105FF000000000000000000000007F000000000022
:10600000000000000000000000000200000000008E
:106010000000000000000000000000000000000080
:1060200000000000000000000000F200000000007E
:106030000000000000DC00000000003D0000000047
:106040000000000000000000000000000000000050
:10605000000000000000000000000000000200003E
:10606000000000060000000000000000000000002A
:106070000000000000FF00000000000000FF000022
:106080000000000000000000000000000000000010
:106090000000000000000000000000000000000000
:1060A00000000000000000000000000000000000F0
:1060B00000000000000000000000000000000000E0
:1060C00000000000000000000000000000000000D0
:1060D00000000000000000000000000000000000C0
:1060E00000000000000000000000000000000000B0
:1060F00000000000000000000000000000000000A0
:10610000000000000000000000000000000000008F
:10611000000000000000000000000000000000007F
:10612000000000000000000000000000000000006F
:10613000000000000000000000000000000000005F
:10614000000000000066000000000024006600005F
:1061500000000064000000000000000000000000DB
:10616000000000000000000000000000000000002F
:10617000000000000000000000000000000000001F
:1061800000000000003100000000003C00000000A2
:1061900000000000000000000000000000000000FF
:1061A00000000000000000000000000000000000EF
:1061B0000000000000FF00000000000300000000DD
:1061C000000000000000000000000000001D0000B2
:1061D000000000EC000000000000000000000000D3
:1061E00000000000000000000000000000000000AF
:1061F000000000000000000000000000000000009F
:10620000000000000000000000000000000000008E
:106210000000000000F50000000000D800000000B1
:10622000000000000000000000000000000000006E
:10623000000000000000000000000000000000005E
:10624000000000000000000000000000000000004E
:106250000000000000720000000000C0000000000C
:10626000000000000000000000000000000000002E
:10627000000000000000000000000000000000001E
:10628000000000000000000000000000000B000003
:1062900000000065007F00000000003300000000E7
:1062A00000000000000000000000000000000000EE
:1062B00000000000000000000000000000000000DE
:1062C00000000000000000000000000000000000CE
:1062D00000000000000000000000000000000000BE
:1062E00000000000006200000000001E000000002E
:1062F000000000000000000000000000000000009E
:106300000000000000100000000000040059000020
:10631000000000F800000000000000000000000085
:10632000000000000000000000000000000000006D
:10633000000000000000000000000000000000005D
:10634000000000000000000000000000000000004D
:1063500000000000005E00000000001200000000CD
:10636000000000000000000000000000000000002D
:1063700000000000000000000000000000640000B9
:1063800000000069000000000000000000000000A4
:106390000000000000020000000000FA0000000001
:1063A00000000000000000000000000D00090000D7
:1063B00000000005000000000000000000000000D8
:1063C00000000000000000000000000000000000CD
:1063D000000000000000000000000000005E00005F
:1063E000000000EE000000000000000000000000BF
:1063F00000000000006F00000000007F00000000AF
:106400000000000000FF000000000000000000008D
:10641000000000000000000000000000000000007C
:106420000000000000FE0000000000EF000000007F
:10643000000000000000000000000000000000005C
:10644000000000000000000000000000000000004C
:10645000000000000000000000000000000000003C
:10646000000000000000000000000000000000002C
:10647000000000000000000000000000000000001C
:10648000000000000000000000000000000000000C
:1064900000000000000000000000000000000000FC
:1064A00000000000000000000000000000000000EC
:1064B00000000000000000000000000000000000DC
:1064C00000000000000000000000000000000000CC
:1064D00000000000000000000000000000000000BC
:1064E00000000000000000000000000000000000AC
:1064F000000000000000000000000000000000009C
:10650000000000000000000000000000000000008B
:10651000000000000000000000000000000000007B
:10652000000000000000000000000000000000006B
:10653000000000000000000000000000000000005B
:10654000000000000000000000000000000000004B
:10655000000000000000000000000000000000003B
:10656000000000000000000000000000000000002B
:10657000000000000000000000000000000000001B
:10658000000000000000000000000000000000000B
:1065900000000000000000000000000000000000FB
:1065A00000000000000000000000000000000000EB
:1065B00000000000000000000000000000000000DB
:1065C00000000000000000000000000000000000CB
:1065D00000000000000000000000000000000000BB
:1065E00000000000000000000000000000000000AB
:1065F000000000000000000000000000000000009B
:10660000000000000000000000000000000000008A
:10661000000000000000000000000000000000007A
:10662000000000000000000000000000000000006A
:10663000000000000000000000000000000000005A
:10664000000000000000000000000000000000004A
:10665000000000000000000000000000000000003A
:10666000000000000000000000000000000000002A
:10667000000000000000000000000000000000001A
:10668000000000000000000000000000000000000A
:1066900000000000000000000000000000000000FA
:1066A00000000000000000000000000000000000EA
:1066B00000000000000000000000000000000000DA
:1066C00000000000000000000000000000000000CA
:1066D00000000000000000000000000000000000BA
:1066E00000000000000000000000000000000000AA
:1066F000000000000000000000000000000000009A
:106700000000000000000000000000000000000089
:106710000000000000000000000000000000000079
:106720000000000000000000000000000000000069
:106730000000000000000000000000000000000059
:106740000000000000000000000000000000000049
:106750000000000000000000000000000000000039
:106760000000000000000000000000000000000029
:106770000000000000000000000000000000000019
:106780000000000000000000000000000000000009
:1067900000000000000000000000000000000000F9
:1067A00000000000000000000000000000000000E9
:1067B00000000000000000000000000000000000D9
:1067C00000000000000000000000000000000000C9
:1067D00000000000000000000000000000000000B9
:1067E00000000000000000000000000000000000A9
:1067F0000000000000000000000000000000000099
:106800000000000000000000000000000000000088
:106810000000000000000000000000000000000078
:106820000000000000000000000000000000000068
:106830000000000000DC000000000000000000007C
:106840000000000000000000000000000000000048
:10685000000000000000000000000000000E00002A
:106860000000000000000000000000000000000028
:106870000000000000020000000000000003000013
:106880000000000000000000000000000000000008
:1068900000000000000000000000000000000000F8
:1068A00000000000000000000000000000000000E8
:1068B00000000000000000000000000000000000D8
:1068C00000000000000000000000000000000000C8
:1068D00000000000000000000000000000000000B8
:1068E00000000000000000000000000000000000A8
:1068F0000000000000000000000000000000000098
:106900000000000000000000000000000000000087
:106910000000000000000000000000000000000077
:106920000000000000000000000000000000000067
:106930000000000000000000000000000000000057
:106940000000000000EF00000000000000D7000081
:106950000000000000000000000000000000000037
:106960000000000000000000000000000000000027
:106970000000000000000000000000000000000017
:106980000000000000830000000000000000000084
:1069900000000000000000000000000000000000F7
:1069A00000000000000000000000000000000000E7
:1069B0000000000000F900000000000000000000DE
:1069C00000000000000000000000000000C3000004
:1069D00000000000000000000000000000000000B7
:1069E00000000000000000000000000000000000A7
:1069F0000000000000000000000000000000000097
:106A00000000000000000000000000000000000086
:106A10000000000000A700000000000000000000CF
:106A20000000000000000000000000000000000066
:106A30000000000000000000000000000000000056
:106A40000000000000000000000000000000000046
:106A5000000000000098000000000000000000009E
:106A60000000000000000000000000000000000026
:106A70000000000000000000000000000000000016
:106A80000000000000000000000000000004000002
:106A90000000000000F900000000000000000000FD
:106AA00000000000000000000000000000000000E6
:106AB00000000000000000000000000000000000D6
:106AC00000000000000000000000000000000000C6
:106AD00000000000000000000000000000000000B6
:106AE0000000000000C400000000000000000000E2
:106AF0000000000000000000000000000000000096
:106B000000000000008100000000000000BA00004A
:106B10000000000000000000000000000000000075
:106B20000000000000000000000000000000000065
:106B30000000000000FF0000000000000000000056
:106B40000000000000000000000000000000000045
:106B50000000000000F10000000000000000000044
:106B60000000000000000000000000000000000025
:106B700000000000000000000000000000D3000042
:106B80000000000000000000000000000000000005
:106B900000000000000000000000000000000000F5
:106BA000000000000004000000000000000B0000D6
:106BB00000000000000000000000000000000000D5
:106BC00000000000000000000000000000000000C5
:106BD00000000000000000000000000000C10000F4
:106BE00000000000000000000000000000000000A5
:106BF0000000000000F6000000000000000000009F
:106C00000000000000100000000000000000000074
:106C10000000000000000000000000000000000074
:106C20000000000000EC0000000000000000000078
:106C300000000000000000000000000081000000D3
:106C40000000000000000000000000000000000044
:106C50000000000000000000000000000000000034
:106C600000000000FE000000000000000000000026
:106C70000000000000000000000000000200000012
:106C800000000000FC000000000000000000000008
:106C900000000000000000000000000000000000F4
:106CA00000000000000000000000000000000000E4
:106CB00000000000000000000000000000000000D4
:106CC00000000000000000000000000000000000C4
:106CD00000000000000000000000000000000000B4
:106CE00000000000000000000000000000000000A4
:106CF0000000000000000000000000000000000094
:106D00000000000000000000000000000000000083
:106D10000000000000000000000000000000000073
:106D20000000000000000000000000000000000063
:106D30000000000000000000000000000000000053
:106D40000000000000000000000000003000000013
:106D500000000000F900000000000000000000003A
:106D60000000000000000000000000000000000023
:106D70000000000000000000000000000000000013
:106D8000000000000000000000000000EA00000019
:106D900000000000000000000000000000000000F3
:106DA00000000000000000000000000000000000E3
:106DB000000000000000000000000000E4000000EF
:106DC00000000000000000000000000000000000C3
:106DD000000000007F000000000000000000000034
:106DE00000000000000000000000000000000000A3
:106DF0000000000000000000000000000000000093
:106E00000000000000000000000000000100000081
:106E1000000000000000000000000000E000000092
:106E20000000000000000000000000000000000062
:106E30000000000000000000000000000000000052
:106E40000000000000000000000000000000000042
:106E5000000000000000000000000000F30000003F
:106E60000000000000000000000000000000000022
:106E70000000000000000000000000000000000012
:106E80000000000000000000000000000000000002
:106E9000000000005A000000000000006200000036
:106EA00000000000000000000000000000000000E2
:106EB00000000000000000000000000000000000D2
:106EC00000000000000000000000000000000000C2
:106ED00000000000000000000000000000000000B2
:106EE000000000000000000000000000170000008B
:106EF0000000000000000000000000000000000092
:106F0000000000000000000000000000E20000009F
:106F1000000000001200000000000000000000005F
:106F20000000000000000000000000000000000061
:106F30000000000000000000000000000000000051
:106F40000000000000000000000000000000000041
:106F50000000000000000000000000003100000000
:106F60000000000000000000000000000000000021
:106F70000000000000000000000000000000000011
:106F800000000000E700000000000000000000001A
:106F90000000000000000000000000000B000000E6
:106FA000000000000000000000000000F8000000E9
:106FB00000000000250000000000000000000000AC
:106FC00000000000000000000000000000000000C1
:106FD00000000000000000000000000000000000B1
:106FE000000000001A000000000000000000000087
:106FF0000000000000000000000000001D00000074
:10700000000000000000000000000000EC00000094
:107010000000000000000000000000000000000070
:10702000000000000000000000000000EE00000072
:107030000000000000000000000000000000000050
:107040000000000000000000000000000000000040
:107050000000000000000000000000000000000030
:107060000000000000000000000000000000000020
:107070000000000000000000000000000000000010
:107080000000000000000000000000000000000000
:1070900000000000000000000000000000000000F0
:1070A00000000000000000000000000000000000E0
:1070B00000000000000000000000000000000000D0
:1070C00000000000000000000000000000000000C0
:1070D00000000000000000000000000000000000B0
:1070E00000000000000000000000000000000000A0
:1070F0000000000000000000000000000000000090
:10710000000000000000000000000000000000007F
:10711000000000000000000000000000000000006F
:10712000000000000000000000000000000000005F
:10713000000000000000000000000000000000004F
:10714000000000000000000000000000000000003F
:10715000000000000000000000000000000000002F
:10716000000000000000000000000000000000001F
:10717000000000000000000000000000000000000F
:1071800000000000000000000000000000000000FF
:1071900000000000000000000000000000000000EF
:1071A00000000000000000000000000000000000DF
:1071B00000000000000000000000000000000000CF
:1071C00000000000000000000000000000000000BF
:1071D00000000000000000000000000000000000AF
:1071E000000000000000000000000000000000009F
:1071F000000000000000000000000000000000008F
:10720000000000000000000000000000000000007E
:10721000000000000000000000000000000000006E
:10722000000000000000000000000000000000005E
:10723000000000000000000000000000000000004E
:10724000000000000000000000000000000000003E
:10725000000000000000000000000000000000002E
:10726000000000000000000000000000000000001E
:10727000000000000000000000000000000000000E
:1072800000000000000000000000000000000000FE
:1072900000000000000000000000000000000000EE
:1072A00000000000000000000000000000000000DE
:1072B00000000000000000000000000000000000CE
:1072C00000000000000000000000000000000000BE
:1072D00000000000000000000000000000000000AE
:1072E000000000000000000000000000000000009E
:1072F000000000000000000000000000000000008E
:10730000000000000000000000000000000000007D
:10731000000000000000000000000000000000006D
:10732000000000000000000000000000000000005D
:10733000000000000000000000000000000000004D
:10734000000000000000000000000000000000003D
:10735000000000000000000000000000000000002D
:10736000000000000000000000000000000000001D
:10737000000000000000000000000000000000000D
:1073800000000000000000000000000000000000FD
:1073900000000000000000000000000000000000ED
:1073A00000000000000000000000000000000000DD
:1073B00000000000000000000000000000000000CD
:1073C00000000000000000000000000000000000BD
:1073D00000000000000000000000000000000000AD
:1073E000000000000000000000000000000000009D
:1073F000000000000000000000000000000000008D
:10740000000000000000000000000000000000007C
:10741000000000000000000000000000000000006C
:10742000000000000000000000000000000000005C
:1074300000000000000000000000B000000000009C
:10744000000000000000000000000000000000003C
:10745000000000000000000000000000000000002C
:107460000000060000000000000000000000000016
:10747000000000000000000000000000000000000C
:107480000000FF00000000000000000000000000FD
:1074900000000000000000000000000000000000EC
:1074A00000000000000000000000000000000000DC
:1074B00000000000000000000000000000000000CC
:1074C00000000000000000000000000000000000BC
:1074D00000000000000000000000000000000000AC
:1074E000000000000000000000000000000000009C
:1074F000000000000000000000000000000000008C
:10750000000000000000000000000000000000007B
:10751000000000000000000000000000000000006B
:10752000000000000000000000000000000000005B
:10753000000000000000000000000000000000004B
:10754000000000000000000000002E00000000000D
:107550000000F60000000000000000000000000035
:10756000000000000000000000000000000000001B
:10757000000000000000000000000000000000000B
:1075800000000000000000000000EE00000000000D
:1075900000000000000000000000000000000000EB
:1075A00000000000000000000000000000000000DB
:1075B00000000000000000000000160000000000B5
:1075C00000000000000000000000000000000000BB
:1075D00000007F000000000000000000000000002C
:1075E000000000000000000000000000000000009B
:1075F000000000000000000000000000000000008B
:107600000000000000000000000001000000000079
:1076100000000000000000000000D4000000000096
:10762000000000000000000000000000000000005A
:10763000000000000000000000000000000000004A
:10764000000000000000000000000000000000003A
:10765000000000000000000000000F00000000001B
:10766000000000000000000000000000000000001A
:10767000000000000000000000000000000000000A
:1076800000000000000000000000000000000000FA
:10769000000047000000000000003A000000000069
:1076A00000000000000000000000000000000000DA
:1076B00000000000000000000000000000000000CA
:1076C00000000000000000000000000000000000BA
:1076D00000000000000000000000000000000000AA
:1076E0000000000000000000000029000000000071
:1076F000000000000000000000000000000000008A
:1077000000000000000000000000B50000000000C4
:107710000000240000000000000000000000000045
:107720000000000000000000000000000000000059
:107730000000000000000000000000000000000049
:107740000000000000000000000000000000000039
:10775000000000000000000000001A00000000000F
:107760000000000000000000000000000000000019
:107770000000000000000000000000000000000009
:107780000000F50000000000000000000000000004
:1077900000000000000000000000130000000000D6
:1077A00000000000000000000000FE0000000000DB
:1077B00000000500000000000000000000000000C4
:1077C00000000000000000000000000000000000B9
:1077D00000000000000000000000000000000000A9
:1077E0000000350000000000000000000000000064
:1077F0000000000000000000000022000000000067
:10780000000000000000000000000A00000000006E
:107810000000000000000000000000000000000068
:1078200000000000000000000000F900000000005F
:107830000000000000000000EB000000000000005D
:107840000000000000000000000000000000000038
:107850000000000000000000000000000000000028
:10786000FA0000000000000000000000000000001E
:107870000000000000000000000000000000000008
:1078800001000000000000000000000000000000F7
:1078900000000000000000000000000000000000E8
:1078A00000000000000000000000000000000000D8
:1078B00000000000000000000000000000000000C8
:1078C00000000000000000000000000000000000B8
:1078D00000000000000000000000000000000000A8
:1078E0000000000000000000000000000000000098
:1078F0000000000000000000000000000000000088
:107900000000000000000000000000000000000077
:107910000000000000000000000000000000000067
:107920000000000000000000000000000000000057
:107930000000000000000000000000000000000047
:107940000000000000000000DF0000000000EB006D
:10795000EA0000000000F00000000000000000004D
:107960000000000000000000000000000000000017
:107970000000000000000000000000000000000007
:107980000000000000000000EB0000000000780094
:1079900000000000000000000000000000000000E7
:1079A00000000000000000000000000000000000D7
:1079B0000000000000000000FF00000000000000C8
:1079C00000000000000000000000000000000000B7
:1079D0009C00000000007F0000000000000000008C
:1079E0000000000000000000000000000000000097
:1079F0000000000000000000000000000000000087
:107A00000000000000000000000000000000000076
:107A10000000000000000000030000000000000063
:107A20000000000000000000000000000000000056
:107A30000000000000000000000000000000000046
:107A40000000000000000000000000000000000036
:107A500000000000000000002500000000005B00A6
:107A60000000000000000000000000000000000016
:107A70000000000000000000000000000000000006
:107A800000000000000000000000000000000000F6
:107A9000D700000000000000B40000000000E30078
:107AA00000000000000000000000000000000000D6
:107AB00000000000000000000000000000000000C6
:107AC00000000000000000000000000000000000B6
:107AD00000000000000000000000000000000000A6
:107AE0000000000000000000E10000000000E700CE
:107AF0000000000000000000000000000000000086
:107B00000000000000000000EF00000000000A007C
:107B1000050000000000F30000000000000000006D
:107B20000000000000000000000000000000000055
:107B30000000000000000000000000000000000045
:107B40000000000000000000000000000000000035
:107B50000000000000000000D90000000000F80054
:107B60000000000000000000000000000000000015
:107B70000000000000000000000000000000000005
:107B8000C60000000000F20000000000000000003D
:107B90000000000000000000FA00000000000000EB
:107BA0000000000000000000FE00000000000000D7
:107BB000D5000000000000000000000000000000F0
:107BC00000000000000000000000000000000000B5
:107BD00000000000000000000000000000000000A5
:107BE0001F0000000000F100000000000000000085
:107BF0000000000000000000810000000000DD0027
:107C00000000000000000000FD0000000000000077
:107C10000000000000000000000000000000000064
:107C20000000000000000000FD0000000000000057
:107C30000000000000000000000000000000000044
:107C40000000000000000000000000000000000034
:107C50000000000000000000000000000000000024
:107C60000000000000000000000000000000000014
:107C70000000000000000000000000000000000004
:107C800000000000000000000000000000000000F4
:107C900000000000000000000000000000000000E4
:107CA00000000000000000000000000000000000D4
:107CB00000000000000000000000000000000000C4
:107CC00000000000000000000000000000000000B4
:107CD00000000000000000000000000000000000A4
:107CE0000000000000000000000000000000000094
:107CF0000000000000000000000000000000000084
:107D00000000000000000000000000000000000073
:107D10000000000000000000000000000000000063
:107D20000000000000000000000000000000000053
:107D30000000000000000000000000000000000043
:107D40000000000000000000000000000000000033
:107D50000000000000000000000000000000000023
:107D60000000000000000000000000000000000013
:107D70000000000000000000000000000000000003
:107D800000000000000000000000000000000000F3
:107D900000000000000000000000000000000000E3
:107DA00000000000000000000000000000000000D3
:107DB00000000000000000000000000000000000C3
:107DC00000000000000000000000000000000000B3
:107DD00000000000000000000000000000000000A3
:107DE0000000000000000000000000000000000093
:107DF0000000000000000000000000000000000083
:107E00000000000000000000000000000000000072
:107E10000000000000000000000000000000000062
:107E20000000000000000000000000000000000052
:107E30000000000000000000000000000000000042
:107E40000000000000000000000000000000000032
:107E50000000000000000000000000000000000022
:107E60000000000000000000000000000000000012
:107E70000000000000000000000000000000000002
:107E800000000000000000000000000000000000F2
:107E900000000000000000000000000000000000E2
:107EA00000000000000000000000000000000000D2
:107EB00000000000000000000000000000000000C2
:107EC00000000000000000000000000000000000B2
:107ED00000000000000000000000000000000000A2
:107EE0000000000000000000000000000000000092
:107EF0000000000000000000000000000000000082
:107F00000000000000000000000000000000000071
:107F10000000000000000000000000000000000061
:107F20000000000000000000000000000000000051
:107F30000000000000000000000000000000000041
:107F40000000000000000000000000000000000031
:107F50000000000000000000000000000000000021
:107F60000000000000000000000000000000000011
:107F70000000000000000000000000000000000001
:107F800000000000000000000000000000000000F1
:107F900000000000000000000000000000000000E1
:107FA00000000000000000000000000000000000D1
:107FB00000000000000000000000000000000000C1
:107FC00000000000000000000000000000000000B1
:107FD00000000000000000000000000000000000A1
:107FE0000000000000000000000000000000000091
:107FF0000000000000000000000000000000000081
:108000000000000000000000000000000000000070
:108010000000000000000000000000000000000060
:108020000000000000000000000000000000000050
:1080300000FCFDD61C000B2800F42C52F90095D64C
:10804000003F21184600F1F700E61E252D002B18F1
:1080500000CAA9000800D6ED00973C131200742452
:10806000000B06EBA9000A240038164402000E0F8C
:10807000001A3BFE1E00152B00EAEFE40F002CF95E
:10808000009600C3C400F9D700F41A10110081341F
:1080900000B6CFED2F001CEA00242F090600FBFCE0
:1080A000002728DFD8002909001F37C228001F2A0F
:1080B00000ECEF12E200232B0000000000000000A3
:1080C000001C0FBAE70012FC0000000000000000D6
:1080D000000000000000000000DBECEBD7002FE305
:1080E00000DBD6FAEB00FEFC000000000000000000
:1080F00000FA3134ED00F241000000000000000001
:1081000000424701080008DC0056D9FDF2004B1C74
:1081100000282EDA1000AEEF00311A852500F10D8F
:10812000000000000000000000B62114F000C0F3C1
:1081300000D8FF2A080008D300E917C9010022016E
:10814000001F2DD11000EC28000BD8EF0200FB041B
:108150000006FC040600FBFE00001BE818001433B8
:1081600000C0CEEE2400860A00EF000D2D00D2F3F1
:10817000005DF3120F00D4360012EF3BFA00150039
:1081800000F63008E700C9300023CD2EEA0036376C
:1081900000000000000000000000000000000000DF
:1081A00000FB24BBF80021D7002ECBC29D00AF3BC3
:1081B00000461DF6D700B73300EDFE19F30020EBA3
:1081C000009110B41A000B6700DD000BF4009F2D26
:1081D00000403232EF00B90500000000000000004E
:1081E000000831EAD200E3070008C4F2F500451B9D
:1081F000003319DF0300895C00000000000000006C
:1082000000C534EBEE00E91C000000000000000097
:10821000001526DEFB00F13E000C14393000FFE9AA
:1082200000B507E4E600A40400E0012832001C10B9
:1082300000131B2219004AA000FF000000000001EB
:108240000002FDFA2100ED380000000000000000EF
:1082500000000000000000000039FCC31F000434CF
:1082600000180CF0CC00C8E60051D3761D005BDF8F
:1082700000000000000000000054D819E8004CB0D5
:108280000004CAC8E000F116003A2381F30039DD8A
:1082900000DE07F11100A52200AECD2EB600E5DD0F
:1082A0000000000000000000003705EEF200D5ECF1
:1082B00000EE99FACB00A71C00FBE8F8FC003BD9C4
:1082C000000E31D3ED0050DF005DF4E51E00C3ED7C
:1082D00000EC24FC1A00CADA00BB45450900D81A94
:1082E00000371D469A001721000000000000000022
:1082F000001B12F6F4007F10001881363300B60F11
:108300000009626E5200C818001EE0E9000052DB4E
:108310000013421EC10091E000DC2CF121008E43CD
:10832000000000000000000000F1FBE6DC00E0229D
:1083300000C544B5510043D8000000000000000013
:10834000000000000000000000D7160AD300182625
:108350000017D3C1A600440B0002F4C1EC000817BB
:1083600000CAC702FE000144000000000000000037
:1083700000000000000000000009E04C2D00D2FECB
:1083800000391AE10400F6D700D4F8FF01003EFBE3
:108390000006ABFEE4004F050014F707C200622C94
:1083A00000000000000000000008E1FA200023DACD
:1083B000001117184000F01D00BED606DE00EEE6E4
:1083C000003E1B18DA00F6150034021A3A0027DCCA
:1083D00000FB12D30B00E9010007EE73E800EC2E5E
:1083E000001F09EC4200DDE700FD15F7F000322622
:1083F00000BFC10E11003E81000908090A000705EF
:10840000007FD2090D00C31A00CBEF5422000F0CDD
:10841000005ECA5F52005AC800CE35DD7F001BEFF8
:108420000005BEB4E0004E0B00FD01FEFF0003029C
:10843000E45F00FE0000002602FF00A20000002D05
:108440002BE50032000000F350010040000000075F
:10845000CB3D00C2000000C61AE200300000001947
:108460001EFC0030000000F0F53D00E6000000F3C7
:1084700011EC0012000000F1DCFA00B8000000214D
:10848000F3EA00DD0000001EEBE400EB0000000951
:1084900083E100CE000000141821004900000021F3
:1084A000461B00670000001D21FA004F000000DF9E
:1084B000063100340000001200000000000000003F
:1084C0003D2200F7000000CE000000000000000088
:1084D000000000000000000004B40013000000E6EB
:1084E000FE1A001B000000F4000000000000000065
:1084F000D1E300C6000000F600000000000000000C
:1085000015B00037000000E312120005000000D98A
:10851000FE0100ED0000002EB3EA00F5000000C2ED
:108520000000000000000000F9BC00CC000000E3E7
:108530001932000B00000092E3D60026000000E88C
:10854000F9C900E2000000320FE000F9000000036A
:10855000030000FE000000F918F300DA000000023A
:108560003AF800A700000002F5DA00A80000001A9F
:10857000E4DB00B300000046FEFE002C000000001B
:10858000C6E900BE00000004190B00200000001323
:1085900000000000000000000000000000000000DB
:1085A00029EC00C7000000F6BD8100C20000001EDB
:1085B000E7AD00E9000000C217FA002A000000F34E
:1085C0002DF1004400000007964F00C80000002471
:1085D0002810001E00000031000000000000000014
:1085E0000F12002F00000035FD45000200000011B1
:1085F000CCF700D7000000F80000000000000000E9
:10860000E50100AF000000140000000000000000C1
:10861000F90100EB0000002DA4F100F4000000328D
:1086200098F700740000002AECDD00E9000000F873
:108630003302000E0000001401FF00FF00000000E4
:1086400035F2001B000000E0000000000000000008
:108650000000000000000000060B0053000000C8EE
:10866000BDF400CE00000009DFEE00480000003637
:108670000000000000000000DD10003200000038A3
:10868000CDE2002B000000FF0F5300390000002155
:1086900004F100FB0000000BADEB00810000007F47
:1086A00000000000000000001B22002F000000FD61
:1086B000FE0B0042000000F4CFFB00170000001684
:1086C000D9E3001D0000003A0F3000EE000000006A
:1086D0001FE600010000000DDDBF00D4000000E037
:1086E000E4B700C8000000E5000000000000000042
:1086F000E5F100DF00000028E96100ED000000C2A4
:108700007FD400090000001DF43300410000001474
:10871000E8F800BC0000000ADD0700A60000001019
:108720000000000000000000FD4300F200000043D4
:1087300004F9000F000000E100000000000000004C
:10874000000000000000000028EE0033000000EEF2
:10875000FA0A000C000000ED2AEB0021000000F8EE
:10876000B53000E300000009000000000000000038
:1087700000000000000000004AC9001600000012BE
:10878000E600001C0000001CFD0D001B0000001F87
:10879000F8F9004C000000F7F42E00FA0000004148
:1087A0000000000000000000E3F5001D0000000EC6
:1087B000BD2300E7000000043FFD00150000000A93
:1087C00014CA00C7000000EEC4AE00DE00000020A6
:1087D000F8070036000000D8FA11001F000000144E
:1087E000CA0A0049000000D70A5400EB000000F359
:1087F00003D7001F000000F0FAF900FD0000000799
:10880000171900DC000000FD483F00D30000000500
:1088100009E500F6000000F2C611001B0000001B75
:10882000C9260078000000B2FEFD0000000000FE36
:1088300000EA00002D00270000D30000E5001C0026
:10884000002F0000E2000E0000F90000FE00D3003F
:108850000000000021002B0000D700003400AF0012
:10886000000E0000D4001E0000220000FF001000D7
:10887000000A0000FD00EF0000100000FF00D5001E
:10888000004A0000D300390000FA00000200CE00C8
:1088900000DB00000F00060000FF0000550037005D
:1088A000002700007F00E60000FA000029004800D1
:1088B000000100000A00CC000000000000000000E1
:1088C00000490000EF00A7000000000000000000C9
:1088D0000000000000000000004E00000C001B0023
:1088E00000EC00000300E4000000000000000000B5
:1088F00000FE0000170094000000000000000000CF
:1089000000F900000900070000170000EB00080054
:1089100000EB00006A001500002A000001000E00B4
:108920000000000000000000003F0000E100D70050
:10893000000B00004400F50000120000F3000800E6
:10894000003F000009009D000005000012003700F4
:1089500000020000FC00000000F40000C300F7006B
:1089600000300000CB00A80000B90000D100E500F5
:1089700000E10000D100C80000C90000280002008A
:1089800000EC00001500F80000FA0000E800DE002E
:1089900000000000000000000000000000000000D7
:1089A00000050000DD00FD0000380000DD001F00B4
:1089B00000010000BB00FA0000070000FC00FD0001
:1089C00000EB00002500C800007F0000BD002B0068
:1089D000000E0000FD00120000000000000000007A
:1089E00000CA0000C700260000330000E200E900D2
:1089F00000130000F9003E0000000000000000002D
:108A000000F400001B00390000000000000000001E
:108A1000000700000F00D80000D60000EC0009009D
:108A200000E900001800EE0000EB00001500E8006F
:108A3000003F00002D00F500000100000100FF00D4
:108A400000220000E300D100000000000000000050
:108A5000000000000000000000F30000BE00040061
:108A600000130000F200BC000045000006001D00DD
:108A70000000000000000000003B00003200090080
:108A800000F900003900F40000F70000330009008D
:108A900000E60000E0000C0000F90000E2002A00FF
:108AA0000000000000000000002C00003D00270036
:108AB00000140000D500CC0000FA000018000700E8
:108AC000002B000038001D0000D900003B0006000C
:108AD00000ED00004300F500000F0000AC00D900DD
:108AE000000E0000DF00E5000000000000000000B4
:108AF000000F0000F000DA0000040000DE00F000CB
:108B000000FA0000C800D900003500002700F60078
:108B1000002800002D00C10000B90000FF007F0008
:108B2000000000000000000000D800001700D30083
:108B300000DE0000CD00C5000000000000000000C5
:108B4000000000000000000000DC00000D00F30049
:108B500000F30000FD00FD00001000001000DB002D
:108B600000D800003A00770000000000000000007C
:108B70000000000000000000004300002500A500E8
:108B800000E200001B00FA00002700002900D700C7
:108B9000000C00004900DF0000E600002900B000E2
:108BA000000000000000000000F200002A00F400B5
:108BB00000FC00005A00FC0000FF00001100A700AC
:108BC00000110000EB00C20000F800003F00FC00B4
:108BD000002300000100000000D50000F100D100DA
:108BE000000500001500D10000FC000004001C007E
:108BF000003100001600A90000080000110001006B
:108C000000F60000E200230000080000EB00F40082
:108C1000000400001400F100000100007D000500C8
:108C2000000B0000BA00CC0000020000FE00FE00B5
:108C300000005B00000000CBF8001900000000F409
:108C4000FC00FE0000000020F500AE00000000392E
:108C5000FC004600000000D821002700000000F4BE
:108C60000C003600000000FCE500240000000010AD
:108C7000CD00EC00000000F74200FF00000000F112
:108C80002F00FC00000000E60400D00000000029D6
:108C9000FF00B400000000E5ED001F00000000141C
:108CA00040002A0000000032DC00D1000000001665
:108CB00010002800000000F8F6000000000000008E
:108CC00000002E00000000FEDB000000000000009D
:108CD00000000000000000000000D60000000010AE
:108CE0000A00D900000000E01300000000000000AE
:108CF00000008700000000061500000000000000D2
:108D000000000F00000000F90000F8000000000360
:108D10001E00EF00000000C3ED0022000000000371
:108D2000BB0000000000000000009F00000000CD1C
:108D300029001100000000FF0600DB00000000DE3B
:108D4000F700C400000000EF3F00DA000000002B35
:108D50004000FE00000000FF0100F5000000002EB2
:108D6000DF001500000000133E00FA000000002C98
:108D70001700A900000000CF000019000000000843
:108D80001D00D20000000021F100E50000000003FA
:108D90007F00000000000000000000000000000054
:108DA00000005900000000E902000700000000CBAD
:108DB0000100FA000000000F2100D4000000002094
:108DC0001400DE00000000C6FE0086000000000E59
:108DD0002100F000000000240F000000000000004F
:108DE00000002700000000FFF100F1000000001D5E
:108DF000FF00BF00000000185F000000000000003E
:108E000000000400000000EB1C0000000000000057
:108E10000000F900000000C43B00D600000000DCA8
:108E20002900E90000000008BB00D400000000D5C4
:108E30002E00F00000000013FD000000000000FF05
:108E40000000DF0000000024F3000000000000002C
:108E500000000000000000000000530000000009B6
:108E60001900090000000013FD00F80000000005D3
:108E7000DC000000000000000000BB000000000556
:108E80003E00D9000000001451001B00000000D873
:108E90000800B700000000D8DC001200000000F954
:108EA0004B0000000000000000009A0000000024B9
:108EB00028005800000000FA1500BE00000000E184
:108EC00008000300000000210D00F100000000DD9B
:108ED0000C00D5000000001839000900000000FE59
:108EE000E8003E00000000610400000000000000F7
:108EF00000001400000000D51E000F00000000025A
:108F0000DB002A0000000008CE00E900000000029B
:108F10000400F400000000110A00E900000000084D
:108F2000BF0000000000000000007F00000000FA09
:108F300025000500000000065D00000000000000A4
:108F4000000000000000000000001400000000F716
:108F5000AC00FA00000000DD43004200000000FF0A
:108F6000E800C50000000081E400000000000000EF
:108F700000000000000000000000B100000000FC44
:108F80004E000300000000F5F9000600000000F5A7
:108F900031001100000000F8FC00FC00000000AEF1
:108FA00004000000000000000000EF0000000015B9
:108FB000F0003E00000000F70A00FB00000000C8BF
:108FC0001E00FC00000000E4F300E200000000BF0F
:108FD000F800EB000000000748002C0000000034FF
:108FE000DC003A00000000F1F2003700000000EB66
:108FF0000A00DB0000000014DB00FF00000000FDA1
:10900000FF00DC00000000EB3F00DA000000000C75
:1090100043000100000000E02800C400000000FE42
:109020004600AB00000000EA48000000000000FD20
:1090300000007F17871600E87BE7D6FE063600099A
:10904000DFE9EEEA0320007F06F8D837DC2C00F7D2
:10905000FFDCFAC1FFB500FB597F1DE7E6F40047CE
:1090600012FFF1D936EE001317667309162E00F5BC
:109070007FE0F8F94AC1003E32EBF231D9610025B8
:10908000C04C550A0BC800DB012506EC1B0E004244
:10909000E0232FD5D6D2000C47D732354D16000726
:1090A000F204B313E2310037E7FA3D106C130015F8
:1090B000DC22600A02BE00E70AB5000000000000E2
:1090C0000000F2F413F300F918E8000000000000BB
:1090D00000000000000000000000DD8160D90042B7
:1090E00051C5E5DC60A700625A25000000000000C1
:1090F00000008F231D4200252AA800000000000068
:1091000000001B0BB227001730FAC506C2EE00366E
:109110003D23E626F5FB0024F1EF63E5237C00E325
:1091200025D40000000000000000092FCF470016E2
:1091300092D6FDC91E5400DA02B340C7EFEA0064BC
:109140004C2012140C4C00F4DA3835DE0E1C0012E0
:10915000E4E700020B0100FC03080403042D00EB0C
:109160001307F115D1D900C5BF089E62F3EB00FCCF
:10917000DA00E2F8EF1100C8D387FE19430A003382
:109180000AE3BEFCCB4A00111309EA1CC9D700222E
:10919000F60B0000000000000000000000000000CE
:1091A0000000EE10122E0018BAFCD515C3F100ED28
:1091B000A21BD6240AAF0042DCEA2DE4EDE500F163
:1091C000242958171DEB002EC5B0AC10C9D60008D5
:1091D0001F26D31703FD0017F7E900000000000069
:1091E00000000A1A0B0100FBE9EF1E1EF12A00FD28
:1091F00040A1051CDE4400E7B700000000000000AD
:1092000000001DB32B6C00D7F9EA0000000000003D
:10921000000044D4E6360047C1D3C5D124E900FF9D
:10922000192B1CFD196A0004E204D2D2CEC2001E22
:10923000E82173FE43A5005E26F301FF000200FF54
:1092400000FDF1DDDFFE00F2120A00000000000068
:109250000000000000000000000068F8DDEC0028BD
:1092600035F79F0AD9DE00E7ABEB10CEF51000789A
:109270003F0B00000000000000004D025A5400089F
:10928000E6F627DA052100F3451323C805D300E7E6
:1092900011F1FA23F31D00FF9D3CCD29E11B0023B2
:1092A000E32D0000000000000000A01545DE0023B3
:1092B00013D297F847DA00CCFBD33E330AF300060B
:1092C000FF0ADACB1ED200FCFA3337D7E45000D1C4
:1092D0006A030CE17FDE003A1EFED8ADD27F00DFCC
:1092E0000E472B00764300D8BE250000000000008A
:1092F0000000211C01C6005527DABBE308C200F8B4
:10930000291BC0D3C53B003CCA0E4EE72CB400411C
:109310002BD490C5622600D278DAEFCE19F0002D5A
:109320009E130000000000000000EBF12C07000677
:1093300034FFF03E0C1000DDF2F8000000000000E9
:10934000000000000000000000001FDF13CC000C34
:109350004AE45D0FD40F0036D7B11C0A001000F1AB
:10936000F0C648CBBC01004604200000000000000D
:10937000000000000000000000004FDB60F500FC72
:10938000EEEA69081FC000D909E5223BFFBC00D402
:109390001EBF465C251600FEB30B2C1FD5E500F75B
:1093A00006D0000000000000000033552304000632
:1093B0000BEE38FCDE460011D9FAABF9F2D900FF0A
:1093C0003418A523B44F003AEEEA1731BDE9001D69
:1093D000E7CF27F10C2A00D4E530BF01F007001FCA
:1093E000B82290CD4CE800154A2B2AD0BB54002F50
:1093F00034101D4DF3E30012DC1B03FFF20400F8F0
:1094000001F9FE1846E500F90200D52EC51700380F
:10941000D7D30304E3AF005F1C1A2AF4556300F7A7
:10942000F3182CD6F8D70043EBFD04FCFE02000530
:10943000FFF3002800E7000C150000AC00F700B4B3
:10944000FF0000FE001F00E5CB00001A00D4000A58
:10945000F10000BE00D900F5E700002900D1002787
:10946000330000F6001F0020130000C600CB000AE6
:10947000FA000037002C003BFF0000EC0004000B5A
:10948000E30000E300DB00070E0000F0000900EB42
:10949000210000A600EE00CB1C00000D000A00DF3A
:1094A000F900003B00DF0016130000F50055002C0A
:1094B0000D0000FB001D0042EA000000000000005B
:1094C000000000DE002D0035E60000000000000076
:1094D000000000000000000000000068000800120A
:1094E0001800000C001F003BFD0000000000000001
:1094F000000000AC00F600A7FF0000000000000024
:10950000000000FD00E100EF0D00001D00F0003E36
:109510002D0000A200D60006FE0000C100E700C832
:1095200008000000000000000000002600B500E474
:109530000F0000ED00B400B83B0000F300EF002C7A
:10954000EF0000D30001000DD400001C002C00EE41
:109550002300000000040004FB00004400D30010BE
:10956000FD00000000CD00AD0900001900DD00E69F
:109570003700003600D400E31A0000F6005400E182
:109580000D0000EC00E000D4280000D7003D00DC16
:1095900014000000000000000000000000000000B7
:1095A000000000E900E200E0E80000DF002900D34D
:1095B0001900001B00DD00D20B000003000200C6F2
:1095C000F100001E000600130100008100F7003CBE
:1095D000D80000B2005600F0E900000000000000D2
:1095E0000000004B002700C1EA0000B3001800E2B1
:1095F000C000003200F300B10B00000000000000CA
:109600000000001000CB000BE00000000000000094
:10961000000000C300FE00D90B0000F600E9000ABC
:109620000700001600CE00DCFB00002F00D000D5A4
:109630001D00002B0004007FE0000000000000FF80
:10964000FF00001100ED00EA120000000000000021
:1096500000000000000000000000009700F7004A32
:109660000D00000B00F800FEDA0000D9006900B61A
:10967000FE0000000000000000000008004600019D
:10968000E10000E7000600F7060000D600E1000850
:10969000DB00002600D000361700000800B400B53B
:1096A000E7000000000000000000009E006B000EBC
:1096B000050000DE009D000A1300001B0024003599
:1096C000F900004400F600F6010000E100CF00BC04
:1096D000FC00003200B30003DE0000FD002700D3D1
:1096E000010000AD0081004B7F0000000000000081
:1096F000000000EA00EF00330200001000DD000D62
:10970000170000D000FB00FCE600004F004200E321
:109710003600004700DD00FDE00000F2004000C917
:109720002F00000000000000000000F500C2001A39
:10973000F40000D300DF00050A0000000000000074
:10974000000000000000000000000034002200F4CF
:109750000300003B003300DBE900003100F100F6BC
:109760001D0000F8001200141F000000000000009F
:109770000000000000000000000000AB00D4001951
:10978000D800003E000C001F1C00005900FF002AFA
:10979000FC00009A000D00182500001E001400FEB9
:1097A0001F0000000000000000000010001C00FB73
:1097B000EA0000E200E20001EF00003D004000EEA0
:1097C000EE0000C000FB0024160000F0003D00E2A7
:1097D000000000AB00FF00F4F90000E6001300F108
:1097E0001400003E002C0032100000DD00DE0026D8
:1097F000F80000E7002200F41A00000100FE00F962
:10980000FF00003200E6000427000017003300F0DC
:109810001E0000B600700000EF0000F400EF00FE34
:10982000F70000FC0014001A090000FC000000040E
:10983000FF00000F00D40000FA3500FD0005000015
:1098400003D6004200330000F20500EE004800009D
:1098500081E80012003000003FC100F300FB00006F
:10986000ED7C00D2002100001D1B00CB00D00000C9
:10987000CDFE00C1000D00000CEE00A200E40000CF
:10988000F0DD0030008E0000C83B00D6002B000049
:1098900027140023006800001CC000FB0025000006
:1098A0002AD3007F00010000F21C002B0001000001
:1098B000E4D4002600D60000FCE100000000000017
:1098C0000000003200EF00002555000000000000FD
:1098D00000000000000000000000001200980000DE
:1098E0002CF800CC00860000049D00000000000061
:1098F0000000004800D400002BE20000000000003F
:109900000000000500F80000FE24001B00300000ED
:1099100023F300B7001E000041E300F700A700009A
:109920001FFB000000000000000000E4002E00000B
:1099300004DF00DB00050000FBF3001A00D9000083
:10994000F9D500F1003600001F1F009200C0000092
:10995000170A000A00FA0000F5F20006000E0000E7
:10996000E6FB00EA002D00000BC20030003C0000C6
:10997000EDCF00DE000D000039C2000B0002000038
:1099800019D100CD00DD000016B8004400E200004F
:109990000452000000000000000000000000000071
:1099A0000000006300050000E346004C00AD00002D
:1099B000E87800E300020000120000D300D60000A7
:1099C00002E9000E00F400000BB00050008400001B
:1099D0004830004300F80000CAE500000000000025
:1099E000000000EE00E20000E54B004000CA00006D
:1099F000E0B10009002E0000F9F6000000000000B0
:109A00000000001400E700003039000000000000F2
:109A10000000005900C1000008ED00C7002500004B
:109A2000C6BB00E300DE000033FA001F00F10000B7
:109A3000F65300E400BA0000F9380000000100000D
:109A4000000000D0002E0000E21A0000000000001C
:109A50000000000000000000000000E1001D000008
:109A600012EC00EB00340000D7F5007800C70000CE
:109A70000D0C0000000000000000000D00E60000DA
:109A80001908003900C4000038BB00F600C400000B
:109A900012C00014003E00000AAB0021000A0000C2
:109AA0003424000000000000000000E20006000076
:109AB000F5290023000F000007C300210013000058
:109AC000E70A00CB00E90000E67500DC00CD0000ED
:109AD000D611000200750000E7B200670000000028
:109AE000FED30037003700009B1700000000000085
:109AF000000000AC00150000EAEA00210039000077
:109B0000ACD0000000220000AD59002F002500005D
:109B100009CF003B001E0000177F00000019000065
:109B2000D2000000000000000000000000C00000A3
:109B300030DF00D2007F0000CBFA00000000000000
:109B40000000000000000000000000E800DF00004E
:109B5000C2EF00010006000008B600EF003200006E
:109B6000BBFD003B00B400000E250000000000001B
:109B700000000000000000000000003C0035000074
:109B800063D500BD00E10000DCEB00AF000F00007A
:109B90001724000F00DE0000481A00E2000C00004D
:109BA0000C160000000000000000002D00DF000087
:109BB000F2E100FA004D00000C1C00CF00FE000096
:109BC0002A02001A00250000C53B000E0014000008
:109BD000F45300EC0016000010D200EA00EF000081
:109BE000F7DE008B00E00000FB8B005C00B00000A3
:109BF000F453007E00E20000EC4200F60002000098
:109C0000F7FD00E700D50000A89E0012001E00002E
:109C1000B5BF00CF00EC0000F10C00FE0013000007
:109C20001FE3003B001A0000172F00FF0002000096
:109C3000FD04000000F200F36600000000F10012D5
:109C4000E600000000D600B5E400000000DD00C81A
:109C50000600000000EC00D91300000000FA00210B
:109C600024000000009F00F2EC0000000027002EFE
:109C700046000000005B00E5350000000017006AA8
:109C80000300000000C70023D8000000000E002ED3
:109C90000200000000B70022FF00000000EF002ECD
:109CA0000000000000D80057BB00000000C500D92C
:109CB0003F00000000A7002DED00000000000000A4
:109CC0000000000000EA002FBF00000000000000BC
:109CD000000000000000000000000000006400E838
:109CE0009900000000F6001CFC00000000000000CD
:109CF00000000000004900F03800000000000000F3
:109D000000000000005B00FD0900000000B300F44B
:109D1000C300000000ED004222000000003D007F73
:109D20003B000000000000000000000000EC00FC10
:109D30000C00000000180000C70000000022001501
:109D40000300000000E30071D70000000011006173
:109D50007400000000FF0005FD000000001700FC7B
:109D6000F0000000000000FFFA000000001300D621
:109D7000A300000000C00003CA0000000024002768
:109D8000EC000000007F00BF3000000000DD00FD9F
:109D900006000000000000000000000000000000BD
:109DA0000000000000E000DCEB00000000FD00F817
:109DB000AA000000003500B90D000000001C00CA18
:109DC000F600000000FC00E3D800000000360009A7
:109DD0001C000000002000CF050000000000000073
:109DE0000000000000CD00DFC1000000000B0010EB
:109DF0002D00000000D90019100000000000000034
:109E00000000000000DE0016FA0000000000000064
:109E10000000000000180044CA000000002E000DE1
:109E20005500000000CF00CFF400000000D3003E3A
:109E300098000000001400ECAE00000000FF0001DC
:109E400001000000000E0010E4000000000000000F
:109E500000000000000000000000000000E0000C16
:109E60003E0000000023000BDB00000000F000F2C9
:109E7000D90000000000000000000000000600FF04
:109E800005000000004500483B00000000F80014F9
:109E90002300000000040023B100000000A3001E06
:109EA000F7000000000000000000000000FA00D8E9
:109EB00076000000002E00FDF50000000005002BDC
:109EC0001A00000000FB0065F6000000003C00598D
:109ED0003D000000001000DEF600000000C100BEE2
:109EE000BD00000000CE00361000000000000000A1
:109EF00000000000000600C20B00000000B100DD01
:109F0000CC000000001F00EBF800000000F500D7B7
:109F1000E6000000006E00C61B00000000FA000F03
:109F20000A0000000000000000000000001800FB14
:109F3000F700000000DB0015D40000000000000066
:109F400000000000000000000000000000E500EF3D
:109F5000F100000000F000EF2300000000CC00F949
:109F6000FD00000000EA000FDD000000000000001E
:109F700000000000000000000000000000110021AF
:109F80003500000000F20060EE0000000043001EFB
:109F90003800000000FB00330F0000000002000941
:109FA000FC000000000000000000000000F20010B3
:109FB000EE0000000009003E1000000000EE00006E
:109FC00009000000001900F0E0000000001A00265F
:109FD0002C00000000EC00F71400000000F900FB6A
:109FE000D800000000D000010A0000000023002477
:109FF0003F00000000F800F4290000000002000506
:10A00000FF000000005000E87F00000000D300EBDC
:10A01000E600000000BB0050FE000000001400201D
:10A02000EA000000000100F1D70000000005000276
:10A030000200000011000C13ED001400EB00FEEB19
:10A04000330009008A00E2FC4C00F10027002CD903
:10A0500020009B005C00F1251600D900170023FDAD
:10A06000F9003200A900A91831000C00EE002CCD37
:10A070002600E700C4004E11E700BA00CD001CED39
:10A08000170008000500FBF11500FA00FB003DE891
:10A09000FF00F6005700F7483E0008000500FEEFFD
:10A0A000F300FA00F70028EC0C001000D700FEFBCC
:10A0B000BB001300D600C87F0800FB0000000000B2
:10A0C00000000000A80065E61D00C40000000000BC
:10A0D000000000000000000000000000580051EEE9
:10A0E000C100FB004C001BF24A000400000000000D
:10A0F000000000006000FBE1CF00E4000000000071
:10A10000000000001000FE20D40027002A0004698F
:10A11000E40015000500D7002B004100D600F03206
:10A12000250034000000000000000000E00005DA17
:10A130002200D600E300D2EF120033000700100324
:10A140003100F5000E00701ADB001A00BE00EC00B2
:10A15000F400F4000B000400FE000000F30067FBB5
:10A16000EB00CC00E400FB26FE001200C70049FD16
:10A170004D00DA003500180C1B00FB001400D42E33
:10A18000DF003E001100E1DD3900ED003700F9EBA2
:10A190002500410000000000000000000000000059
:10A1A000000000001C0004EEF6005300D20039A9A4
:10A1B0003400230020009653F000C700F800E1F1BE
:10A1C0002900F200F90037021200F400E70058E21B
:10A1D0000900D500E00005D81400F70000000000D9
:10A1E00000000000B6009DF01C00A5004B001E0CF6
:10A1F000CA00300019001EE21000DE00000000005E
:10A2000000000000390011033600DB0000000000F0
:10A2100000000000FA00FAD727000500E9009A0CB8
:10A220004200B2007F00BFE90500D900B700F9097C
:10A2300041002300FE0003F8E800C9000000FF0011
:10A24000FE0000001600DE103B00FD0000000000D4
:10A250000000000000000000000000001E00F90DDA
:10A2600024009600BF0053C8FE00FF000800BC0D8C
:10A27000CD003B000000000000000000F200F211E1
:10A280007F003F00EE00F81F28002700EB0009D1F7
:10A29000340030001D000001CB00E500360094FBC7
:10A2A000AE0023000000000000000000DC000CE114
:10A2B000EC00F100F40018CA1300F900FF00EB27CE
:10A2C00012001500BF000C1DF50031005C0015E800
:10A2D00003004100F400260EFB0029001B0009E8E2
:10A2E0001100BE00BD00F501E2003E0000000000CC
:10A2F000000000001B00A308C5000000DA00E7EF23
:10A3000028002800A4007FCF1400C70035000FD814
:10A310002D00D4004C0074E1FE00F600F3000EA7FF
:10A320003000030000000000000000002E0023FCAD
:10A33000E400210089006A1D3000CC00000000000C
:10A34000000000000000000000000000D30034FE08
:10A35000F600C500FB00CFD9F800E60007004CFA74
:10A36000DD00DD00C300E5DADA00060000000000D1
:10A370000000000000000000000000002700F907B6
:10A38000340023002C00DFEDF40020002700A90F8B
:10A39000F70009000100C2FC22001500D100580797
:10A3A000FA00FD000000000000000000EB000E18A5
:10A3B00041002200120025F005002F004600DC714C
:10A3C000D700D500C700511814003D0002001B57EC
:10A3D0000B007F0044005DE93200F200C100F2DFB3
:10A3E0000E00F100E30058EC4D001F001D00D6EBFD
:10A3F00025001A00EB00CD012B00120001000EFD1C
:10A400000200FC001600C821F900E200E60013FF7C
:10A410002F001200D300EFE8F70055003D002C2F6D
:10A42000090008000E00C8E919002500FE000A0016
:10A43000FE00F500000000000000B2000000000077
:10A4400000003A00000000000000EE0000000000E4
:10A4500000008100000000000000D90000000000A2
:10A4600000009A000000000000002F000000000023
:10A4700000009B00000000000000C400000000007D
:10A480000000DD00000000000000240000000000CB
:10A490000000D6000000000000002E0000000000B8
:10A4A0000000110000000000000004000000000097
:10A4B00000000C0000000000000049000000000047
:10A4C00000000000000000000000B60000000000D6
:10A4D000000000000000000000000000000000007C
:10A4E0000000FF0000000000000006000000000067
:10A4F00000000000000000000000C5000000000097
:10A5000000000000000000000000AE00000000009D
:10A5100000002200000000000000320000000000E7
:10A5200000006500000000000000000000000000C6
:10A530000000DE00000000000000D000000000006D
:10A5400000003F000000000000002B0000000000A1
:10A550000000CE000000000000000300000000002A
:10A5600000008600000000000000F3000000000072
:10A5700000003F00000000000000E80000000000B4
:10A5800000004100000000000000A40000000000E6
:10A5900000001000000000000000000000000000AB
:10A5A000000000000000000000006B000000000040
:10A5B0000000E300000000000000160000000000A2
:10A5C00000002F00000000000000DE00000000007E
:10A5D0000000EE0000000000000014000000000079
:10A5E00000000000000000000000A10000000000CA
:10A5F00000004600000000000000F4000000000021
:10A6000000000000000000000000EF00000000005B
:10A6100000000000000000000000D3000000000067
:10A620000000AF00000000000000C60000000000B5
:10A630000000EB0000000000000026000000000009
:10A6400000000000000000000000EB00000000001F
:10A6500000000000000000000000000000000000FA
:10A660000000BA000000000000000200000000002E
:10A670000000570000000000000000000000000083
:10A68000000016000000000000004B000000000069
:10A6900000001200000000000000F20000000000B6
:10A6A0000000540000000000000000000000000056
:10A6B000000006000000000000002D000000000067
:10A6C0000000EB000000000000000B000000000094
:10A6D000000033000000000000000900000000003E
:10A6E00000001E0000000000000035000000000017
:10A6F00000000000000000000000E8000000000072
:10A700000000C00000000000000003000000000086
:10A7100000009B00000000000000B90000000000E5
:10A720000000210000000000000000000000000008
:10A7300000002400000000000000CE000000000027
:10A740000000000000000000000000000000000009
:10A7500000002500000000000000000000000000D4
:10A760000000F600000000000000FA0000000000F9
:10A7700000000000000000000000000000000000D9
:10A7800000000500000000000000F20000000000D2
:10A79000000005000000000000001700000000009D
:10A7A0000000D400000000000000000000000000D5
:10A7B0000000FE0000000000000027000000000074
:10A7C000000065000000000000000900000000001B
:10A7D00000003C0000000000000008000000000035
:10A7E00000002700000000000000CD000000000075
:10A7F00000002300000000000000440000000000F2
:10A800000000F700000000000000F200000000005F
:10A8100000002E0000000000000075000000000095
:10A8200000001A00000000000000EC000000000022
:10A830000000FE00003F00C600000000002E00E205
:10A8400000000000001800080000000000CF000019
:10A8500000000000003800EF00000000001D00F2C2
:10A860000000000000FC00FD00000000006400EBA0
:10A8700000000000005800FA0000000000CB002E8D
:10A880000000000000E100DE00000000000700FA08
:10A890000000000000B300DE0000000000F200161F
:10A8A0000000000000DC00BF0000000000C800DB6A
:10A8B0000000000000D700CB0000000000000000F6
:10A8C00000000000004500E3000000000000000060
:10A8D00000000000000000000000000000DB000895
:10A8E00000000000009B000B0000000000000000C2
:10A8F0000000000000DC00E200000000000000009A
:10A9000000000000004E00DF00000000005B00ECD3
:10A910000000000000A5002E0000000000A000E7DD
:10A9200000000000000000000000000000DB000745
:10A9300000000000001000F60000000000F10028F8
:10A9400000000000001400EF0000000000CB0055E4
:10A95000000000000000000C000000000071004436
:10A9600000000000008400C00000000000DB005D6B
:10A9700000000000003700F40000000000EB00D8E9
:10A9800000000000001500410000000000DF003B57
:10A9900000000000000000000000000000000000B7
:10A9A00000000000006E00030000000000F900FF3E
:10A9B0000000000000F5001900000000003E00F457
:10A9C00000000000000B00ED0000000000810042CC
:10A9D0000000000000D7001300000000000000008D
:10A9E00000000000009F001D0000000000F700ECC8
:10A9F0000000000000FC00EC00000000000000006F
:10AA00000000000000BF0027000000000000000060
:10AA10000000000000A700160000000000FD00C3B9
:10AA200000000000000600E8000000000011001710
:10AA3000000000000051003F000000000000000086
:10AA400000000000001200ED000000000000000007
:10AA5000000000000000000000000000000000BF37
:10AA600000000000000A002100000000000800E9CA
:10AA7000000000000000000000000000001100DBEA
:10AA800000000000000C00D400000000001900D1FC
:10AA900000000000002100EB000000000093001DFA
:10AAA00000000000000000000000000000D90010BD
:10AAB0000000000000BD0030000000000042002740
:10AAC00000000000007400FE00000000001D00C92E
:10AAD00000000000005100F0000000000009001D0F
:10AAE0000000000000B10020000000000000000095
:10AAF00000000000003A00CE00000000000A00C67E
:10AB00000000000000F40018000000000002003CFB
:10AB100000000000001500060000000000CB001936
:10AB200000000000000000000000000000B9003834
:10AB300000000000000D00E1000000000000000027
:10AB400000000000000000000000000000B5001C34
:10AB50000000000000D500810000000000B60008E1
:10AB600000000000001B00230000000000000000A7
:10AB700000000000000000000000000000AA00F239
:10AB80000000000000FA00070000000000E2003BA7
:10AB90000000000000BA00EE00000000001000E518
:10ABA000000000000000000000000000005E002225
:10ABB0000000000000D400E900000000001C001F9D
:10ABC00000000000003700BF00000000002C00AFB4
:10ABD0000000000000FB00FC00000000009000F8F6
:10ABE0000000000000A7001D000000000073002E00
:10ABF00000000000001F00F40000000000F100FF52
:10AC000000000000002800540000000000A700F62B
:10AC10000000000000E5001600000000003E00F803
:10AC20000000000000EE002600000000000500010A
:10AC3000000000000000000000D52C030000000010
:10AC4000007FDDEC000000000015113B000000005B
:10AC50000000C8170000000000F1F8D1000000005B
:10AC600000CA0443000000000015FA2C0000000098
:10AC7000002327CA0000000000E91FD000000000E8
:10AC800000D908E7000000000016BC4800000000E2
:10AC900000D4031E0000000000EB9CE40000000054
:10ACA000001F26480000000000FF400900000000CF
:10ACB000003D5CDC0000000000DA751700000000B9
:10ACC00000000000000000000020141C0000000034
:10ACD0000000000000000000000000000000000074
:10ACE000001F2263000000000051F113000000006B
:10ACF000000000000000000000B17AE50000000044
:10AD000000000000000000000015692F0000000096
:10AD100000BF0D2E000000000008FA050000000032
:10AD200000ED59D10000000000000000000000000C
:10AD30000019E00600000000000CE0CE000000005A
:10AD4000000148270000000000C9EA2100000000BF
:10AD500000041FFB000000000006EA0800000000DD
:10AD600000E52D5B0000000000F553FD0000000031
:10AD700000E5D9E5000000000020F0EF0000000031
:10AD800000F42C0F000000000017D20D000000009E
:10AD900000EEF1380000000000000000000000009C
:10ADA000000000000000000000F9C3CF0000000018
:10ADB0000057B81A0000000000DCAB0400000000DF
:10ADC00000F5D1320000000000E41702000000008E
:10ADD000007A3D4C000000000016AFEC00000000BF
:10ADE0000000000000000000000E00FF0000000056
:10ADF00000F0401100000000005C7B4400000000F7
:10AE000000000000000000000026EB2D0000000004
:10AE10000000000000000000001C011C00000000F9
:10AE20000052C5ED00000000001D10990000000058
:10AE30000042F17F0000000000940C84000000003C
:10AE40000001020000000000005562010000000047
:10AE500000000000000000000000000000000000F2
:10AE6000004FE21E0000000000F6B93400000000B0
:10AE700000F8F216000000000000000000000000D2
:10AE800000174606000000000009FEC80000000090
:10AE900000EADA05000000000070F00C000000007D
:10AEA000001C09430000000000000000000000003A
:10AEB00000F71FD500000000004A0A06000000004D
:10AEC0000009E93C000000000017045500000000E4
:10AED00000F27FC80000000000949CF70000000012
:10AEE000002AD40E0000000000120114000000002F
:10AEF000000000000000000000EBCEF100000000A8
:10AF00000016E1CE0000000000F5188C00000000E3
:10AF100000FB54440000000000C42CD400000000DA
:10AF2000000CF1E100000000000000000000000043
:10AF3000009707CC0000000000BCCEED0000000030
:10AF40000000000000000000000000000000000001
:10AF500000F3271B000000000008F34B0000000076
:10AF600000DCECD600000000000301CE0000000071
:10AF700000000000000000000000000000000000D1
:10AF8000002B1E5600000000002515E80000000000
:10AF900000FE2D380000000000EC18F60000000054
:10AFA00000DFE42B000000000000000000000000B3
:10AFB00000FA56FB0000000000CA41FF000000003C
:10AFC00000C03EFE0000000000E900030000000099
:10AFD00000E1DB02000000000020FE0E0000000087
:10AFE00000DB5BFC000000000002B75C000000001A
:10AFF00000051DC10000000000EED7560000000053
:10B0000000FD040000000000001104250000000005
:10B0100000D10A1C000000000002C4020000000071
:10B0200000D011F40000000000EA2C1B000000001A
:10B03000000200FE0000392500006FDB0026FDEF56
:10B040000000BB4D002D181100002225000CF2035A
:10B050000000DCEE0022DB110000E08100F430276C
:10B060000000833300F214E000000F5A00F234EBCA
:10B07000000046E100F736FD0000FCDB00007EF337
:10B080000000104200BED5280000CB2D001E9AAB58
:10B090000000F1E40031C60700005144001F1319FD
:10B0A0000000050300250DDC0000CA7400121F0F0C
:10B0B0000000FCE5001217EE000011C600F70000CA
:10B0C000000000000000E1F80000FD4100E0000089
:10B0D0000000000000000000000000000000DF2D64
:10B0E0000000F3A60087F3000000D4E00022000077
:10B0F0000000000000001D2C000012D3000500001D
:10B100000000000000001B0F00000E0D00C736C03D
:10B110000000D81200F7F52400001C180049187F21
:10B1200000007FD1000F0000000000000000171D8C
:10B1300000000B3200C042E60000FA0B002CCF1DCD
:10B140000000D2E600C581F600003F1B00C3271FA8
:10B1500000004F8B0050FB0A000000FC00F40C07BD
:10B160000000DB2B00002C310000EE510054A0F752
:10B17000000006FA00E9FFE00000D7470049EE3280
:10B180000000E80E00BACCFD0000D7D9002D27BF83
:10B190000000B90200C6000000000000000000002E
:10B1A000000000000000F5DA0000A7F6001F9DED8A
:10B1B0000000361A00FB1DEC0000F3E300BADEE6E7
:10B1C0000000F316001BF4FE0000D00A00FBC1EFE4
:10B1D00000000DDB00F905D200000B240031000057
:10B1E00000000000000035D10000C4D50031FCD7BC
:10B1F000000006F000B9D7FA000047CE007F00003B
:10B20000000000000000BE35000056B200F3000050
:10B21000000000000000BF010000CBAF00EAC8EE54
:10B220000000D1E60030EEF60000AAF9000B243150
:10B230000000DA090001F4FE0000B81E00A30000BF
:10B24000000000010000F0F00000A903001D000054
:10B25000000000000000000000000000000015F9E0
:10B2600000007911001ACC3C000029E7000710EE1D
:10B270000000CEEA00C30000000000000000EDD393
:10B280000000D71400E4131C000050F10009FD3346
:10B2900000003E300013D7160000BC450009D6E878
:10B2A0000000F3D400F70000000000000000EE985A
:10B2B000000051DD00AA2FE00000FF2300FECD0DAD
:10B2C0000000030900D220FC0000C62900EB141F77
:10B2D00000004D1D00D6F13A000069E7001EE00FA6
:10B2E0000000DC1B001AFC370000D4DB00FC00006F
:10B2F00000000000000017280000DC2800CDC52257
:10B300000000E0320004D3D10000C00000B3E40527
:10B31000000084C900F006C10000282E00FB032CA9
:10B320000000031D00220000000000000000420891
:10B33000000015D600DADBF40000038500B1000040
:10B34000000000000000000000000000000001B943
:10B350000000FF5600E226ED0000C52100EC0B07BF
:10B36000000003E000C7BAF50000E01A00DD0000AD
:10B370000000000000000000000000000000FEF7D8
:10B380000000227300D421EB0000E64800E425FA17
:10B390000000CCF900F3FB2F0000F2E50024141F9D
:10B3A0000000C2F300CE0000000000000000FC1707
:10B3B000000014A900F6ED250000560D0038F00439
:10B3C0000000B001005E6ADC0000E62700F52BE01B
:10B3D0000000F3DA00E3CE070000210F0008FCD7DD
:10B3E0000000EC070000FD080000D1170003C9A011
:10B3F0000000B90D00F1E2220000C61D00DE02FED1
:10B400000000030B00FD31FF000065E600D60F1AB7
:10B410000000BB480021FFF60000ED2500D7D8DC76
:10B420000000390700EED413000011CE000101FF27
:10B43000000003FC00FF001B00F400000000002BD4
:10B44000000D0000000000EC00230000000000B52B
:10B4500000FB00000000006B003200000000001341
:10B4600000DD00000000001100000000000000CB23
:10B47000007F0000000000E3003800000000002210
:10B4800000F600000000000500D30000000000E00E
:10B49000000B00000000007E00980000000000F09B
:10B4A00000210000000000C200000000000000DCDD
:10B4B00000D600000000001400E8000000000000BA
:10B4C00000000000000000B0000F000000000000BD
:10B4D000000000000000000000000000000000CBA1
:10B4E000003C0000000000C3001400000000000049
:10B4F000000000000000004F000C000000000000F1
:10B50000000000000000004A001C00000000001CB9
:10B5100000FD00000000002E00E800000000001AFE
:10B52000002E00000000000000000000000000E10C
:10B53000000E000000000026000B0000000000C10B
:10B54000001000000000009D00CD00000000001869
:10B5500000710000000000F900000000000000CDB4
:10B56000000C00000000006D00EC0000000000DD99
:10B57000002700000000000600F60000000000DCCC
:10B5800000F50000000000B000050000000000BC55
:10B5900000FB0000000000000000000000000000B0
:10B5A00000000000000000DF00190000000000069D
:10B5B00000B700000000003E00200000000000CBAB
:10B5C000000D0000000000E100110000000000D8A4
:10B5D000003D0000000000470010000000000000D7
:10B5E0000000000000000037000800000000002AF2
:10B5F00000E50000000000BE002000000000000088
:10B6000000000000000000A3000E00000000000089
:10B6100000000000000000B400010000000000DC99
:10B6200000F40000000000DF00AB0000000000DDBF
:10B6300000E80000000000390027000000000000C2
:10B64000000000000000001900FA000000000000E7
:10B650000000000000000000000000000000007F6B
:10B6600000400000000000D600020000000000C200
:10B6700000D00000000000000000000000000003F7
:10B6800000ED00000000004C000D0000000000D0A4
:10B69000003B0000000000BC00C30000000000CE22
:10B6A00000B0000000000000000000000000004E9C
:10B6B00000620000000000EF00F00000000000E861
:10B6C00000F40000000000B100EE0000000000FFE8
:10B6D000001F000000000051002D0000000000F0DD
:10B6E00000DE00000000009F00F9000000000000E4
:10B6F0000000000000000061001600000000000FC4
:10B7000000CA000000000021000E0000000000B68A
:10B71000001B00000000002F005700000000006226
:10B7200000F9000000000000000000000000001A06
:10B7300000EE00000000009D000700000000000077
:10B740000000000000000000000000000000000DEC
:10B7500000F10000000000CE00EC0000000000D965
:10B7600000FA0000000000D500B100000000000059
:10B770000000000000000000000000000000006564
:10B7800000FE0000000000DC00E9000000000014E2
:10B79000009C0000000000EF00FF00000000000A15
:10B7A00000E600000000000000000000000000D7DC
:10B7B00000F600000000002B00F200000000005F17
:10B7C00000ED00000000002E001D0000000000E35E
:10B7D00000F600000000001500F40000000000F773
:10B7E00000D0000000000016002E0000000000E560
:10B7F00000F40000000000E200F30000000000027E
:10B8000000FE00000000000D0029000000000031D3
:10B8100000B100000000002F00260000000000ED35
:10B8200000EE0000000000AD00D90000000000FDA7
:10B830000000000000000000000000D80000000030
:10B84000000000DE00000000000000F60000000024
:10B850000000000200000000000000E20000000004
:10B860000000001C000000000000002D000000008F
:10B87000000000E600000000000000D20000000010
:10B88000000000F100000000000000CB00000000FC
:10B89000000000FC00000000000000F000000000BC
:10B8A000000000E4000000000000001100000000A3
:10B8B000000000DF00000000000000280000000081
:10B8C0000000000000000000000000F20000000086
:10B8D0000000000000000000000000000000000068
:10B8E000000000CF00000000000000F70000000092
:10B8F0000000000000000000000000070000000041
:10B900000000000000000000000000160000000021
:10B910000000001300000000000000E10000000033
:10B92000000000D80000000000000000000000003F
:10B930000000001E000000000000002800000000C1
:10B94000000000FA000000000000002B00000000D2
:10B95000000000FF000000000000000000000000E8
:10B96000000000F6000000000000003E00000000A3
:10B970000000007F00000000000000140000000034
:10B98000000000F300000000000000FE00000000C6
:10B99000000000F5000000000000000000000000B2
:10B9A0000000000000000000000000D700000000C0
:10B9B000000000050000000000000036000000004C
:10B9C000000000070000000000000015000000005B
:10B9D000000000E700000000000000EE0000000092
:10B9E0000000000000000000000000B100000000A6
:10B9F0000000001100000000000000040000000032
:10BA00000000000000000000000000220000000014
:10BA10000000000000000000000000F10000000035
:10BA2000000000F200000000000000D10000000053
:10BA30000000000700000000000000FA0000000005
:10BA40000000000000000000000000F60000000000
:10BA500000000000000000000000000000000000E6
:10BA6000000000DD00000000000000640000000095
:10BA7000000000F3000000000000000000000000D3
:10BA8000000000F100000000000000E700000000DE
:10BA9000000000C000000000000000F600000000F0
:10BAA000000000FC0000000000000000000000009A
:10BAB000000000DC00000000000000F800000000B2
:10BAC000000000FD00000000000000F90000000080
:10BAD000000000060000000000000005000000005B
:10BAE0000000000F00000000000000B20000000095
:10BAF0000000000000000000000000F9000000004D
:10BB00000000000E000000000000002A00000000FD
:10BB10000000001100000000000000B30000000061
:10BB2000000000F200000000000000000000000023
:10BB300000000014000000000000000C00000000E5
:10BB400000000000000000000000000000000000F5
:10BB5000000000EE00000000000000EB000000000C
:10BB6000000000E9000000000000000E00000000DE
:10BB700000000000000000000000000000000000C5
:10BB8000000000FC000000000000000400000000B5
:10BB90000000008200000000000000020000000021
:10BBA000000000DD000000000000000000000000B8
:10BBB000000000F100000000000000120000000082
:10BBC000000000F500000000000000F5000000008B
:10BBD000000000E700000000000000FC0000000082
:10BBE0000000003300000000000000CA0000000058
:10BBF000000000F800000000000000FD0000000050
:10BC0000000000010000000000000005000000002E
:10BC100000000007000000000000000A0000000013
:10BC2000000000FE00000000000000E60000000030
:10BC3000000000FE00000000D800F5EC000013003A
:10BC4000D7002FDE0000B200D500237F00000300E4
:10BC5000DC00E9FD0000E300EF00F7CA0000B000DF
:10BC6000200011F200006800C100034100004A00FA
:10BC70004C006CDB00003D00F200330100003A0094
:10BC8000B2004DEC0000D8000700DB250000CF001B
:10BC90007F00AE2B00000700E500DDEF0000E700AD
:10BCA000FF00F6F5000040002400590B00001D00C5
:10BCB0003C0002D300004600F400C2E50000AD00E5
:10BCC0000000000000000000EA00384900004800C1
:10BCD0000000000000000000000000000000000064
:10BCE000180041E6000069003D00FC1C0000EF0068
:10BCF00000000000000000004E00AF060000C4007D
:10BD00000000000000000000050046BB00003F00EE
:10BD1000E6000BE000000C00E70040660000CD00EC
:10BD20003800FD240000CA000000000000000000F0
:10BD3000460027370000D9003500FA270000BD0073
:10BD4000E800E8E00000D000F10057E7000005003F
:10BD5000D5000AD800000900FE0009050000010016
:10BD6000E700010600003900EB00BEFC000088007F
:10BD70001B00EFF10000FC001B002E270000F90063
:10BD8000F900200A00002D005300D20800003E00F8
:10BD90006400E1CB00002B00000000000000000068
:10BDA00000000000000000003D00FDC50000F000A4
:10BDB0003300292600000F00CC00D5DF0000DE0094
:10BDC0000E00FD18000015000700E8F70000110044
:10BDD000E000492F0000E600F4002E3D00001600B0
:10BDE0000000000000000000040051110000FD00F0
:10BDF000EF001ECF0000CC002700022B0000450002
:10BE00000000000000000000F3001D350000B80035
:10BE100000000000000000000C002B030000AE003A
:10BE20002900C9170000D400F200E82100004000FA
:10BE3000FF002634000027002A003DCC000024002B
:10BE40000200FE000000FF001200172200000E009A
:10BE500000000000000000000000000000000000E2
:10BE60009C00EB1800000200AD003BFD0000F50057
:10BE70001600782100005B000000000000000000B8
:10BE8000FF00243000000F000E0000FB0000EA005D
:10BE9000E600F8E60000E800EA00E2100000CB004F
:10BEA000F9004B0700001A0000000000000000002D
:10BEB000E20027C6000017002600E2F80000380064
:10BEC000CE0014E800001B00CB003D030000CA00B8
:10BED0001C0018E900002200BD0035CE00000B0058
:10BEE00012001D730000C0001300C90D00002900DE
:10BEF00000000000000000000100E8E40000EE0087
:10BF00008400D53F0000F5008A002B030000C2002A
:10BF10005F00232F00001A004E00665A00002A001E
:10BF2000E400F4E30000C70000000000000000008F
:10BF30001D00B5FF00001500A800BD060000E900C7
:10BF400000000000000000000000000000000000F1
:10BF5000E4001C4200005D00060018F600003600F8
:10BF6000EB00E00B0000E200F2009F560000B6007C
:10BF700000000000000000000000000000000000C1
:10BF8000FF00E3BF0000A000FC00FA190000DF0082
:10BF90001E00F5F40000C5002300D0F90000E60003
:10BFA000180009E80000F500000000000000000093
:10BFB000F700DBE600001C00450037FB00003800FE
:10BFC0001400F6F4000036000F0065C100003100D7
:10BFD00010007FEE00000300FE0000210000B8000A
:10BFE000DA00F9110000DD0006001C1E00007F00D1
:10BFF0006400FFDB0000D1001300FE390000660082
:10C0000007000804000006000700B10C0000EC0067
:10C01000080031220000DF00ED004F1E0000B700D5
:10C020001B002E2900002500C60005E9000046007F
:10C03000FE00FC010000FB0000000000000000000A
:10C0400000000000000000000000000000000004EC
:10C0500000000000000000BA00000000000000E93D
:10C0600000000000000000CD000000000000000003
:10C0700000000000000000FC0000000000000003C1
:10C0800000000000000000B80000000000000015E3
:10C09000000000000000000000000000000000C1DF
:10C0A0000000000000000000000000000000000090
:10C0B000000000000000000000000000000000DAA6
:10C0C00000000000000000F400000000000000007C
:10C0D0000000000000000000000000000000001947
:10C0E000000000000000000000000000000000460A
:10C0F0000000000000000000000000000000000040
:10C10000000000000000000000000000000000E04F
:10C11000000000000000000000000000000000001F
:10C12000000000000000000000000000000000000F
:10C1300000000000000000FF0000000000000001FF
:10C1400000000000000000FA00000000000000C233
:10C1500000000000000000CD000000000000000210
:10C16000000000000000000000000000000000F8D7
:10C1700000000000000000E700000000000000F6E2
:10C180000000000000000000000000000000000CA3
:10C19000000000000000000000000000000000ADF2
:10C1A000000000000000000000000000000000FC93
:10C1B00000000000000000F100000000000000008E
:10C1C00000000000000000FD000000000000000072
:10C1D000000000000000000A000000000000000055
:10C1E0000000000000000000000000000000002A25
:10C1F00000000000000000FA000000000000000045
:10C20000000000000000000000000000000000002E
:10C2100000000000000000FD000000000000000021
:10C22000000000000000000100000000000000ED20
:10C2300000000000000000000000000000000000FE
:10C2400000000000000000E000000000000000000E
:10C2500000000000000000FD0000000000000019C8
:10C2600000000000000000E60000000000000000E8
:10C2700000000000000000120000000000000000AC
:10C2800000000000000000000000000000000000AE
:10C29000000000000000000000000000000000009E
:10C2A000000000000000000000000000000000008E
:10C2B00000000000000000C50000000000000000B9
:10C2C000000000000000007F0000000000000000EF
:10C2D00000000000000000FC000000000000000062
:10C2E000000000000000000000000000000000004E
:10C2F000000000000000000000000000000000003E
:10C30000000000000000000000000000000000002D
:10C31000000000000000000000000000000000001D
:10C3200000000000000000310000000000000001DB
:10C3300000000000000000200000000000000000DD
:10C34000000000000000000B0000000000000014CE
:10C3500000000000000000000000000000000000DD
:10C36000000000000000000D00000000000000FAC6
:10C370000000000000000000000000000000002A93
:10C380000000000000000000000000000000000CA1
:10C39000000000000000000000000000000000009D
:10C3A000000000000000000000000000000000008D
:10C3B000000000000000000000000000000000007D
:10C3C000000000000000000000000000000000006D
:10C3D000000000000000000000000000000000005D
:10C3E000000000000000000000000000000000004D
:10C3F000000000000000000000000000000000003D
:10C400000000000000000000000000000000002DFF
:10C41000000000000000000000000000000000CE4E
:10C4200000000000000000200000000000000000EC
:10C430000000000000000000000000000000003BC1
:10C440000000000000000000000000000000FA00F2
:10C45000000000000000F700000000000000CF0016
:10C46000000000000000F4000000000000000000D8
:10C47000000000000000FD00000000000000260099
:10C48000000000000000BA00000000000000BF0033
:10C490000000000000000000000000000000250077
:10C4A000000000000000000000000000000000008C
:10C4B0000000000000000000000000000000B300C9
:10C4C000000000000000AD000000000000000000BF
:10C4D0000000000000000000000000000000450017
:10C4E0000000000000000000000000000000DD006F
:10C4F000000000000000000000000000000000003C
:10C500000000000000000000000000000000090022
:10C51000000000000000000000000000000000001B
:10C52000000000000000000000000000000000000B
:10C530000000000000006A00000000000000EE00A3
:10C540000000000000007F00000000000000040068
:10C55000000000000000460000000000000069002C
:10C560000000000000000000000000000000FA00D1
:10C570000000000000002500000000000000140082
:10C580000000000000000000000000000000BE00ED
:10C590000000000000000000000000000000BD00DE
:10C5A0000000000000000000000000000000D600B5
:10C5B000000000000000F200000000000000000089
:10C5C0000000000000002700000000000000000044
:10C5D000000000000000FC0000000000000000005F
:10C5E00000000000000000000000000000003C000F
:10C5F00000000000000041000000000000000000FA
:10C60000000000000000000000000000000000002A
:10C61000000000000000D500000000000000000045
:10C6200000000000000011000000000000006F008A
:10C6300000000000000000000000000000000000FA
:10C640000000000000006400000000000000000086
:10C650000000000000004E0000000000000020006C
:10C6600000000000000006000000000000000000C4
:10C67000000000000000EC000000000000000000CE
:10C6800000000000000000000000000000000000AA
:10C69000000000000000000000000000000000009A
:10C6A000000000000000000000000000000000008A
:10C6B0000000000000000C0000000000000000006E
:10C6C0000000000000001400000000000000000056
:10C6D000000000000000D100000000000000000089
:10C6E000000000000000000000000000000000004A
:10C6F000000000000000000000000000000000003A
:10C700000000000000000000000000000000000029
:10C710000000000000000000000000000000000019
:10C72000000000000000F100000000000000EC002C
:10C7300000000000000001000000000000000000F8
:10C74000000000000000ED00000000000000F0000C
:10C7500000000000000000000000000000000000D9
:10C76000000000000000B600000000000000EB0028
:10C7700000000000000000000000000000000200B7
:10C780000000000000000000000000000000DE00CB
:10C790000000000000000000000000000000000099
:10C7A0000000000000000000000000000000000089
:10C7B0000000000000000000000000000000000079
:10C7C0000000000000000000000000000000000069
:10C7D0000000000000000000000000000000000059
:10C7E0000000000000000000000000000000000049
:10C7F0000000000000000000000000000000000039
:10C800000000000000000000000000000000F20036
:10C8100000000000000000000000000000003500E3
:10C820000000000000000200000000000000000006
:10C830000000000000000000000000000000F50003
:10C8400000000000000000000011000000000000D7
:10C85000009E000000000000003E000000000000FC
:10C8600000F00000000000000000000000000000D8
:10C8700000FB00000000000000DA000000000000E3
:10C88000009F00000000000000D200000000000037
:10C89000000000000000000000CE000000000000CA
:10C8A0000000000000000000000000000000000088
:10C8B00000000000000000000081000000000000F7
:10C8C00000C30000000000000000000000000000A5
:10C8D000000000000000000000E400000000000074
:10C8E000000000000000000000E000000000000068
:10C8F0000000000000000000000000000000000038
:10C90000000000000000000000C700000000000060
:10C910000000000000000000000000000000000017
:10C920000000000000000000000000000000000007
:10C93000005100000000000000E7000000000000BF
:10C94000007D00000000000000FE0000000000006C
:10C95000004D000000000000001E0000000000006C
:10C960000000000000000000002B0000000000009C
:10C97000005800000000000000AA000000000000B5
:10C98000000000000000000000880000000000001F
:10C990000000000000000000007000000000000027
:10C9A0000000000000000000000F00000000000078
:10C9B00000D40000000000000000000000000000A3
:10C9C000001C00000000000000000000000000004B
:10C9D000005F0000000000000000000000000000F8
:10C9E0000000000000000000004D000000000000FA
:10C9F00000EA00000000000000000000000000004D
:10CA00000000000000000000000000000000000026
:10CA1000008B00000000000000000000000000008B
:10CA200000F70000000000000063000000000000AC
:10CA300000000000000000000000000000000000F6
:10CA400000380000000000000000000000000000AE
:10CA5000003200000000000000C1000000000000E3
:10CA600000050000000000000000000000000000C1
:10CA700000050000000000000000000000000000B1
:10CA800000000000000000000000000000000000A6
:10CA90000000000000000000000000000000000096
:10CAA0000000000000000000000000000000000086
:10CAB0000015000000000000000000000000000061
:10CAC00000CC00000000000000000000000000009A
:10CAD00000C800000000000000000000000000008E
:10CAE0000000000000000000000000000000000046
:10CAF0000000000000000000000000000000000036
:10CB00000000000000000000000000000000000025
:10CB10000000000000000000000000000000000015
:10CB200000DA000000000000001A00000000000011
:10CB300000C2000000000000000000000000000033
:10CB400000E000000000000000DA0000000000002B
:10CB500000000000000000000000000000000000D5
:10CB6000005B00000000000000CD0000000000009D
:10CB700000000000000000000004000000000000B1
:10CB8000000000000000000000260000000000007F
:10CB90000000000000000000000000000000000095
:10CBA0000000000000000000000000000000000085
:10CBB0000000000000000000000000000000000075
:10CBC0000000000000000000000000000000000065
:10CBD0000000000000000000000000000000000055
:10CBE0000000000000000000000000000000000045
:10CBF0000000000000000000000000000000000035
:10CC00000000000000000000009A0000000000008A
:10CC10000000000000000000003F000000000000D5
:10CC200000CB000000000000000000000000000039
:10CC3000000000000000000000D80000000000001C
:10CC4000000000000000000000000000EC000000F8
:10CC5000FB0000004D0000005E00000050000000DE
:10CC6000810000003A0000004000000000000000C9
:10CC7000000000002800000033000000A7000000B2
:10CC800048000000CD000000140000001E0000005D
:10CC900055000000000000000000000051000000EE
:10CCA000DB000000000000000000000000000000A9
:10CCB000000000000000000000000000490000002B
:10CCC000C80000009C0000002700000000000000D9
:10CCD0000000000000000000000000007F000000D5
:10CCE000FE00000000000000000000000F00000037
:10CCF000F70000000000000000000000000000003D
:10CD0000000000000000000000000000060000001D
:10CD10006C000000000000000000000000000000A7
:10CD20000000000000000000000000000000000003
:10CD300000000000FE000000BA000000F400000047
:10CD40001A0000003E000000E20000003B0000006E
:10CD50000100000038000000E5000000D4000000E1
:10CD60005000000000000000000000000E00000065
:10CD7000DC000000A700000096000000000000009A
:10CD80002C0000000000000000000000EA0000008D
:10CD9000BA000000000000000000000031000000A8
:10CDA000B80000000000000000000000F4000000D7
:10CDB000EF000000CA000000380000000000000082
:10CDC00000000000E70000000A0000000000000072
:10CDD00000000000EB000000FC000000000000006C
:10CDE000000000000000000000000000FD00000046
:10CDF00006000000E9000000CF0000000000000075
:10CE00000000000000000000000000000000000022
:10CE100000000000500000001300000000000000AF
:10CE2000000000001B000000290000004900000075
:10CE30002D000000000000000000000000000000C5
:10CE400000000000D50000000D0000000000000000
:10CE500000000000E4000000DD000000F100000020
:10CE600004000000FF000000D300000000000000EC
:10CE70000000000010000000D800000000000000CA
:10CE800000000000000000000000000000000000A2
:10CE90000000000000000000000000000000000092
:10CEA0000000000000000000000000000000000082
:10CEB000000000000D000000E9000000000000007C
:10CEC00000000000D6000000D900000000000000B3
:10CED00000000000EA000000F20000000000000076
:10CEE0000000000000000000000000000000000042
:10CEF0000000000000000000000000000000000032
:10CF00000000000000000000000000000000000021
:10CF10000000000000000000000000000000000011
:10CF200000000000BC000000AF0000002000000076
:10CF3000F80000003B000000F900000000000000C5
:10CF400000000000D50000001500000013000000E4
:10CF5000B50000000000000000000000000000001C
:10CF60000000000020000000CF000000F4000000DE
:10CF7000210000000000000000000000EE000000A2
:10CF8000160000000000000000000000FB00000090
:10CF9000C9000000000000000000000000000000C8
:10CFA0000000000000000000000000000000000081
:10CFB0000000000000000000000000000000000071
:10CFC0000000000000000000000000000000000061
:10CFD0000000000000000000000000000000000051
:10CFE0000000000000000000000000000000000041
:10CFF0000000000000000000000000000000000031
:10D000000000000000000000000000000B00000015
:10D010003700000000000000000000004C0000008D
:10D02000F8000000B200000008000000000000004E
:10D030000000000000000000000000001C000000D4
:10D04000B90000000000000000000000CC0000005B
:10D0500000000000B400000000000000A400000078
:10D0600000000000BE000000000000000000000002
:10D0700000000000BA00000000000000D600000020
:10D0800000000000F4000000000000001C00000090
:10D090000000000000000000000000003B00000055
:10D0A0000000000000000000000000000000000080
:10D0B000000000000000000000000000B8000000B8
:10D0C00000000000F300000000000000000000006D
:10D0D000000000000000000000000000D10000007F
:10D0E000000000000000000000000000DB00000065
:10D0F0000000000000000000000000000000000030
:10D10000000000000000000000000000E50000003A
:10D11000000000000000000000000000000000000F
:10D1200000000000000000000000000000000000FF
:10D130000000000073000000000000001900000063
:10D1400000000000BE00000000000000060000001B
:10D1500000000000F50000000000000012000000C8
:10D1600000000000000000000000000004000000BB
:10D1700000000000FB000000000000003C00000078
:10D18000000000000000000000000000F2000000AD
:10D190000000000000000000000000009C000000F3
:10D1A000000000000000000000000000E800000097
:10D1B00000000000710000000000000000000000FE
:10D1C000000000001C000000000000000000000043
:10D1D00000000000B300000000000000000000009C
:10D1E0000000000000000000000000003A00000005
:10D1F000000000001100000000000000000000001E
:10D20000000000000000000000000000000000001E
:10D2100000000000FB000000000000000000000013
:10D22000000000003D00000000000000A40000001D
:10D2300000000000000000000000000000000000EE
:10D2400000000000F00000000000000000000000EE
:10D25000000000003500000000000000FA0000009F
:10D26000000000000C0000000000000000000000B2
:10D270000000000096000000000000000000000018
:10D28000000000000000000000000000000000009E
:10D29000000000000000000000000000000000008E
:10D2A000000000000000000000000000000000007E
:10D2B000000000000400000000000000000000006A
:10D2C0000000000038000000000000000000000026
:10D2D00000000000FE000000000000000000000050
:10D2E000000000000000000000000000000000003E
:10D2F000000000000000000000000000000000002E
:10D30000000000000000000000000000000000001D
:10D31000000000000000000000000000000000000D
:10D3200000000000050000000000000023000000D5
:10D3300000000000280000000000000000000000C5
:10D3400000000000D800000000000000F60000000F
:10D3500000000000000000000000000000000000CD
:10D360000000000000000000000000002700000096
:10D37000000000000000000000000000810000002C
:10D38000000000000000000000000000CF000000CE
:10D39000000000000000000000000000FF0000008E
:10D3A000000000000000000000000000000000007D
:10D3B000000000000000000000000000000000006D
:10D3C000000000000000000000000000000000005D
:10D3D000000000000000000000000000000000004D
:10D3E00000000000FE00000000000000000000003F
:10D3F000000000000000000000000000000000002D
:10D400000000000000000000000000000D0000000F
:10D41000000000000000000000000000D700000035
:10D42000000000002D0000000000000000000000CF
:10D43000000000000000000000000000CF0000001D
:10D4400000000000000000000000000000000000DC
:10D4500000000000000000000000000000000000CC
:10D4600000000000000000000000000000000000BC
:10D4700000000000000000000000000000000000AC
:10D48000000000000000000000000000000000009C
:10D49000000000000000000000000000000000008C
:10D4A000000000000000000000000000000000007C
:10D4B000000000000000000000000000000000006C
:10D4C000000000000000000000000000000000005C
:10D4D000000000000000000000000000000000004C
:10D4E000000000000000000000000000000000003C
:10D4F000000000000000000000000000000000002C
:10D50000000000000000000000000000000000001B
:10D51000000000000000000000000000000000000B
:10D5200000000000000000000000000000000000FB
:10D5300000000000000000000000000000000000EB
:10D5400000000000000000000000000000000000DB
:10D5500000000000000000000000000000000000CB
:10D5600000000000000000000000000000000000BB
:10D5700000000000000000000000000000000000AB
:10D58000000000000000000000000000000000009B
:10D59000000000000000000000000000000000008B
:10D5A000000000000000000000000000000000007B
:10D5B000000000000000000000000000000000006B
:10D5C000000000000000000000000000000000005B
:10D5D000000000000000000000000000000000004B
:10D5E000000000000000000000000000000000003B
:10D5F000000000000000000000000000000000002B
:10D60000000000000000000000000000000000001A
:10D61000000000000000000000000000000000000A
:10D6200000000000000000000000000000000000FA
:10D6300000000000000000000000000000000000EA
:10D6400000000000000000000000000000000000DA
:10D6500000000000000000000000000000000000CA
:10D6600000000000000000000000000000000000BA
:10D6700000000000000000000000000000000000AA
:10D68000000000000000000000000000000000009A
:10D69000000000000000000000000000000000008A
:10D6A000000000000000000000000000000000007A
:10D6B000000000000000000000000000000000006A
:10D6C000000000000000000000000000000000005A
:10D6D000000000000000000000000000000000004A
:10D6E000000000000000000000000000000000003A
:10D6F000000000000000000000000000000000002A
:10D700000000000000000000000000000000000019
:10D710000000000000000000000000000000000009
:10D7200000000000000000000000000000000000F9
:10D7300000000000000000000000000000000000E9
:10D7400000000000000000000000000000000000D9
:10D7500000000000000000000000000000000000C9
:10D7600000000000000000000000000000000000B9
:10D7700000000000000000000000000000000000A9
:10D780000000000000000000000000000000000099
:10D790000000000000000000000000000000000089
:10D7A0000000000000000000000000000000000079
:10D7B0000000000000000000000000000000000069
:10D7C0000000000000000000000000000000000059
:10D7D0000000000000000000000000000000000049
:10D7E0000000000000000000000000000000000039
:10D7F0000000000000000000000000000000000029
:10D800000000000000000000000000000000000018
:10D810000000000000000000000000000000000008
:10D8200000000000000000000000000000000000F8
:10D8300000000000000000000000000000000000E8
:10D840000000000000000000000000563717000034
:10D85000000000BFC2600000000000E8FBD2000032
:10D86000000000FB15EC00000000000000000000BC
:10D870000000008D34BC000000000004F50C000026
:10D88000000000E21825000000000061B906000059
:10D890000000000000000000000000C3F7B200001C
:10D8A0000000000000000000000000000000000078
:10D8B0000000000000000000000000F544D500005A
:10D8C0000000008B47EC000000000000000000009A
:10D8D0000000000000000000000000DDD5E20000B4
:10D8E0000000000000000000000000763E4D000037
:10D8F0000000000000000000000000000000000028
:10D90000000000000000000000000004DA2E00000B
:10D910000000000000000000000000000000000007
:10D9200000000000000000000000000000000000F7
:10D9300000000002FC380000000000CD01200000C3
:10D940000000002465D100000000002129F0000043
:10D95000000000FACB240000000000ACB913000066
:10D96000000000000000000000000001F4ED0000D5
:10D97000000000A947C50000000000222CFD0000A7
:10D9800000000000000000000000001F460E000024
:10D990000000000000000000000000E52EF1000083
:10D9A000000000000000000000000001FCF3000087
:10D9B000000000322BD30000000000000000000037
:10D9C000000000FC3AE7000000000000000000003A
:10D9D000000000224BF000000000000000000000EA
:10D9E0000000000000000000000000DA0FD300007B
:10D9F000000000CCEAFB0000000000000000000076
:10DA00000000000000000000000000000000000016
:10DA1000000000BCFFD50000000000000000000076
:10DA20000000003C7DDF0000000000817F29000035
:10DA300000000000000000000000000000000000E6
:10DA400000000053A2E10000000000000000000000
:10DA5000000000A1AD23000000000018C41E00005B
:10DA600000000012EF1C0000000000000000000099
:10DA70000000000606D000000000000000000000CA
:10DA80000000000000000000000000000000000096
:10DA90000000000000000000000000000000000086
:10DAA0000000000000000000000000000000000076
:10DAB0000000002CC5040000000000000000000071
:10DAC000000000BFFC7F000000000000000000001C
:10DAD000000000FE04030000000000000000000041
:10DAE0000000000000000000000000000000000036
:10DAF0000000000000000000000000000000000026
:10DB00000000000000000000000000000000000015
:10DB10000000000000000000000000000000000005
:10DB200000000013A80000000000002AC4E7000065
:10DB3000000000B33CFB00000000000000000000FB
:10DB400000000063E62600000000001F08E400005B
:10DB500000000000000000000000000000000000C5
:10DB6000000000AA01D600000000005216000000CC
:10DB700000000000000000000000003CC41E000087
:10DB8000000000000000000000000023BEF40000C0
:10DB90000000000000000000000000000000000085
:10DBA0000000000000000000000000000000000075
:10DBB0000000000000000000000000000000000065
:10DBC0000000000000000000000000000000000055
:10DBD0000000000000000000000000000000000045
:10DBE000000000FF01040000000000000000000031
:10DBF0000000000000000000000000000000000025
:10DC00000000000000000000000000551BE60000BE
:10DC10000000000000000000000000DCEDEF00004C
:10DC2000000000EC30F700000000000000000000E1
:10DC30000000000000000000000000D0CAE4000066
:10DC40000000000000000000000000000000004292
:10DC500000000000000000FD000000000000003790
:10DC600000000000000000000000000000000000B4
:10DC7000000000000000000000000000000000FFA5
:10DC800000000000000000FF000000000000000095
:10DC9000000000000000000000000000000000FD87
:10DCA0000000000000000000000000000000000074
:10DCB000000000000000000000000000000000DC88
:10DCC0000000000000000000000000000000000054
:10DCD0000000000000000000000000000000000044
:10DCE0000000000000000000000000000000000A2A
:10DCF0000000000000000000000000000000000024
:10DD0000000000000000000000000000000000FE15
:10DD10000000000000000000000000000000000003
:10DD200000000000000000000000000000000000F3
:10DD3000000000000000004400000000000000009F
:10DD4000000000000000000F0000000000000000C4
:10DD5000000000000000002600000000000000019C
:10DD600000000000000000000000000000000001B2
:10DD700000000000000000000000000000000000A3
:10DD8000000000000000000000000000000000D5BE
:10DD90000000000000000000000000000000004043
:10DDA0000000000000000000000000000000000073
:10DDB0000000000000000000000000000000000063
:10DDC0000000000000000000000000000000000053
:10DDD0000000000000000000000000000000000043
:10DDE0000000000000000000000000000000000033
:10DDF0000000000000000000000000000000000023
:10DE00000000000000000000000000000000000012
:10DE100000000000000000E2000000000000000020
:10DE2000000000000000000500000000000000FFEE
:10DE300000000000000000000000000000000000E2
:10DE400000000000000000F60000000000000000DC
:10DE500000000000000000FF0000000000000003C0
:10DE600000000000000000000000000000000000B2
:10DE700000000000000000000000000000000000A2
:10DE80000000000000000000000000000000000092
:10DE90000000000000000000000000000000000082
:10DEA0000000000000000000000000000000000072
:10DEB0000000000000000000000000000000000062
:10DEC0000000000000000001000000000000000051
:10DED0000000000000000000000000000000000042
:10DEE0000000000000000000000000000000000032
:10DEF0000000000000000000000000000000000022
:10DF00000000000000000000000000000000000011
:10DF10000000000000000000000000000000000001
:10DF200000000000000000000000000000000000F1
:10DF30000000000000000081000000000000000060
:10DF400000000000000000020000000000000000CF
:10DF500000000000000000000000000000000000C1
:10DF6000000000000000000000000000000000FEB3
:10DF7000000000000000000000000000000000FEA3
:10DF80000000000000000000000000000000000091
:10DF90000000000000000000000000000000000081
:10DFA0000000000000000000000000000000000071
:10DFB0000000000000000000000000000000000061
:10DFC0000000000000000000000000000000000051
:10DFD0000000000000000000000000000000000041
:10DFE0000000000000000000000000000000000031
:10DFF0000000000000000000000000000000000021
:10E00000000000000000000000000000000000E030
:10E0100000000000000000000000000000000001FF
:10E0200000000000000000EF000000000000000001
:10E03000000000000000000000000000000000D20E
:10E040000000000000000000000000000000007F51
:10E050000000000F000000DC000000C300000016FC
:10E0600000000044000000C00000009F000000000D
:10E0700000000000000000BA00000031000000D7DE
:10E080000000001B0000004A000000C8000000C79C
:10E090000000000A0000000000000000000000AEC8
:10E0A000000000430000000000000000000000002D
:10E0B000000000000000000000000000000000FE62
:10E0C000000000CC00000020000000D20000000092
:10E0D000000000000000000000000000000000F050
:10E0E000000000D000000000000000000000005709
:10E0F000000000F700000000000000000000000029
:10E10000000000000000000000000000000000B25D
:10E11000000000810000000000000000000000007E
:10E1200000000000000000000000000000000000EF
:10E13000000000000000001100000042000000513B
:10E14000000000FA000000050000005F0000002051
:10E150000000006E000000F200000064000000DB20
:10E16000000000270000000000000000000000EB9D
:10E170000000002C00000014000000AD00000007AB
:10E18000000000E400000000000000000000001596
:10E190000000001700000000000000000000001652
:10E1A0000000007D0000000000000000000000E210
:10E1B00000000054000000BA0000000D0000000044
:10E1C000000000000000000E0000001A0000000027
:10E1D00000000000000000DF00000031000000002F
:10E1E000000000000000000000000000000000ED42
:10E1F000000000E80000000500000024000000000E
:10E20000000000000000000000000000000000000E
:10E2100000000000000000FC0000008F0000000073
:10E22000000000000000003B0000000F000000CDD7
:10E2300000000039000000000000000000000000A5
:10E240000000000000000023000000E200000000C9
:10E250000000000000000020000000FA0000004460
:10E26000000000C4000000DC000000D4000000003A
:10E2700000000000000000A9000000BD0000000038
:10E28000000000000000000000000000000000008E
:10E29000000000000000000000000000000000007E
:10E2A000000000000000000000000000000000006E
:10E2B00000000000000000DF000000AC00000000D3
:10E2C00000000000000000DB0000008B00000000E8
:10E2D0000000000000000001000000EF000000004E
:10E2E000000000000000000000000000000000002E
:10E2F000000000000000000000000000000000001E
:10E30000000000000000000000000000000000000D
:10E3100000000000000000000000000000000000FD
:10E3200000000000000000FF000000DE000000C64A
:10E33000000000210000002E000000F60000000098
:10E3400000000000000000C7000000AF0000005BFC
:10E350000000001B000000000000000000000000A2
:10E3600000000000000000EB00000042000000344C
:10E37000000000070000000000000000000000F79F
:10E380000000000C00000000000000000000009AE7
:10E390000000000E0000000000000000000000006F
:10E3A000000000000000000000000000000000006D
:10E3B000000000000000000000000000000000005D
:10E3C000000000000000000000000000000000004D
:10E3D000000000000000000000000000000000003D
:10E3E00000000000000000FF00000000000000002E
:10E3F000000000000000000000000000000000001D
:10E400000000000000000000000000000000007993
:10E41000000000E00000000000000000000000D547
:10E42000000000FD00000053000000F400000000A8
:10E43000000000000000000000000000000000A834
:10E4400000000028000000000000000000000000A4
:10E450000000FB00000000000000F10000000000D0
:10E46000000004000000000000003D00000000006B
:10E47000000000000000000000009F0000000000FD
:10E480000000F20000000000000009000000000091
:10E490000000A700000000000000000000000000D5
:10E4A0000000F1000000000000000000000000007B
:10E4B000000000000000000000000000000000005C
:10E4C00000001700000000000000690000000000CC
:10E4D000000000000000000000000000000000003C
:10E4E0000000FF000000000000000000000000002D
:10E4F00000002000000000000000000000000000FC
:10E50000000000000000000000000000000000000B
:10E510000000B50000000000000000000000000046
:10E5200000000000000000000000000000000000EB
:10E530000000000000000000000093000000000048
:10E54000000016000000000000000F0000000000A6
:10E5500000004C00000000000000BC0000000000B3
:10E5600000005B0000000000000000000000000050
:10E5700000000000000000000000E90000000000B2
:10E580000000730000000000000000000000000018
:10E5900000001A0000000000000000000000000061
:10E5A0000000B100000000000000000000000000BA
:10E5B0000000CE00000000000000C30000000000CA
:10E5C0000000000000000000000019000000000032
:10E5D00000000000000000000000E3000000000058
:10E5E000000000000000000000000000000000002B
:10E5F0000000E10000000000000033000000000007
:10E60000000000000000000000000000000000000A
:10E6100000000000000000000000DF00000000001B
:10E6200000000000000000000000050000000000E5
:10E630000000CF000000000000000000000000000B
:10E640000000000000000000000043000000000087
:10E6500000000000000000000000FE0000000000BC
:10E6600000006900000000000000FC000000000045
:10E6700000000000000000000000C10000000000D9
:10E68000000000000000000000000000000000008A
:10E69000000000000000000000000000000000007A
:10E6A000000000000000000000000000000000006A
:10E6B00000000000000000000000810000000000D9
:10E6C00000000000000000000000D4000000000076
:10E6D0000000000000000000000018000000000022
:10E6E000000000000000000000000000000000002A
:10E6F000000000000000000000000000000000001A
:10E700000000000000000000000000000000000009
:10E7100000000000000000000000000000000000F9
:10E7200000000000000000000000420000000000A7
:10E730000000E600000000000000230000000000D0
:10E7400000000000000000000000F70000000000D2
:10E750000000F000000000000000000000000000C9
:10E7600000000000000000000000FE0000000000AB
:10E770000000D000000000000000000000000000C9
:10E7800000001E000000000000000000000000006B
:10E790000000F80000000000000000000000000081
:10E7A0000000000000000000000000000000000069
:10E7B0000000000000000000000000000000000059
:10E7C0000000000000000000000000000000000049
:10E7D0000000000000000000000000000000000039
:10E7E00000000000000000000000FF00000000002A
:10E7F0000000000000000000000000000000000019
:10E800000000000000000000000000000000000008
:10E8100000002400000000000000000000000000D4
:10E820000000C700000000000000FF000000000022
:10E8300000000000000000000000000000000000D8
:10E84000000046000000000000000000000344003B
:10E850002600001F7F020C003C000017EEFF360070
:10E86000710000CA1AF7D300510000DE0800000052
:10E87000000000000028DE00250000C5F8F20E00B0
:10E880009B0000680AFF7000C900007BE610F500DD
:10E89000090000FA1C000000000000000074C10024
:10E8A000DB0000C1050000000000000000000000C7
:10E8B00000000000000000000000000000F1050062
:10E8C00036000036E5FD6000CF000007C5000000FF
:10E8D000000000000000000000000000001A960088
:10E8E000F70000AC0700000000000000000DDC0095
:10E8F000FE000060100000000000000000000000AA
:10E900000000000000000000000000000012F800FD
:10E91000080000AD0E000000000000000000000034
:10E9200000000000000000000000000000000000E7
:10E930000000000000FFCD00480000F527FF3A006E
:10E94000E80000F825F3F8004A000010EA173D003F
:10E95000E80000B603072B006100000332F320003B
:10E960001E000018FF0000000000000000F6FE007E
:10E970001F00001B350BFF00A90000DDE0FC3E007E
:10E98000000000D0F900000000000000001B9D0006
:10E99000CE00004FE2000000000000000007BD00B4
:10E9A0002000002F19000000000000000002F50008
:10E9B000D800001ECB0E0300BB0000C2DB0000002D
:10E9C0000000000000F21400F9000028050000001B
:10E9D0000000000000FE9B00E10000000D000000B0
:10E9E00000000000000000000000000000FFE10047
:10E9F0002200007612FFD700F50000F8EF000000BB
:10EA00000000000000000000000000000000000006
:10EA1000000000000003FD003000006B2D0000002E
:10EA20000000000000FEC3007B00003BFE1DC20092
:10EA30001E0000CBE6000000000000000000000007
:10EA400000000000000FA400D9000012F000000038
:10EA50000000000000F80400C50000CA0C023700E6
:10EA60001A0000E0FC025A00F20000E0040000007E
:10EA70000000000000F7810046000004EC000000E8
:10EA80000000000000000000000000000000000086
:10EA90000000000000000000000000000000000076
:10EAA0000000000000000000000000000000000066
:10EAB0000000000000198A00470000DBE4000000AD
:10EAC000000000000046E100E100001D030000001E
:10EAD000000000000000FE00E800001BFF00000036
:10EAE0000000000000000000000000000000000026
:10EAF0000000000000000000000000000000000016
:10EB00000000000000000000000000000000000005
:10EB100000000000000000000000000000000000F5
:10EB20000000000000033600E40000CBEDFFD6003B
:10EB3000280000F5FC4532000B0000DFD300000088
:10EB400000000000000321001E0000361502110025
:10EB500030000011F800000000000000000000007C
:10EB600000000000000528007F0000C9FD01320000
:10EB7000EE000081F8000000000000000000260008
:10EB8000DF0000E50000000000000000000EAD0006
:10EB9000C800003AED000000000000000000000086
:10EBA0000000000000000000000000000000000065
:10EBB0000000000000000000000000000000000055
:10EBC0000000000000000000000000000000000045
:10EBD0000000000000000000000000000000000035
:10EBE000000000000000FF00000000000100000025
:10EBF0000000000000000000000000000000000015
:10EC000000000000000000000000000000F7070006
:10EC10004000004EF300000000000000000AB900B0
:10EC20004A0000DF2AFF4A00A80000450900000052
:10EC3000000000000000000000000000007FD8007D
:10EC4000B70000081E00000000000000003700F0C0
:10EC50000000000000B300CF0000000000E200ED63
:10EC600000000000002D00C80000000000000000AF
:10EC70000000000000DD000D00000000003C00244A
:10EC800000000000000000ED00000000001500A9D9
:10EC900000000000000000000000000000BB00D8E1
:10ECA0000000000000000000000000000000000064
:10ECB000000000000000000000000000006E00DA0C
:10ECC0000000000000B20019000000000000000079
:10ECD00000000000000000000000000000EE00F353
:10ECE000000000000000000000000000004400CF11
:10ECF0000000000000000000000000000000000014
:10ED000000000000000000000000000000DA009396
:10ED100000000000000000000000000000000000F3
:10ED200000000000000000000000000000000000E3
:10ED30000000000000F900B6000000000001006AB9
:10ED40000000000000DF0023000000000012003778
:10ED500000000000002F003B00000000001300DA5C
:10ED600000000000000000000000000000B10012E0
:10ED70000000000000270000000000000017002530
:10ED8000000000000000000000000000005D000B1B
:10ED900000000000000000000000000000A30002CE
:10EDA000000000000000000000000000000500ED71
:10EDB00000000000003D00B900000000000000005D
:10EDC00000000000003A003F0000000000000000CA
:10EDD00000000000001800CD00000000000000004E
:10EDE00000000000000000000000000000C500D38B
:10EDF0000000000000F80007000000000000000014
:10EE00000000000000000000000000000000000002
:10EE1000000000000020003C000000000000000096
:10EE20000000000000F800BF0000000000180071A2
:10EE300000000000000000000000000000000000D2
:10EE4000000000000060000B000000000000000057
:10EE500000000000000300B40000000000E60025F0
:10EE60000000000000B3001B0000000000000000D4
:10EE70000000000000AC00C1000000000000000025
:10EE80000000000000000000000000000000000082
:10EE90000000000000000000000000000000000072
:10EEA0000000000000000000000000000000000062
:10EEB0000000000000190032000000000000000007
:10EEC0000000000000E300F8000000000000000067
:10EED0000000000000E40038000000000000000016
:10EEE0000000000000000000000000000000000022
:10EEF0000000000000000000000000000000000012
:10EF00000000000000000000000000000000000001
:10EF100000000000000000000000000000000000F1
:10EF20000000000000D6000C00000000000400D922
:10EF30000000000000ED007F000000000000000065
:10EF400000000000007F00EB00000000002E0064C5
:10EF500000000000000000000000000000000000B1
:10EF600000000000002E00410000000000090077B2
:10EF7000000000000000000000000000004100024E
:10EF8000000000000000000000000000007800B554
:10EF90000000000000000000000000000000000071
:10EFA0000000000000000000000000000000000061
:10EFB0000000000000000000000000000000000051
:10EFC0000000000000000000000000000000000041
:10EFD0000000000000000000000000000000000031
:10EFE00000000000000300FD000000000000000021
:10EFF0000000000000000000000000000000000011
:10F00000000000000000000000000000001E00479B
:10F0100000000000000000000000000000D4003DDF
:10F02000000000000029007A00000000000000003D
:10F0300000000000000000000000000000DB00C72E
:10F0400000000000000000000000000000000000C0
:10F05000EF0042E000000000BA00073400000000AA
:10F0600007002ED60000000012001E3D0000000028
:10F070000000000000000000FF00F322000000007C
:10F080007F00DCFA000000004200DE1400000000F7
:10F09000FE00D1F9000000000000000000000000A8
:10F0A000ED00BAFC000000000000000000000000BD
:10F0B0000000000000000000000000000000000050
:10F0C000F600C5C1000000002200CBD800000000FF
:10F0D0000000000000000000000000000000000030
:10F0E000FA00F91400000000000000000000000019
:10F0F00016004ED5000000000000000000000000D7
:10F1000000000000000000000000000000000000FF
:10F11000F900E97F0000000000000000000000008E
:10F1200000000000000000000000000000000000DF
:10F130000000000000000000C2001FFB00000000F3
:10F140000F00E8D900000000F000E82000000000F7
:10F15000E500412D00000000FB0015FC0000000050
:10F160000100D34300000000000000000000000088
:10F170001B0057EB000000009600DBED00000000D4
:10F180005200DE3C00000000000000000000000013
:10F19000FB0003020000000000000000000000006F
:10F1A000CC00EE4E00000000000000000000000057
:10F1B000F000A7FD000000001600FFEA00000000BC
:10F1C0000000000000000000730027CC00000000D9
:10F1D00000000000000000000300FDF70000000038
:10F1E000000000000000000000000000000000001F
:10F1F000C300FD0D00000000EB00DF140000000064
:10F2000000000000000000000000000000000000FE
:10F210000000000000000000F500D1F9000000002F
:10F220000000000000000000F700EE0900000000F0
:10F23000F80016450000000000000000000000007B
:10F2400000000000000000005900B0C300000000F2
:10F2500000000000000000004D00DEC500000000BE
:10F260002E002DCA000000003E001BEE0000000032
:10F27000000000000000000099009A31000000002A
:10F28000000000000000000000000000000000007E
:10F29000000000000000000000000000000000006E
:10F2A000000000000000000000000000000000005E
:10F2B0000000000000000000250011F30000000025
:10F2C000000000000000000015001B7E0000000090
:10F2D00000000000000000001D00191200000000E6
:10F2E000000000000000000000000000000000001E
:10F2F000000000000000000000000000000000000E
:10F3000000000000000000000000000000000000FD
:10F3100000000000000000000000000000000000ED
:10F320000000000000000000120072F30000000066
:10F33000F100E50F00000000DD0097230000000051
:10F340000000000000000000740081FB00000000CD
:10F35000F500D4FF000000000000000000000000E5
:10F360000000000000000000EA00FA3C000000007D
:10F37000F600FB1B00000000000000000000000081
:10F380003800E6E800000000000000000000000077
:10F39000C60095030000000000000000000000000F
:10F3A000000000000000000000000000000000005D
:10F3B000000000000000000000000000000000004D
:10F3C000000000000000000000000000000000003D
:10F3D000000000000000000000000000000000002D
:10F3E000000000000000000000000101000000001B
:10F3F000000000000000000000000000000000000D
:10F4000000000000000000000000000000000000FC
:10F41000F800E61F000000000000000000000000EF
:10F420000A00FA3700000000120013D800000000A4
:10F4300000000000000000000000000000000000CC
:10F44000FA003D2300000000000000000000000062
:10F450000000F415000000000000E81800000000A3
:10F4600000003CF2000000000000F1DE000000009F
:10F4700000000000000000000000F0FD000000009F
:10F4800000000F01000000000000F6F20000000084
:10F490000000DC260000000000000000000000006A
:10F4A0000000BD6F00000000000000000000000030
:10F4B000000000000000000000000000000000004C
:10F4C0000000C9FB000000000000B4C700000000FD
:10F4D000000000000000000000000000000000002C
:10F4E00000000452000000000000000000000000C6
:10F4F0000000F9090000000000000000000000000A
:10F5000000000000000000000000000000000000FB
:10F510000000C20B0000000000000000000000001E
:10F5200000000000000000000000000000000000DB
:10F5300000000000000000000000120B00000000AE
:10F540000000FA2C00000000000061130000000021
:10F550000000FA47000000000000335300000000E4
:10F560000000B8B40000000000000000000000002F
:10F570000000261E000000000000880300000000BC
:10F580000000061500000000000000000000000060
:10F590000000B5F9000000000000000000000000BD
:10F5A00000002F1D0000000000000000000000000F
:10F5B0000000E821000000000000DC230000000043
:10F5C0000000000000000000000002EE000000004B
:10F5D0000000000000000000000053D50000000003
:10F5E000000000000000000000000000000000001B
:10F5F00000003EEF000000000000E50500000000F4
:10F6000000000000000000000000000000000000FA
:10F6100000000000000000000000D21E00000000FA
:10F62000000000000000000000007FFE000000005D
:10F630000000012D0000000000000000000000009C
:10F6400000000000000000000000F2DD00000000EB
:10F6500000000000000000000000F2E400000000D4
:10F66000000001FD00000000000008020000000092
:10F6700000000000000000000000C5CF00000000F6
:10F68000000000000000000000000000000000007A
:10F69000000000000000000000000000000000006A
:10F6A000000000000000000000000000000000005A
:10F6B00000000000000000000000AF9C00000000FF
:10F6C00000000000000000000000242300000000F3
:10F6D00000000000000000000000EAFC0000000044
:10F6E000000000000000000000000000000000001A
:10F6F000000000000000000000000000000000000A
:10F7000000000000000000000000000000000000F9
:10F7100000000000000000000000000000000000E9
:10F720000000000000000000000024EC00000000C9
:10F730000000F201000000000000BB170000000004
:10F7400000000000000000000000FFDC00000000DE
:10F7500000000F1200000000000000000000000088
:10F76000000000000000000000007A81000000009E
:10F7700000002A0D00000000000000000000000052
:10F780000000301100000000000000000000000038
:10F79000000037F70000000000000000000000003B
:10F7A0000000000000000000000000000000000059
:10F7B0000000000000000000000000000000000049
:10F7C0000000000000000000000000000000000039
:10F7D0000000000000000000000000000000000029
:10F7E0000000000000000000000000000000000019
:10F7F0000000000000000000000000000000000009
:10F8000000000000000000000000000000000000F8
:10F810000000F3E300000000000000000000000012
:10F8200000001801000000000000DF1A00000000C6
:10F8300000000000000000000000000000000000C8
:10F8400000009935000000000000000000000000EA
:10F85000002DDC0000003B0000CB2E000000290042
:10F86000002AFC000000610000BB09000000DE006F
:10F870000000000000000000004A81000000340089
:10F8800000F3C6000000080000D956000000D000B8
:10F890000013BB0000000200000000000000000098
:10F8A000000EC9000000F900000000000000000088
:10F8B0000000000000000000000000000000000048
:10F8C00000F1270000003B0000FDED000000EA0011
:10F8D0000000000000000000000000000000000028
:10F8E00000C4BE000000F70000000000000000009F
:10F8F00000D714000000BA00000000000000000063
:10F9000000000000000000000000000000000000F7
:10F9100000FC1F0000001E000000000000000000AE
:10F9200000000000000000000000000000000000D7
:10F9300000000000000000000025CD0000003D0098
:10F9400000E3230000001C0000FECC0000002600A5
:10F95000002CF3000000E6000006040000005D003B
:10F9600000B4C600000035000000000000000000E8
:10F970000036120000005A0000ECD2000000DE0049
:10F9800000F233000000170000000000000000003B
:10F99000003AD7000000E300000000000000000073
:10F9A00000F9BE0000003B00000000000000000065
:10F9B00000290E000000E70000F3F6000000D70069
:10F9C000000000000000000000DEED0000000C0060
:10F9D000000000000000000000EC01000000AA0090
:10F9E0000000000000000000000000000000000017
:10F9F00000F4C70000001A000035180000003300B2
:10FA000000000000000000000000000000000000F6
:10FA1000000000000000000000D1200000005100A4
:10FA200000000000000000000002E30000007F0072
:10FA30000081F9000000E300000000000000000069
:10FA4000000000000000000000ECB4000000D50041
:10FA5000000000000000000000D2120000009F0023
:10FA6000000417000000D00000EAE6000000E500F6
:10FA7000000000000000000000D92700000028005E
:10FA80000000000000000000000000000000000076
:10FA90000000000000000000000000000000000066
:10FAA0000000000000000000000000000000000056
:10FAB000000000000000000000B3D00000006A0059
:10FAC0000000000000000000002AE50000003800EF
:10FAD000000000000000000000F5D6000000F50066
:10FAE0000000000000000000000000000000000016
:10FAF0000000000000000000000000000000000006
:10FB000000000000000000000000000000000000F5
:10FB100000000000000000000000000000000000E5
:10FB2000000000000000000000E536000000BF00FB
:10FB300000D8B80000005D00001F00000000DA00DF
:10FB4000000000000000000000B7FB000000F30010
:10FB50000005B500000036000000000000000000B5
:10FB6000000000000000000000D4D0000000FB00F6
:10FB700000C61E0000001D00000000000000000084
:10FB800000CB1B000000F700000000000000000098
:10FB900000B51B000000E5000000000000000000B0
:10FBA0000000000000000000000000000000000055
:10FBB0000000000000000000000000000000000045
:10FBC0000000000000000000000000000000000035
:10FBD0000000000000000000000000000000000025
:10FBE0000000000000000000000000000000FF0016
:10FBF0000000000000000000000000000000000005
:10FC000000000000000000000000000000000000F4
:10FC100000EA1A00000026000000000000000000BA
:10FC2000001012000000700000C3400000002B0014
:10FC300000000000000000000000000000000000C4
:10FC40000042F8000000B1000000000000000000C9
:10FC5000000000000046F000000000000042260006
:10FC60000000000000FEEE000000000000B83B00B5
:10FC70000000000000000000000000000092E5000D
:10FC80000000000000D55400000000000023AC007C
:10FC90000000000000352600000000000000000009
:10FCA0000000000000F8D00000000000000000008C
:10FCB0000000000000000000000000000000000044
:10FCC0000000000000BEE8000000000000181D0059
:10FCD0000000000000000000000000000000000024
:10FCE000000000000010F60000000000000000000E
:10FCF00000000000002E470000000000000000008F
:10FD000000000000000000000000000000000000F3
:10FD1000000000000035FF000000000000000000AF
:10FD200000000000000000000000000000000000D3
:10FD300000000000000000000000000000D6B70036
:10FD40000000000000B91500000000000002E700FC
:10FD50000000000000E20600000000000026B000E5
:10FD60000000000000183600000000000000000045
:10FD700000000000002A1D000000000000890B00A8
:10FD8000000000000030F70000000000000000004C
:10FD90000000000000A3C5000000000000000000FB
:10FDA0000000000000E21B00000000000000000056
:10FDB000000000000019F0000000000000B81D0065
:10FDC0000000000000000000000000000027EE001E
:10FDD00000000000000000000000000000F71B0011
:10FDE0000000000000000000000000000000000013
:10FDF00000000000000B02000000000000CDD70052
:10FE000000000000000000000000000000000000F2
:10FE100000000000000000000000000000C37300AC
:10FE200000000000000000000000000000033F0090
:10FE3000000000000095EC00000000000000000041
:10FE400000000000000000000000000000F6D900E3
:10FE500000000000000000000000000000EA640054
:10FE60000000000000720B00000000000057F400CA
:10FE700000000000000000000000000000EFB400DF
:10FE80000000000000000000000000000000000072
:10FE90000000000000000000000000000000000062
:10FEA0000000000000000000000000000000000052
:10FEB00000000000000000000000000000E19F00C2
:10FEC00000000000000000000000000000D5140049
:10FED000000000000000000000000000000FF30020
:10FEE0000000000000000000000000000000000012
:10FEF0000000000000000000000000000000000002
:10FF000000000000000000000000000000000000F1
:10FF100000000000000000000000000000000000E1
:10FF2000000000000000000000000000005EDA0099
:10FF30000000000000F37500000000000081A20036
:10FF4000000000000000000000000000003A250052
:10FF50000000000000DCC7000000000000000000FE
:10FF6000000000000000000000000000008E4900BA
:10FF70000000000000E80800000000000000000091
:10FF8000000000000005D700000000000000000095
:10FF90000000000000D72D0000000000000000005D
:10FFA0000000000000000000000000000000000051
:10FFB0000000000000000000000000000000000041
:10FFC0000000000000000000000000000000000031
:10FFD0000000000000000000000000000000000021
:10FFE00000000000000000000000000000FFFF0013
:10FFF0000000000000000000000000000000000001
:02000004710287
:1000000000000000000000000000000000000000F0
:100010000000000000BE2A000000000000000000F8
:1000200000000000002BF6000000000000DDFF00D3
:1000300000000000000000000000000000000000C0
:100040000000000000CE8100000000000000000061
:1000500000000000000000000000000000000000A0
:100060000000000000000000000000000000000090
:100070000000000000000000000000000000000080
:1000800000000000000000000000FC000000000074
:100090000000000000000000000000000000000060
:1000A0000000000000000000000000000000000050
:1000B0000000000000000000000000000000000040
:1000C00000003200000000000000000000000000FE
:1000D00000003600000000000000000000000000EA
:1000E0000000000000000000000000000000000010
:1000F0000000000000000000000000000000000000
:1001000000000000000000000000000000000000EF
:1001100000000000000000000000000000000000DF
:10012000000000000000000000001D0000000000B2
:1001300000000000000000000000000000000000BF
:1001400000000000000000000000EA0000000000C5
:10015000000000000000000000000000000000009F
:100160000000E900000000000000000000000000A6
:10017000000000000000000000000000000000007F
:10018000000000000000000000000000000000006F
:10019000000000000000000000000000000000005F
:1001A000000000000000000000000000000000004F
:1001B000000000000000000000000000000000003F
:1001C000000000000000000000000000000000002F
:1001D00000000F00000000000000110000000000FF
:1001E0000000FD0000000000000000000000000012
:1001F00000000000000000000000000000000000FF
:1002000000000000000000000000000000000000EE
:1002100000000000000000000000000000000000DE
:1002200000000000000000000000000000000000CE
:1002300000000000000000000000000000000000BE
:1002400000000000000000000000000000000000AE
:10025000000000000000000000000000000000009E
:1002600000000000000000000000E30000000000AB
:10027000000000000000000000000000000000007E
:1002800000000000000000000000790000000000F5
:10029000000000000000000000000000000000005E
:1002A000000000000000000000000000000000004E
:1002B000000000000000000000000000000000003E
:1002C00000002D0000000000000000000000000001
:1002D00000000000000000000000F400000000002A
:1002E000000000000000000000000C000000000002
:1002F00000000000000000000000000000000000FE
:100300000000FA00000000000000C600000000002D
:1003100000007F000000000000000000000000005E
:100320000000FF00000000000000000000000000CE
:1003300000000000000000000000000000000000BD
:1003400000000000000000000000000000000000AD
:10035000000000000000000000000000000000009D
:10036000000022000000000000000000000000006B
:100370000000F000000000000000FB000000000092
:10038000000000000000000000000000000000006D
:10039000000000000000000000000000000000005D
:1003A000000000000000000000000000000000004D
:1003B0000000250000000000000016000000000002
:1003C000000000000000000000000000000000002D
:1003D000000000000000000000000000000000001D
:1003E00000003000000000000000180000000000C5
:1003F00000000000000000000000000000000000FD
:1004000000000000000000000000020000000000EA
:1004100000000000000000000000000000000000DC
:1004200000000000000000000000000000000000CC
:1004300000000000000000000000000000000000BC
:1004400000002800000000000000DE0000000000A6
:10045000000000000000000000000000000000009C
:10046000000000000000000000000000000000008C
:10047000000000000000000000000000000000007C
:10048000000000000000000000000000E300000089
:10049000000000000000000000000000000000005C
:1004A000000000000000000000000000000000004C
:1004B000000000000000000000000000000000003C
:1004C0000000000018000000000000000000000014
:1004D000000000000100000000000000000000001B
:1004E000000000000000000000000000000000000C
:1004F00000000000000000000000000000000000FC
:1005000000000000000000000000000000000000EB
:1005100000000000000000000000000000000000DB
:100520000000000000000000000000003400000097
:1005300000000000000000000000000000000000BB
:100540000000000000000000000000001700000094
:10055000000000000000000000000000000000009B
:10056000000000003A000000000000000000000051
:10057000000000000000000000000000000000007B
:10058000000000000000000000000000000000006B
:10059000000000000000000000000000000000005B
:1005A000000000000000000000000000000000004B
:1005B000000000000000000000000000000000003B
:1005C000000000000000000000000000000000002B
:1005D000000000000A000000000000000D00000004
:1005E00000000000EC00000000000000000000001F
:1005F00000000000000000000000000000000000FB
:1006000000000000000000000000000000000000EA
:1006100000000000000000000000000000000000DA
:1006200000000000000000000000000000000000CA
:1006300000000000000000000000000000000000BA
:1006400000000000000000000000000000000000AA
:10065000000000000000000000000000000000009A
:100660000000000000000000000000003700000053
:10067000000000000000000000000000000000007A
:100680000000000000000000000000004100000029
:10069000000000000000000000000000000000005A
:1006A000000000000000000000000000000000004A
:1006B000000000000000000000000000000000003A
:1006C00000000000470000000000000000000000E3
:1006D000000000000000000000000000DE0000003C
:1006E0000000000000000000000000000A00000000
:1006F00000000000000000000000000000000000FA
:1007000000000000F9000000000000003D000000B3
:10071000000000007F00000000000000000000005A
:1007200000000000E00000000000000000000000E9
:1007300000000000000000000000000000000000B9
:1007400000000000000000000000000000000000A9
:100750000000000000000000000000000000000099
:100760000000000020000000000000000000000069
:10077000000000001700000000000000250000003D
:100780000000000000000000000000000000000069
:100790000000000000000000000000000000000059
:1007A0000000000000000000000000000000000049
:1007B00000000000180000000000000036000000EB
:1007C0000000000000000000000000000000000029
:1007D0000000000000000000000000000000000019
:1007E00000000000E2000000000000001500000012
:1007F00000000000000000000000000000000000F9
:1008000000000000000000000000000029000000BF
:1008100000000000000000000000000000000000D8
:1008200000000000000000000000000000000000C8
:1008300000000000000000000000000000000000B8
:10084000000000002B00000000000000FE0000007F
:100850000000000000000000000000000000000098
:100860000000000000000000000000000000000088
:100870000000000000000000000000000000000078
:10088000000000000000000000B2000000000000B6
:10089000D600000000000000000000000000000082
:1008A0000000000000000000000000000000000048
:1008B0000000000000000000000000000000000038
:1008C00000E50000000000000D0000000000000036
:1008D00000920000000000000C000000000000007A
:1008E0000000000000000000000000000000000008
:1008F00000000000000000000000000000000000F8
:1009000000000000000000000000000000000000E7
:1009100000000000000000000000000000000000D7
:10092000000000000000000000E4000000000000E3
:10093000E6000000000000000000000000000000D1
:100940000000000000000000001400000000000093
:100950001500000000000000000000000000000082
:10096000007F0000000000002600000000000000E2
:100970000000000000000000000000000000000077
:100980000000000000000000000000000000000067
:100990000000000000000000000000000000000057
:1009A0000000000000000000000000000000000047
:1009B0000000000000000000000000000000000037
:1009C0000000000000000000000000000000000027
:1009D00000090000000000002609000000000000DF
:1009E000E3B3000000000000B500000000000000BC
:1009F00000000000000000000000000000000000F7
:100A000000000000000000000000000000000000E6
:100A100000000000000000000000000000000000D6
:100A200000000000000000000000000000000000C6
:100A30000000000000000000FF00000000000000B7
:100A400000000000000000000000000000000000A6
:100A50000000000000000000000000000000000096
:100A6000000000000000000000DF000000000000A7
:100A7000AD000000000000000000000000000000C9
:100A8000000000000000000000A8000000000000BE
:100A9000B3000000000000000000000000000000A3
:100AA0000000000000000000000000000000000046
:100AB0000000000000000000000000000000000036
:100AC00000AC000000000000F70000000000000083
:100AD000000000000000000000B000000000000066
:100AE000EA00000000000000008800000000000094
:100AF000FF000000000000000000000000000000F7
:100B0000006E0000000000002C99000000000000B2
:100B1000CFBB000000000000480000000000000003
:100B20000064000000000000FA0000000000000067
:100B300000000000000000000000000000000000B5
:100B400000000000000000000000000000000000A5
:100B50000000000000000000000000000000000095
:100B6000002C0000000000008100000000000000D8
:100B700000D4000000000000B809000000000000E0
:100B8000C90000000000000000000000000000009C
:100B90000000000000000000000000000000000055
:100BA0000000000000000000000000000000000045
:100BB00000DF000000000000ED1000000000000059
:100BC000060000000000000000000000000000001F
:100BD0000000000000000000000000000000000015
:100BE000000100000000000025E9000000000000F6
:100BF0001E000000000000000000000000000000D7
:100C00000000000000000000001C000000000000C8
:100C1000E1000000000000000000000000000000F3
:100C200000000000000000000000000000000000C4
:100C300000000000000000000000000000000000B4
:100C4000001E000000000000D0F4000000000000C2
:100C5000EA000000000000000000000000000000AA
:100C60000000000000000000000000000000000084
:100C70000000000000000000000000000000000074
:100C80000000000000000000000000000000000064
:100C90000000000000000000000000000000000054
:100CA0000000000000000000000000000000000044
:100CB0000000000000000000000000000000000034
:100CC0000000000000000000000000000000000024
:100CD0000000000000000000000000000000000014
:100CE0000000000000000000000000000000000004
:100CF00000000000000000000000000000000000F4
:100D000000000000000000000000000000000000E3
:100D100000000000000000000000000000000000D3
:100D200000000000000000000000000000000000C3
:100D300000000000000000000000000000000000B3
:100D400000000000000000000000000000000000A3
:100D50000000000000000000000000000000000093
:100D60000000000000000000000000000000000083
:100D70000000000000000000000000000000000073
:100D80000000000000000000000000000000000063
:100D90000000000000000000000000000000000053
:100DA0000000000000000000000000000000000043
:100DB0000000000000000000000000000000000033
:100DC0000000000000000000000000000000000023
:100DD0000000000000000000000000000000000013
:100DE0000000000000000000000000000000000003
:100DF00000000000000000000000000000000000F3
:100E000000000000000000000000000000000000E2
:100E100000000000000000000000000000000000D2
:100E200000000000000000000000000000000000C2
:100E300000000000000000000000000000000000B2
:100E400000000000000000000000000000000000A2
:100E50000000000000000000000000000000000092
:100E60000000000000000000000000000000000082
:100E70000000000000000000000000000000000072
:100E80000000000000000000000000000000000062
:100E90000000000000000000000000000000000052
:100EA0000000000000000000000000000000000042
:100EB0000000000000000000000000000000000032
:100EC0000000000000000000000000000000000022
:100ED0000000000000000000000000000000000012
:100EE0000000000000000000000000000000000002
:100EF00000000000000000000000000000000000F2
:100F000000000000000000000000000000000000E1
:100F100000000000000000000000000000000000D1
:100F200000000000000000000000000000000000C1
:100F300000000000000000000000000000000000B1
:100F400000000000000000000000000000000000A1
:100F50000000000000000000000000000000000091
:100F60000000000000000000000000000000000081
:100F70000000000000000000000000000000000071
:100F80000000000000000000000000000000000061
:100F90000000000000000000000000000000000051
:100FA0000000000000000000000000000000000041
:100FB0000000000000000000000000000000000031
:100FC0000000000000000000000000000000000021
:100FD0000000000000000000000000000000000011
:100FE0000000000000000000000000000000000001
:100FF00000000000000000000000000000000000F1
:1010000000000000000000000000000000000000E0
:1010100000000000000000000000000000000000D0
:1010200000000000000000000000000000000000C0
:1010300000000000000000000000000000000000B0
:1010400000000000000000000000000000000000A0
:101050000000000000000000000000000000000090
:101060000000000000000000000000000000000080
:101070000000000000000000000000000000000070
:10108000000000000000000000000000C30000009D
:101090000000000000000000000000000000000050
:1010A0000000000000000000000000000000000040
:1010B0000000000000000000000000000000000030
:1010C000000000002D0000000000000000000000F3
:1010D000000000001A0000000000000000000000F6
:1010E0000000000000000000000000000000000000
:1010F00000000000000000000000000000000000F0
:1011000000000000000000000000000000000000DF
:1011100000000000000000000000000000000000CF
:101120000000000000000000000000000F000000B0
:1011300000000000000000000000000000000000AF
:10114000000000000000000000000000E2000000BD
:10115000000000000000000000000000000000008F
:10116000000000000300000000000000000000007C
:10117000000000000000000000000000000000006F
:10118000000000000000000000000000000000005F
:10119000000000000000000000000000000000004F
:1011A000000000000000000000000000000000003F
:1011B000000000000000000000000000000000002F
:1011C000000000000000000000000000000000001F
:1011D000000000002B0000000000000034000000B0
:1011E0000000000067000000000000000000000098
:1011F00000000000000000000000000000000000EF
:1012000000000000000000000000000000000000DE
:1012100000000000000000000000000000000000CE
:1012200000000000000000000000000000000000BE
:1012300000000000000000000000000000000000AE
:10124000000000000000000000000000000000009E
:10125000000000000000000000000000000000008E
:101260000000000000000000000000007A00000004
:10127000000000000000000000000000000000006E
:101280000000000000000000000000004A00000014
:10129000000000000000000000000000000000004E
:1012A000000000000000000000000000000000003E
:1012B000000000000000000000000000000000002E
:1012C000000000009E000000000000000000000080
:1012D0000000000000000000000000009600000078
:1012E000000000000000000000000000610000009D
:1012F00000000000000000000000000000000000EE
:1013000000000000FF00000000000000F2000000EC
:1013100000000000F90000000000000000000000D4
:10132000000000003000000000000000000000008D
:1013300000000000000000000000000000000000AD
:10134000000000000000000000000000000000009D
:10135000000000000000000000000000000000008D
:10136000000000000F00000000000000000000006E
:1013700000000000D600000000000000F7000000A0
:10138000000000000000000000000000000000005D
:10139000000000000000000000000000000000004D
:1013A000000000000000000000000000000000003D
:1013B00000000000D3000000000000000700000053
:1013C000000000000000000000000000000000001D
:1013D000000000000000000000000000000000000D
:1013E000000000007F00000000000000100000006E
:1013F00000000000000000000000000000000000ED
:101400000000000000000000000000000C000000D0
:1014100000000000000000000000000000000000CC
:1014200000000000000000000000000000000000BC
:1014300000000000000000000000000000000000AC
:1014400000000000E80000000000000006000000AE
:10145000000000000000000000000000000000008C
:10146000000000000000000000000000000000007C
:10147000000000000000000000000000000000006C
:10148000000000000000000000000000000000005C
:10149000000000000000000000000000000000004C
:1014A000000000000000000000000000000000003C
:1014B000000000000000000000000000000000002C
:1014C000000000000000000000000000000000001C
:1014D000000000000000000000000000000000000C
:1014E00000000000000000000000000000000000FC
:1014F00000000000000000000000000000000000EC
:1015000000000000000000000000000000000000DB
:1015100000000000000000000000000000000000CB
:1015200000000000000000000000000000000000BB
:1015300000000000000000000000000000000000AB
:10154000000000000000000000000000000000009B
:10155000000000000000000000000000000000008B
:10156000000000000000000000000000000000007B
:10157000000000000000000000000000000000006B
:10158000000000000000000000000000000000005B
:10159000000000000000000000000000000000004B
:1015A000000000000000000000000000000000003B
:1015B000000000000000000000000000000000002B
:1015C000000000000000000000000000000000001B
:1015D000000000000000000000000000000000000B
:1015E00000000000000000000000000000000000FB
:1015F00000000000000000000000000000000000EB
:1016000000000000000000000000000000000000DA
:1016100000000000000000000000000000000000CA
:1016200000000000000000000000000000000000BA
:1016300000000000000000000000000000000000AA
:10164000000000000000000000000000000000009A
:10165000000000000000000000000000000000008A
:10166000000000000000000000000000000000007A
:10167000000000000000000000000000000000006A
:10168000000000000000000000000000000000005A
:10169000000000000000000000000000000000004A
:1016A000000000000000000000000000000000003A
:1016B000000000000000000000000000000000002A
:1016C000000000000000000000000000000000001A
:1016D000000000000000000000000000000000000A
:1016E00000000000000000000000000000000000FA
:1016F00000000000000000000000000000000000EA
:1017000000000000000000000000000000000000D9
:1017100000000000000000000000000000000000C9
:1017200000000000000000000000000000000000B9
:1017300000000000000000000000000000000000A9
:101740000000000000000000000000000000000099
:101750000000000000000000000000000000000089
:101760000000000000000000000000000000000079
:101770000000000000000000000000000000000069
:101780000000000000000000000000000000000059
:101790000000000000000000000000000000000049
:1017A0000000000000000000000000000000000039
:1017B0000000000000000000000000000000000029
:1017C0000000000000000000000000000000000019
:1017D0000000000000000000000000000000000009
:1017E00000000000000000000000000000000000F9
:1017F00000000000000000000000000000000000E9
:1018000000000000000000000000000000000000D8
:1018100000000000000000000000000000000000C8
:1018200000000000000000000000000000000000B8
:1018300000000000000000000000000000000000A8
:101840000000000000000000000000000000000098
:101850000000000000000000000000000000000088
:101860000000000000000000000000000000000078
:101870000000000000000000000000000000000068
:10188000000000000000000000000000CB0000008D
:1018900081001000000000000000000000000000B7
:1018A0000000000000000000000000000000000038
:1018B0000000000000000000000000000000000028
:1018C00000000000E5000000FE001B00000000001A
:1018D00000000000F5000000DC0013000000000024
:1018E00000000000000000000000000000000000F8
:1018F00000000000000000000000000000000000E8
:1019000000000000000000000000000000000000D7
:1019100000000000000000000000000000000000C7
:10192000000000000000000000000000C7000000F0
:10193000FB0020000000000000000000000000008C
:10194000000000000000000000000000D7000000C0
:101950000600E90000000000000000000000000098
:101960000000000028000000A400040000000000A7
:101970000000000000000000000000000000000067
:101980000000000000000000000000000000000057
:101990000000000000000000000000000000000047
:1019A0000000000000000000000000000000000037
:1019B0000000000000000000000000000000000027
:1019C0000000000000000000000000000000000017
:1019D00000000000140000004E003E00AE000000B9
:1019E000F200110005000000ED00070000000000FB
:1019F00000000000000000000000000000000000E7
:101A000000000000000000000000000000000000D6
:101A100000000000000000000000000000000000C6
:101A200000000000000000000000000000000000B6
:101A300000000000000000000000000000000000A6
:101A40000000000000000000000000000000000096
:101A50000000000000000000000000000000000086
:101A60000000000000000000000000004200000034
:101A7000DB007F000000000000000000000000000C
:101A80000000000000000000000000003300000023
:101A9000C4003F0000000000000000000000000043
:101AA0000000000000000000000000000000000036
:101AB0000000000000000000000000000000000026
:101AC00000000000930000002D00FB00000000005B
:101AD00000000000000000000000000063000000A3
:101AE00028000C000000000000000000960000002C
:101AF000F1001300000000000000000000000000E2
:101B00000000000021000000380008000200000072
:101B1000100024000F0000006700D9000000000042
:101B20000000000003000000FA00CF0000000000E9
:101B300000000000000000000000000000000000A5
:101B40000000000000000000000000000000000095
:101B50000000000000000000000000000000000085
:101B6000000000003A000000BB00FC000000000084
:101B700000000000000000003D00ED0040000000FB
:101B8000B50015000000000000000000000000008B
:101B90000000000000000000000000000000000045
:101BA0000000000000000000000000000000000035
:101BB00000000000FB0000000C001C00E000000022
:101BC000E4003A00000000000000000000000000F7
:101BD0000000000000000000000000000000000005
:101BE00000000000D5000000BB003E002A000000FD
:101BF0009B00D70000000000000000000000000073
:101C00000000000000000000000000008100000053
:101C100017002C0000000000000000000000000081
:101C200000000000000000000000000000000000B4
:101C300000000000000000000000000000000000A4
:101C4000000000004E0000003F0003000000000004
:101C5000A0002600000000000000000000000000BE
:101C60000000000000000000000000000000000074
:101C70000000000000000000000000000000000064
:101C80000000000000000000000000000000000054
:101C90000000000000000000000000000000000044
:101CA0000000000000000000000000000000000034
:101CB0000000000000000000000000000000000024
:101CC0000000000000000000000000000000000014
:101CD0000000000000000000000000000000000004
:101CE00000000000000000000000000000000000F4
:101CF00000000000000000000000000000000000E4
:101D000000000000000000000000000000000000D3
:101D100000000000000000000000000000000000C3
:101D200000000000000000000000000000000000B3
:101D300000000000000000000000000000000000A3
:101D40000000000000000000000000000000000093
:101D50000000000000000000000000000000000083
:101D60000000000000000000000000000000000073
:101D70000000000000000000000000000000000063
:101D80000000000000000000000000000000000053
:101D90000000000000000000000000000000000043
:101DA0000000000000000000000000000000000033
:101DB0000000000000000000000000000000000023
:101DC0000000000000000000000000000000000013
:101DD0000000000000000000000000000000000003
:101DE00000000000000000000000000000000000F3
:101DF00000000000000000000000000000000000E3
:101E000000000000000000000000000000000000D2
:101E100000000000000000000000000000000000C2
:101E200000000000000000000000000000000000B2
:101E300000000000000000000000000000000000A2
:101E40000000000000000000000000000000000092
:101E50000000000000000000000000000000000082
:101E60000000000000000000000000000000000072
:101E70000000000000000000000000000000000062
:101E80000000000000000000000000000000000052
:101E90000000000000000000000000000000000042
:101EA0000000000000000000000000000000000032
:101EB0000000000000000000000000000000000022
:101EC0000000000000000000000000000000000012
:101ED0000000000000000000000000000000000002
:101EE00000000000000000000000000000000000F2
:101EF00000000000000000000000000000000000E2
:101F000000000000000000000000000000000000D1
:101F100000000000000000000000000000000000C1
:101F200000000000000000000000000000000000B1
:101F300000000000000000000000000000000000A1
:101F40000000000000000000000000000000000091
:101F50000000000000000000000000000000000081
:101F60000000000000000000000000000000000071
:101F70000000000000000000000000000000000061
:101F80000000000000000000000000000000000051
:101F90000000000000000000000000000000000041
:101FA0000000000000000000000000000000000031
:101FB0000000000000000000000000000000000021
:101FC0000000000000000000000000000000000011
:101FD0000000000000000000000000000000000001
:101FE00000000000000000000000000000000000F1
:101FF00000000000000000000000000000000000E1
:1020000000000000000000000000000000000000D0
:1020100000000000000000000000000000000000C0
:1020200000000000000000000000000000000000B0
:1020300000000000000000000000000000000000A0
:102040000000000000000000000000000000000090
:102050000000000000000000000000000000000080
:102060000000000000000000000000000000000070
:102070000000000000000000000000000000000060
:102080000000000000000000000000000000000050
:1020900000006300000000000000000000000000DD
:1020A0000000000000000000000000000000000030
:1020B0000000000000000000000000000000000020
:1020C00000000000000000000000340000000000DC
:1020D00000000000000000000000EA000000000016
:1020E00000000000000000000000000000000000F0
:1020F00000000000000000000000000000000000E0
:1021000000000000000000000000000000000000CF
:1021100000000000000000000000000000000000BF
:1021200000000000000000000000000000000000AF
:102130000000E400000000000000000000000000BB
:10214000000000000000000000000000000000008F
:102150000000E4000000000000000000000000009B
:10216000000000000000000000001B000000000054
:10217000000000000000000000000000000000005F
:10218000000000000000000000000000000000004F
:10219000000000000000000000000000000000003F
:1021A000000000000000000000000000000000002F
:1021B000000000000000000000000000000000001F
:1021C000000000000000000000000000000000000F
:1021D00000000000000000000000290000000000D6
:1021E0000000EA00000000000000060000000000FF
:1021F00000000000000000000000000000000000DF
:1022000000000000000000000000000000000000CE
:1022100000000000000000000000000000000000BE
:1022200000000000000000000000000000000000AE
:10223000000000000000000000000000000000009E
:10224000000000000000000000000000000000008E
:10225000000000000000000000000000000000007E
:10226000000000000000000000000000000000006E
:1022700000007F00000000000000000000000000DF
:10228000000000000000000000000000000000004E
:1022900000002F000000000000000000000000000F
:1022A000000000000000000000000000000000002E
:1022B000000000000000000000000000000000001E
:1022C00000000000000000000000D6000000000038
:1022D00000000000000000000000000000000000FE
:1022E00000001D00000000000000000000000000D1
:1022F0000000C3000000000000000000000000001B
:1023000000000000000000000000EE0000000000DF
:102310000000630000000000000031000000000029
:102320000000000000000000000016000000000097
:10233000000000000000000000000000000000009D
:10234000000000000000000000000000000000008D
:10235000000000000000000000000000000000007D
:102360000000000000000000000026000000000047
:102370000000000000000000000005000000000058
:102380000000E40000000000000000000000000069
:10239000000000000000000000000000000000003D
:1023A000000000000000000000000000000000002D
:1023B000000000000000000000000300000000001A
:1023C00000000B0000000000000000000000000002
:1023D00000000000000000000000000000000000FD
:1023E000000000000000000000009000000000005D
:1023F0000000CF000000000000000000000000000E
:1024000000000000000000000000000000000000CC
:102410000000B90000000000000000000000000003
:1024200000000000000000000000000000000000AC
:10243000000000000000000000000000000000009C
:102440000000000000000000000028000000000064
:1024500000004E000000000000000000000000002E
:10246000000000000000000000000000000000006C
:10247000000000000000000000000000000000005C
:1024800000000000000000000000000000DE00006E
:102490000600000000000000000000000000000036
:1024A000000000000000000000000000000000002C
:1024B000000000000000000000000000000000001C
:1024C00000000000000B0000BB0000000000000046
:1024D00000000000002C00000300000000000000CD
:1024E00000000000000000000000000000000000EC
:1024F00000000000000000000000000000000000DC
:1025000000000000000000000000000000000000CB
:1025100000000000000000000000000000000000BB
:10252000000000000000000000000000007F00002C
:102530002300000000000000000000000000000078
:102540000000000000000000000000000016000075
:102550007F000000000000000000000000000000FC
:102560000000000000FE0000B500000000000000B8
:10257000000000000000000000000000000000005B
:10258000000000000000000000000000000000004B
:10259000000000000000000000000000000000003B
:1025A000000000000000000000000000000000002B
:1025B000000000000000000000000000000000001B
:1025C000000000000000000000000000000000000B
:1025D0000000000000EA0000F50000000018000004
:1025E000CF000000003E00000500000000000000D9
:1025F00000000000000000000000000000000000DB
:1026000000000000000000000000000000000000CA
:1026100000000000000000000000000000000000BA
:1026200000000000000000000000000000000000AA
:10263000000000000000000000000000000000009A
:10264000000000000000000000000000000000008A
:10265000000000000000000000000000000000007A
:1026600000000000000000000000000000A90000C1
:102670000200000000000000000000000000000058
:10268000000000000000000000000000002E00001C
:102690003600000000000000000000000000000004
:1026A000000000000000000000000000000000002A
:1026B000000000000000000000000000000000001A
:1026C00000000000001F00001500000000000000D6
:1026D00000000000000000000000000000E000001A
:1026E000CF000000000000000000000000490000D2
:1026F000F2000000000000000000000000000000E8
:1027000000000000000A0000D800000000A7000040
:102710000A00000000D90000D20000000000000004
:102720000000000000C900003000000000000000B0
:102730000000000000000000000000000000000099
:102740000000000000000000000000000000000089
:102750000000000000000000000000000000000079
:102760000000000000F20000C700000000000000B0
:102770000000000000F90000DE0000000020000062
:10278000D300000000000000000000000000000076
:102790000000000000000000000000000000000039
:1027A0000000000000000000000000000000000029
:1027B0000000000000130000F6000000002A0000E6
:1027C0001E000000000000000000000000000000EB
:1027D00000000000000000000000000000000000F9
:1027E00000000000006A000019000000001D000049
:1027F000EF000000000000000000000000000000EA
:1028000000000000000000000000000000050000C3
:102810003600000000000000000000000000000082
:1028200000000000000000000000000000000000A8
:102830000000000000000000000000000000000098
:102840000000000000CA0000CB00000000230000D0
:102850001700000000000000000000000000000061
:102860000000000000000000000000000000000068
:102870000000000000000000000000000000000058
:102880000000000000000000000000000000000048
:1028900000D200BF000000000000000000000000A7
:1028A0000000000000000000000000000000000028
:1028B0000000000000000000000000000000000018
:1028C000000000000000000000D7004A00000000E7
:1028D00000000000000000000081004C000000002B
:1028E00000000000000000000000000000000000E8
:1028F00000000000000000000000000000000000D8
:1029000000000000000000000000000000000000C7
:1029100000000000000000000000000000000000B7
:1029200000000000000000000000000000000000A7
:1029300000A9003E000000000000000000000000B0
:102940000000000000000000000000000000000087
:102950000058007F000000000000000000000000A0
:102960000000000000000000003D00D90000000051
:102970000000000000000000000000000000000057
:102980000000000000000000000000000000000047
:102990000000000000000000000000000000000037
:1029A0000000000000000000000000000000000027
:1029B0000000000000000000000000000000000017
:1029C0000000000000000000000000000000000007
:1029D0000000000000000000004300A6000000000E
:1029E0000007003B0000000000C2000100000000E2
:1029F00000000000000000000000000000000000D7
:102A000000000000000000000000000000000000C6
:102A100000000000000000000000000000000000B6
:102A200000000000000000000000000000000000A6
:102A30000000000000000000000000020000000094
:102A40000000000000000000000000000000000086
:102A50000000000000000000000000000000000076
:102A60000000000000000000000000000000000066
:102A7000004A00910000000000000000000000007B
:102A80000000000000000000000000000000000046
:102A900000BA00520000000000000000000000002A
:102AA0000000000000000000000000000000000026
:102AB0000000000000000000000000000000000016
:102AC000000000000000000000AC00330000000027
:102AD0000000000000000000000000FF00000000F7
:102AE000005300B5000000000000000000000000DE
:102AF00000D40055000000000000000000000000AD
:102B0000000000000000000000C900F60000000006
:102B100000D8009E000000000026009E000000007B
:102B20000000000000000000005B00BA0000000090
:102B30000000000000000000000000000000000095
:102B40000000000000000000000000000000000085
:102B50000000000000000000000000000000000075
:102B60000000000000000000001000C10000000094
:102B7000000000000000000000EE00C200000000A5
:102B800000D500D10000000000000000000000009F
:102B90000000000000000000000000000000000035
:102BA0000000000000000000000000000000000025
:102BB000000000000000000000D40032000000000F
:102BC00000E50051000000000000000000000000CF
:102BD00000000000000000000000000000000000F5
:102BE00000000000000000000094007F00000000D2
:102BF000009C00F600000000000000000000000043
:102C000000000000000000000000000000000000C4
:102C100000A60038000000000000000000000000D6
:102C200000000000000000000000000000000000A4
:102C30000000000000000000000000000000000094
:102C40000000000000000000001D00C400000000A3
:102C500000E3003F00000000000000000000000052
:102C60000000000000000000000000000000000064
:102C70000000000000000000000000000000000054
:102C80000000000000000000000000000000000044
:102C9000060000000000000000000000000000002E
:102CA0000000000000000000000000000000000024
:102CB0000000000000000000000000000000000014
:102CC0000000000000000000EB0000000000000019
:102CD00000000000000000000800000000000000EC
:102CE00000000000000000000000000000000000E4
:102CF00000000000000000000000000000000000D4
:102D000000000000000000000000000000000000C3
:102D100000000000000000000000000000000000B3
:102D200000000000000000000000000000000000A3
:102D3000AF000000000000000000000000000000E4
:102D40000000000000000000000000000000000083
:102D5000490000000000000000000000000000002A
:102D600000000000000000002B0000000000000038
:102D70000000000000000000000000000000000053
:102D80000000000000000000000000000000000043
:102D90000000000000000000000000000000000033
:102DA0000000000000000000000000000000000023
:102DB0000000000000000000000000000000000013
:102DC0000000000000000000000000000000000003
:102DD0000000000000000000F20000000000000001
:102DE000AA000000000000001F000000000000001A
:102DF00000000000000000000000000000000000D3
:102E000000000000000000000000000000000000C2
:102E100000000000000000000000000000000000B2
:102E200000000000000000000000000000000000A2
:102E30000000000000000000000000000000000092
:102E40000000000000000000000000000000000082
:102E50000000000000000000000000000000000072
:102E60000000000000000000000000000000000062
:102E70007F000000000000000000000000000000D3
:102E80000000000000000000000000000000000042
:102E9000F200000000000000000000000000000040
:102EA0000000000000000000000000000000000022
:102EB0000000000000000000000000000000000012
:102EC0000000000000000000690000000000000099
:102ED00000000000000000000000000000000000F2
:102EE000CA00000000000000000000000000000018
:102EF000940000000000000000000000000000003E
:102F00000000000000000000410000000000000080
:102F100013000000000000009E0000000000000000
:102F20000000000000000000BB00000000000000E6
:102F30000000000000000000000000000000000091
:102F40000000000000000000000000000000000081
:102F50000000000000000000000000000000000071
:102F6000000000000000000045000000000000001C
:102F7000000000000000000027000000000000002A
:102F80003900000000000000000000000000000008
:102F90000000000000000000000000000000000031
:102FA0000000000000000000000000000000000021
:102FB00000000000000000008A0000000000000087
:102FC000C70000000000000000000000000000003A
:102FD00000000000000000000000000000000000F1
:102FE0000000000000000000ED00000000000000F4
:102FF0005800000000000000000000000000000079
:1030000000000000000000000000000000000000C0
:103010009C00000000000000000000000000000014
:1030200000000000000000000000000000000000A0
:103030000000000000000000000000000000000090
:103040000000000000000000AB00000000000000D5
:10305000EB00000000000000000000000000000085
:103060000000000000000000000000000000000060
:103070000000000000000000000000000000000050
:103080000000000000000000000000000000000040
:10309000F5000000D3000000000000000000000068
:1030A0000000000000000000000000000000000020
:1030B0000000000000000000000000000000000010
:1030C00000000000000000000200000029000000D5
:1030D0000000000000000000E5000000D200000039
:1030E00000000000000000000000000000000000E0
:1030F00000000000000000000000000000000000D0
:1031000000000000000000000000000000000000BF
:1031100000000000000000000000000000000000AF
:10312000000000000000000000000000000000009F
:10313000A8000000F00000000000000000000000F7
:10314000000000000000000000000000000000007F
:103150002F000000F0000000000000000000000050
:103160000000000000000000C70000001B0000007D
:10317000000000000000000000000000000000004F
:10318000000000000000000000000000000000003F
:10319000000000000000000000000000000000002F
:1031A000000000000000000000000000000000001F
:1031B000000000000000000000000000000000000F
:1031C00000000000000000000000000000000000FF
:1031D0000000000000000000DE00000052000000BF
:1031E0000F000000C7000000BE0000001B00000030
:1031F00000000000000000000000000000000000CF
:1032000000000000000000000000000000000000BE
:1032100000000000000000000000000000000000AE
:10322000000000000000000000000000000000009E
:10323000000000000000000000000000000000008E
:10324000000000000000000000000000000000007E
:10325000000000000000000000000000000000006E
:10326000000000000000000000000000000000005E
:10327000C600000023000000000000000000000065
:10328000000000000000000000000000000000003E
:10329000F8000000D4000000000000000000000062
:1032A000000000000000000000000000000000001E
:1032B000000000000000000000000000000000000E
:1032C0000000000000000000E5000000BC0000005D
:1032D00000000000000000000000000000000000EE
:1032E0005D0000007F000000000000000000000002
:1032F0009B000000E400000000000000000000004F
:103300000000000000000000D90000001A000000CA
:103310007F000000B2000000D40000001A0000008E
:103320000000000000000000F4000000FA000000AF
:10333000000000000000000000000000000000008D
:10334000000000000000000000000000000000007D
:10335000000000000000000000000000000000006D
:10336000000000000000000036000000190000000E
:1033700000000000000000003C000000E60000002B
:10338000ED0000003600000000000000000000001A
:10339000000000000000000000000000000000002D
:1033A000000000000000000000000000000000001D
:1033B0000000000000000000ED000000A30000007D
:1033C0005A000000DA0000000000000000000000C9
:1033D00000000000000000000000000000000000ED
:1033E0000000000000000000300000009500000018
:1033F00081000000D4000000000000000000000078
:1034000000000000000000000000000000000000BC
:10341000AE0000000C0000000000000000000000F2
:10342000000000000000000000000000000000009C
:10343000000000000000000000000000000000008C
:103440000000000000000000F50000000400000083
:10345000160000002A00000000000000000000002C
:10346000000000000000000000000000000000005C
:10347000000000000000000000000000000000004C
:10348000000000000000000000000000000000003C
:10349000000000000000000000000000000000002C
:1034A000000000000000000000000000000000001C
:1034B000000000000000000000000000000000000C
:1034C00000000000000000000000000000000000FC
:1034D00000000000000000000000000000000000EC
:1034E00000000000000000000000000000000000DC
:1034F00000000000000000000000000000000000CC
:1035000000000000000000000000000000000000BB
:1035100000000000000000000000000000000000AB
:10352000000000000000000000000000000000009B
:10353000000000000000000000000000000000008B
:10354000000000000000000000000000000000007B
:10355000000000000000000000000000000000006B
:10356000000000000000000000000000000000005B
:10357000000000000000000000000000000000004B
:10358000000000000000000000000000000000003B
:10359000000000000000000000000000000000002B
:1035A000000000000000000000000000000000001B
:1035B000000000000000000000000000000000000B
:1035C00000000000000000000000000000000000FB
:1035D00000000000000000000000000000000000EB
:1035E00000000000000000000000000000000000DB
:1035F00000000000000000000000000000000000CB
:1036000000000000000000000000000000000000BA
:1036100000000000000000000000000000000000AA
:10362000000000000000000000000000000000009A
:10363000000000000000000000000000000000008A
:10364000000000000000000000000000000000007A
:10365000000000000000000000000000000000006A
:10366000000000000000000000000000000000005A
:10367000000000000000000000000000000000004A
:10368000000000000000000000000000000000003A
:10369000000000000000000000000000000000002A
:1036A000000000000000000000000000000000001A
:1036B000000000000000000000000000000000000A
:1036C00000000000000000000000000000000000FA
:1036D00000000000000000000000000000000000EA
:1036E00000000000000000000000000000000000DA
:1036F00000000000000000000000000000000000CA
:1037000000000000000000000000000000000000B9
:1037100000000000000000000000000000000000A9
:103720000000000000000000000000000000000099
:103730000000000000000000000000000000000089
:103740000000000000000000000000000000000079
:103750000000000000000000000000000000000069
:103760000000000000000000000000000000000059
:103770000000000000000000000000000000000049
:103780000000000000000000000000000000000039
:103790000000000000000000000000000000000029
:1037A0000000000000000000000000000000000019
:1037B0000000000000000000000000000000000009
:1037C00000000000000000000000000000000000F9
:1037D00000000000000000000000000000000000E9
:1037E00000000000000000000000000000000000D9
:1037F00000000000000000000000000000000000C9
:1038000000000000000000000000000000000000B8
:1038100000000000000000000000000000000000A8
:103820000000000000000000000000000000000098
:103830000000000000000000000000000000000088
:103840000000000000000000000000000000000078
:103850000000000000000000000000000000000068
:103860000000000000000000000000000000000058
:103870000000000000000000000000000000000048
:103880000000000000000000000000000000000038
:103890000000000000000100000000000000000027
:1038A0000000000000000000000000000000000018
:1038B0000000000000000000000000000000000008
:1038C0000000000000000000000000000000AA004E
:1038D0000000000000000000000000000000A40044
:1038E00000000000000000000000000000000000D8
:1038F00000000000000000000000000000000000C8
:1039000000000000000000000000000000000000B7
:1039100000000000000000000000000000000000A7
:103920000000000000000000000000000000000097
:10393000000000000000FA0000000000000000008D
:103940000000000000000000000000000000000077
:103950000000000000003000000000000000000037
:1039600000000000000000000000000000000F0048
:103970000000000000000000000000000000000047
:103980000000000000000000000000000000000037
:103990000000000000000000000000000000000027
:1039A0000000000000000000000000000000000017
:1039B0000000000000000000000000000000000007
:1039C00000000000000000000000000000000000F7
:1039D00000000000000000000000000000001C00CB
:1039E000000000000000C600000000000000B4005D
:1039F00000000000000000000000000000000000C7
:103A000000000000000000000000000000000000B6
:103A100000000000000000000000000000000000A6
:103A20000000000000000000000000000000000096
:103A30000000000000000000000000000000000086
:103A40000000000000000000000000000000000076
:103A50000000000000000000000000000000000066
:103A60000000000000000000000000000000000056
:103A70000000000000007F000000000000000000C7
:103A80000000000000000000000000000000000036
:103A9000000000000000E80000000000000000003E
:103AA0000000000000000000000000000000000016
:103AB0000000000000000000000000000000000006
:103AC0000000000000000000000000000000E50011
:103AD00000000000000000000000000000000000E6
:103AE00000000000000018000000000000000000BE
:103AF000000000000000B000000000000000000016
:103B00000000000000000000000000000000340081
:103B10000000000000002C00000000000000E90090
:103B20000000000000000000000000000000DB00BA
:103B30000000000000000000000000000000000085
:103B40000000000000000000000000000000000075
:103B50000000000000000000000000000000000065
:103B600000000000000000000000000000005E00F7
:103B700000000000000000000000000000001D0028
:103B80000000000000001D00000000000000000018
:103B90000000000000000000000000000000000025
:103BA0000000000000000000000000000000000015
:103BB0000000000000000000000000000000D20033
:103BC000000000000000F9000000000000000000FC
:103BD00000000000000000000000000000000000E5
:103BE00000000000000000000000000000000500D0
:103BF00000000000000003000000000000000000C2
:103C000000000000000000000000000000000000B4
:103C1000000000000000EB000000000000000000B9
:103C20000000000000000000000000000000000094
:103C30000000000000000000000000000000000084
:103C40000000000000000000000000000000220052
:103C5000000000000000FB00000000000000000069
:103C60000000000000000000000000000000000054
:103C70000000000000000000000000000000000044
:103C80000000000000000000000000000000000034
:103C9000006D000000E500000000000000000000D2
:103CA0000000000000000000000000000000000014
:103CB0000000000000000000000000000000000004
:103CC000000000000000000000B8000000530000E9
:103CD000000000000000000000B10000007C0000B7
:103CE00000000000000000000000000000000000D4
:103CF00000000000000000000000000000000000C4
:103D000000000000000000000000000000000000B3
:103D100000000000000000000000000000000000A3
:103D20000000000000000000000000000000000093
:103D3000008100000065000000000000000000009D
:103D40000000000000000000000000000000000073
:103D50000001000000490000000000000000000019
:103D60000000000000000000003C000000D2000045
:103D70000000000000000000000000000000000043
:103D80000000000000000000000000000000000033
:103D90000000000000000000000000000000000023
:103DA0000000000000000000000000000000000013
:103DB0000000000000000000000000000000000003
:103DC00000000000000000000000000000000000F3
:103DD00000000000000000000039000000A5000005
:103DE0000087000000360000000C00000002000008
:103DF00000000000000000000000000000000000C3
:103E000000000000000000000000000000000000B2
:103E100000000000000000000000000000000000A2
:103E20000000000000000000000000000000000092
:103E30000000000000000000000000000002000080
:103E40000000000000000000000000000000000072
:103E50000000000000000000000000000000000062
:103E60000000000000000000000000000000000052
:103E70000014000000CB0000000000000000000063
:103E80000000000000000000000000000000000032
:103E900000ED0000004A00000000000000000000EB
:103EA0000000000000000000000000000000000012
:103EB0000000000000000000000000000000000002
:103EC000000000000000000000E5000000460000C7
:103ED00000000000000000000000000000000000E2
:103EE000006D000000CE0000000000000000000097
:103EF00000EA0000005C000000000000000000007C
:103F000000000000000000000021000000F500009B
:103F100000180000000D00000025000000A00000B7
:103F200000000000000000000015000000D30000A9
:103F30000000000000000000000000000000000081
:103F40000000000000000000000000000000000071
:103F50000000000000000000000000000000000061
:103F600000000000000000000059000000F7000001
:103F7000000000000000000000270000000C00000E
:103F80000056000000EA00000000000000000000F1
:103F90000000000000000000000000000000000021
:103FA0000000000000000000000000000000000011
:103FB000000000000000000000B10000001200003E
:103FC00000B80000005800000000000000000000E1
:103FD00000000000000000000000000000000000E1
:103FE000000000000000000000B30000007F00009F
:103FF0000022000000F600000000000000000000A9
:1040000000000000000000000000000000000000B0
:10401000000E00000037000000000000000000005B
:104020000000000000000000000000000000000090
:104030000000000000000000000000000000000080
:1040400000000000000000000072000000DE000020
:1040500000EF00000042000000000000000000002F
:104060000000000000000000000000000000000050
:104070000000000000060F0000000000000000002B
:104080000000000000000000000000000000000030
:104090000000000000000000000000000000000020
:1040A0000000000000000000000000000000000010
:1040B0000000000000000000000000000000000000
:1040C0000000000000F4FB00000000000000000001
:1040D00000000000000000000000000000000000E0
:1040E000000000000059E000000000000000000097
:1040F00000000000000000000000000000000000C0
:1041000000000000000000000000000000000000AF
:104110000000000000000000000000000027420036
:10412000000000000000000000000000000000008F
:10413000000000000000000000000000000000007F
:10414000000000000000000000000000000000006F
:10415000000000000000000000000000000000005F
:10416000000000000000000000000000000000004F
:10417000000000000013020000000000000000002A
:10418000000000000000000000000000000000002F
:10419000000000000000000000000000000000001F
:1041A000000000000000000000000000000000000F
:1041B00000000000000000000000000000000000FF
:1041C00000000000000000000000000000000000EF
:1041D00000000000000000000000000000000000DF
:1041E00000000000000000000000000000AF3700E9
:1041F00000000000000000000000000000000000BF
:10420000000000000000000000000000003DF6007B
:10421000000000000000000000000000004B07004C
:10422000000000000000000000000000000000008E
:10423000000000000000000000000000000000007E
:10424000000000000000000000000000000000006E
:10425000000000000000000000000000000000005E
:10426000000000000000000000000000000000004E
:10427000000000000000000000000000000000003E
:10428000000000000000000000000000000000002E
:10429000000000000009DC00000000000000000039
:1042A00000000000000000000000000000E81D0009
:1042B00000000000000000000000000000000000FE
:1042C00000000000004A2E00000000000000000076
:1042D00000000000000000000000000000000000DE
:1042E00000000000000000000000000000000000CE
:1042F00000000000000000000000000000000000BE
:1043000000000000007FF500000000000000000039
:104310000000000000DE7F00000000000000000040
:10432000000000000000000000000000000000008D
:10433000000000000000000000000000000D05006B
:10434000000000000000000000000000000000006D
:10435000000000000000000000000000000000005D
:10436000000000000000000000000000000000004D
:10437000000000000024B500000000000000000064
:10438000000000000000000000000000000000002D
:10439000000000000044BF0000000000000000001A
:1043A000000000000000000000000000000000000D
:1043B00000000000000000000000000000000000FD
:1043C00000000000000000000000000000000000ED
:1043D00000000000000000000000000000000000DD
:1043E00000000000000000000000000000000000CD
:1043F00000000000000000000000000000000000BD
:1044000000000000000000000000000000000000AC
:1044100000000000000000000000000000F7A00005
:10442000000000000000000000000000000000008C
:1044300000000000009D2D000000000000000000B2
:10444000000000000000000000000000000000006C
:104450000000000000E27F000000000000000000FB
:10446000000000000000000000000000000000004C
:104470000000000000002600000000000000000016
:10448000000000000000000000000000000000002C
:10449000000000000000000000000000000000001C
:1044A000000000000000000000000000000000000C
:1044B00000000000000000000000000000000000FC
:1044C000000000000000DD0000000000000000000F
:1044D00000000000000000000000000000000000DC
:1044E000000000000000F9000000000000000000D3
:1044F00000000000000000000000000000000000BC
:1045000000000000000000000000000000000000AB
:104510000000000000000000000000000000C300D8
:10452000000000000000000000000000000000008B
:10453000000000000000000000000000000000007B
:10454000000000000000000000000000000000006B
:10455000000000000000000000000000000000005B
:10456000000000000000000000000000000000004B
:10457000000000000000EC0000000000000000004F
:10458000000000000000000000000000000000002B
:10459000000000000000000000000000000000001B
:1045A000000000000000000000000000000000000B
:1045B00000000000000000000000000000000000FB
:1045C00000000000000000000000000000000000EB
:1045D00000000000000000000000000000000000DB
:1045E00000000000000000000000000000000000CB
:1045F00000000000000000000000000000000000BB
:104600000000000000000000000000000000FE00AC
:104610000000000000000000000000000000DF00BB
:10462000000000000000000000000000000000008A
:10463000000000000000000000000000000000007A
:10464000000000000000000000000000000000006A
:10465000000000000000000000000000000000005A
:10466000000000000000000000000000000000004A
:10467000000000000000000000000000000000003A
:10468000000000000000000000000000000000002A
:104690000000000000001900000000000000000001
:1046A0000000000000000000000000000000030007
:1046B00000000000000000000000000000000000FA
:1046C00000000000000028000000000000000000C2
:1046D00000000000000000000000000000000000DA
:1046E00000000000000000000000000000000000CA
:1046F00000000000000000000000000000000000BA
:10470000000000000000E5000000000000000000C4
:104710000000000000007F0000000000000000001A
:104720000000000000000000000000000000000089
:104730000000000000000000000000000000F60083
:104740000000000000000000000000000000000069
:104750000000000000000000000000000000000059
:104760000000000000000000000000000000000049
:10477000000000000000E100000000000000000058
:104780000000000000000000000000000000000029
:104790000000000000005D000000000000000000BC
:1047A0000000000000000000000000000000000009
:1047B00000000000000000000000000000000000F9
:1047C00000000000000000000000000000000000E9
:1047D00000000000000000000000000000000000D9
:1047E00000000000000000000000000000000000C9
:1047F00000000000000000000000000000000000B9
:1048000000000000000000000000000000000000A8
:104810000000000000000000000000000000CF00C9
:104820000000000000000000000000000000000088
:104830000000000000004E0000000000000000002A
:104840000000000000000000000000000000000068
:104850000000000000001E0000000000000000003A
:104860000000000000000000000000000000000048
:104870000000000000000000000000000000000038
:104880000000000000000000000000000000000028
:104890000000000000000000000000000000000018
:1048A0000000000000000000000000000000000008
:1048B00000000000000000000000000000000000F8
:1048C00000000000000000000000000000000000E8
:1048D00000000000000000000000000000000000D8
:1048E00000000000000000000000000000000000C8
:1048F00000000000000000000000000000000000B8
:1049000000000000000000000000000000000000A7
:104910000000000000000000000000000000000097
:104920000000000000000000000000000000000087
:104930000000000000000000000000000000000077
:104940000000000000000000000000000000000067
:104950000000000000000000000000000000000057
:104960000000000000000000000000000000000047
:104970000000000000000000000000000000000037
:104980000000000000000000000000000000000027
:104990000000000000000000000000000000000017
:1049A0000000000000000000000000000000000007
:1049B00000000000000000000000000000000000F7
:1049C00000000000000000000000000000000000E7
:1049D00000000000000000000000000000000000D7
:1049E00000000000000000000000000000000000C7
:1049F00000000000000000000000000000000000B7
:104A000000000000000000000000000000000000A6
:104A10000000000000000000000000000000000096
:104A20000000000000000000000000000000000086
:104A30000000000000000000000000000000000076
:104A40000000000000000000000000000000000066
:104A50000000000000000000000000000000000056
:104A60000000000000000000000000000000000046
:104A70000000000000000000000000000000000036
:104A80000000000000000000000000000000000026
:104A90000000000000000000000000000000000016
:104AA0000000000000000000000000000000000006
:104AB00000000000000000000000000000000000F6
:104AC00000000000000000000000000000000000E6
:104AD00000000000000000000000000000000000D6
:104AE00000000000000000000000000000000000C6
:104AF00000000000000000000000000000000000B6
:104B000000000000000000000000000000000000A5
:104B10000000000000000000000000000000000095
:104B20000000000000000000000000000000000085
:104B30000000000000000000000000000000000075
:104B40000000000000000000000000000000000065
:104B50000000000000000000000000000000000055
:104B60000000000000000000000000000000000045
:104B70000000000000000000000000000000000035
:104B80000000000000000000000000000000000025
:104B90000000000000000000000000000000000015
:104BA0000000000000000000000000000000000005
:104BB00000000000000000000000000000000000F5
:104BC00000000000000000000000000000000000E5
:104BD00000000000000000000000000000000000D5
:104BE00000000000000000000000000000000000C5
:104BF00000000000000000000000000000000000B5
:104C000000000000000000000000000000000000A4
:104C10000000000000000000000000000000000094
:104C20000000000000000000000000000000000084
:104C30000000000000000000000000000000000074
:104C40000000000000000000000000000000000064
:104C50000000000000000000000000000000000054
:104C60000000000000000000000000000000000044
:104C70000000000000000000000000000000000034
:104C80000000000000000000000000000000000024
:104C90000000000000000000000000000000000014
:104CA0000000000000000000000000000000000004
:104CB00000000000000000000000000000000000F4
:104CC00000000000000000000000000000000000E4
:104CD00000000000000000000000000000000000D4
:104CE00000000000000000000000000000000000C4
:104CF00000000000000000000000000000000000B4
:104D000000000000000000000000000000000000A3
:104D10000000000000000000000000000000000093
:104D20000000000000000000000000000000000083
:104D30000000000000000000000000000000000073
:104D40000000000000000000000000000000000063
:104D50000000000000000000000000000000000053
:104D60000000000000000000000000000000000043
:104D70000000000000000000000000000000000033
:104D80000000000000000000000000000000000023
:104D90000000000000000000000000000000000013
:104DA0000000000000000000000000000000000003
:104DB00000000000000000000000000000000000F3
:104DC00000000000000000000000000000000000E3
:104DD00000000000000000000000000000000000D3
:104DE00000000000000000000000000000000000C3
:104DF00000000000000000000000000000000000B3
:104E000000000000000000000000000000000000A2
:104E10000000000000000000000000000000000092
:104E20000000000000000000000000000000000082
:104E30000000000000000000000000000000000072
:104E40000000000000000000000000000000000062
:104E50000000000000000000000000000000000052
:104E60000000000000000000000000000000000042
:104E70000000000000000000000000000000000032
:104E80000000000000000000000000000000000022
:104E90000000000000000000000000000000000012
:104EA0000000000000000000000000000000000002
:104EB00000000000000000000000000000000000F2
:104EC00000000000000000000000000000000000E2
:104ED00000000000000000000000000000000000D2
:104EE00000000000000000000000000000000000C2
:104EF00000000000000000000000000000000000B2
:104F000000000000000000000000000000000000A1
:104F10000000000000000000000000000000000091
:104F20000000000000000000000000000000000081
:104F30000000000000000000000000000000000071
:104F40000000000000000000000000000000000061
:104F50000000000000000000000000000000000051
:104F60000000000000000000000000000000000041
:104F70000000000000000000000000000000000031
:104F80000000000000000000000000000000000021
:104F90000000000000000000000000000000000011
:104FA0000000000000000000000000000000000001
:104FB00000000000000000000000000000000000F1
:104FC00000000000000000000000000000000000E1
:104FD00000000000000000000000000000000000D1
:104FE00000000000000000000000000000000000C1
:104FF00000000000000000000000000000000000B1
:1050000000000000000000000000000000000000A0
:105010000000000000000000000000000000000090
:105020000000000000000000000000000000000080
:105030000000000000000000000000000000000070
:105040000000000000000000000000000000000060
:105050000000000000000000000000000000000050
:105060000000000000000000000000000000000040
:105070000000000000000000000000000000000030
:105080000000000000000000000000000000000020
:105090000000000000000000000000000000000010
:1050A0000000000000000000000000000000000000
:1050B00000000000000000000000000000000000F0
:1050C00000000000000000000000000000000000E0
:1050D00000000000000000000000000000000000D0
:1050E00000000000000000000000000000000000C0
:1050F00000000000000000000000000000000000B0
:10510000000000000000000000000000000000009F
:10511000000000000000000000000000000000008F
:10512000000000000000000000000000000000007F
:10513000000000000000000000000000000000006F
:10514000000000000000000000000000000000005F
:10515000000000000000000000000000000000004F
:10516000000000000000000000000000000000003F
:10517000000000000000000000000000000000002F
:10518000000000000000000000000000000000001F
:10519000000000000000000000000000000000000F
:1051A00000000000000000000000000000000000FF
:1051B00000000000000000000000000000000000EF
:1051C00000000000000000000000000000000000DF
:1051D00000000000000000000000000000000000CF
:1051E00000000000000000000000000000000000BF
:1051F00000000000000000000000000000000000AF
:10520000000000000000000000000000000000009E
:10521000000000000000000000000000000000008E
:10522000000000000000000000000000000000007E
:10523000000000000000000000000000000000006E
:10524000000000000000000000000000000000005E
:10525000000000000000000000000000000000004E
:10526000000000000000000000000000000000003E
:10527000000000000000000000000000000000002E
:10528000000000000000000000000000000000001E
:10529000000000000000000000000000000000000E
:1052A00000000000000000000000000000000000FE
:1052B00000000000000000000000000000000000EE
:1052C00000000000000000000000000000000000DE
:1052D00000000000000000000000000000000000CE
:1052E00000000000000000000000000000000000BE
:1052F00000000000000000000000000000000000AE
:10530000000000000000000000000000000000009D
:10531000000000000000000000000000000000008D
:10532000000000000000000000000000000000007D
:10533000000000000000000000000000000000006D
:10534000000000000000000000000000000000005D
:10535000000000000000000000000000000000004D
:10536000000000000000000000000000000000003D
:10537000000000000000000000000000000000002D
:10538000000000000000000000000000000000001D
:10539000000000000000000000000000000000000D
:1053A00000000000000000000000000000000000FD
:1053B00000000000000000000000000000000000ED
:1053C00000000000000000000000000000000000DD
:1053D00000000000000000000000000000000000CD
:1053E00000000000000000000000000000000000BD
:1053F00000000000000000000000000000000000AD
:10540000000000000000000000000000000000009C
:10541000000000000000000000000000000000008C
:10542000000000000000000000000000000000007C
:10543000000000000000000000000000000000006C
:10544000000000000000000000000000000000005C
:10545000000000000000000000000000000000004C
:10546000000000000000000000000000000000003C
:10547000000000000000000000000000000000002C
:10548000000000000000000000000000000000001C
:10549000000000000000000000000000000000000C
:1054A00000000000000000000000000000000000FC
:1054B00000000000000000000000000000000000EC
:1054C00000000000000000000000000000000000DC
:1054D00000000000000000000000000000000000CC
:1054E00000000000000000000000000000000000BC
:1054F00000000000000000000000000000000000AC
:10550000000000000000000000000000000000009B
:10551000000000000000000000000000000000008B
:10552000000000000000000000000000000000007B
:10553000000000000000000000000000000000006B
:10554000000000000000000000000000000000005B
:10555000000000000000000000000000000000004B
:10556000000000000000000000000000000000003B
:10557000000000000000000000000000000000002B
:10558000000000000000000000000000000000001B
:10559000000000000000000000000000000000000B
:1055A00000000000000000000000000000000000FB
:1055B00000000000000000000000000000000000EB
:1055C00000000000000000000000000000000000DB
:1055D00000000000000000000000000000000000CB
:1055E00000000000000000000000000000000000BB
:1055F00000000000000000000000000000000000AB
:10560000000000000000000000000000000000009A
:10561000000000000000000000000000000000008A
:10562000000000000000000000000000000000007A
:10563000000000000000000000000000000000006A
:10564000000000000000000000000000000000005A
:10565000000000000000000000000000000000004A
:10566000000000000000000000000000000000003A
:10567000000000000000000000000000000000002A
:10568000000000000000000000000000000000001A
:10569000000000000000000000000000000000000A
:1056A00000000000000000000000000000000000FA
:1056B00000000000000000000000000000000000EA
:1056C00000000000000000000000000000000000DA
:1056D00000000000000000000000000000000000CA
:1056E00000000000000000000000000000000000BA
:1056F00000000000000000000000000000000000AA
:105700000000000000000000000000000000000099
:105710000000000000000000000000000000000089
:105720000000000000000000000000000000000079
:105730000000000000000000000000000000000069
:105740000000000000000000000000000000000059
:105750000000000000000000000000000000000049
:105760000000000000000000000000000000000039
:105770000000000000000000000000000000000029
:105780000000000000000000000000000000000019
:105790000000000000000000000000000000000009
:1057A00000000000000000000000000000000000F9
:1057B00000000000000000000000000000000000E9
:1057C00000000000000000000000000000000000D9
:1057D00000000000000000000000000000000000C9
:1057E00000000000000000000000000000000000B9
:1057F00000000000000000000000000000000000A9
:105800000000000000000000000000000000000098
:105810000000000000000000000000000000000088
:105820000000000000000000000000000000000078
:105830000000000000000000000000000000000068
:105840000000000000000000000000000000000058
:105850000000000000000000000000000000000048
:105860000000000000000000000000000000000038
:105870000000000000000000FF0000000000000029
:105880000000000000000000000000000000000018
:105890000000000000000000000000000000000008
:1058A00000000000000000000000000000000000F8
:1058B00000000000000000000000000000000000E8
:1058C0000000000000000000DB00000000000000FD
:1058D00000000000000000000000000000000000C8
:1058E00000000000000000000200000000000000B6
:1058F00000000000000000000000000000000000A8
:105900000000000000000000000000000000000097
:105910000000000000000000000000000000000087
:10592000AA000000000000000000000000000000CD
:105930000000000000000000000000000000000067
:105940000000000000000000000000000000000057
:105950000000000000000000000000000000000047
:105960000000000000000000000000000000000037
:105970000000000000000000D10000000000000056
:105980000000000000000000000000000000000017
:105990000000000000000000000000000000000007
:1059A00000000000000000000000000000000000F7
:1059B00000000000000000000000000000000000E7
:1059C00000000000000000000000000000000000D7
:1059D00000000000000000000000000000000000C7
:1059E00000000000000000000000000000000000B7
:1059F000D6000000000000000000000000000000D1
:105A00000000000000000000000000000000000096
:105A1000F100000000000000000000000000000095
:105A200089000000000000000000000000000000ED
:105A30000000000000000000000000000000000066
:105A40000000000000000000000000000000000056
:105A50000000000000000000000000000000000046
:105A60000000000000000000000000000000000036
:105A70000000000000000000000000000000000026
:105A80000000000000000000000000000000000016
:105A90000000000000000000AE0000000000000058
:105AA00000000000000000000000000000000000F6
:105AB00031000000000000000000000000000000B5
:105AC00000000000000000002C00000000000000AA
:105AD00000000000000000000000000000000000C6
:105AE00000000000000000000000000000000000B6
:105AF00000000000000000000000000000000000A6
:105B000000000000000000000A000000000000008B
:105B100000000000000000007F0000000000000006
:105B20000000000000000000000000000000000075
:105B30000000000000000000000000000000000065
:105B4000F500000000000000000000000000000060
:105B50000000000000000000000000000000000045
:105B60000000000000000000000000000000000035
:105B70000000000000000000E20000000000000043
:105B80000000000000000000000000000000000015
:105B900000000000000000005400000000000000B1
:105BA00000000000000000000000000000000000F5
:105BB00000000000000000000000000000000000E5
:105BC00000000000000000000000000000000000D5
:105BD00000000000000000000000000000000000C5
:105BE00000000000000000000000000000000000B5
:105BF00000000000000000000000000000000000A5
:105C00000000000000000000000000000000000094
:105C10000000000000000000000000000000000084
:105C2000B9000000000000000000000000000000BB
:105C30000000000000000000A100000000000000C3
:105C40000000000000000000000000000000000054
:105C500000000000000000003C0000000000000008
:105C60000000000000000000000000000000000034
:105C700000000000000000E100F80000000000004B
:105C80000000000000000000000000000000000014
:105C90000000000000000000000000000000000004
:105CA00000000000000000000000000000000000F4
:105CB00000000000000000000000000000000000E4
:105CC00000000000000000F900F9000000000000E2
:105CD00000000000000000000000000000000000C4
:105CE00000000000000000D300E6010000000000FA
:105CF00000000000000000000000000000000000A4
:105D00000000000000000000000000000000000093
:105D10000000000000000000000000000000007C07
:105D200000EDFF0000000000000000000000000087
:105D30000000000000000000000000000000000063
:105D40000000000000000000000000000000000053
:105D50000000000000000000000000000000000043
:105D60000000000000000000000000000000000033
:105D7000000000000000000900F70500000000001E
:105D80000000000000000000000000000000000013
:105D90000000000000000000000000000000000003
:105DA00000000000000000000000000000000000F3
:105DB00000000000000000000000000000000000E3
:105DC00000000000000000000000000000000000D3
:105DD00000000000000000000000000000000000C3
:105DE0000000000000000000000000000000002A89
:105DF00000327F00000000000000000000000000F2
:105E00000000000000000000000000000000006A28
:105E100000FD00000000000000000000000000087D
:105E200000EBF70000000000000000000000000090
:105E30000000000000000000000000000000000062
:105E40000000000000000000000000000000000052
:105E50000000000000000000000000000000000042
:105E60000000000000000000000000000000000032
:105E70000000000000000000000000000000000022
:105E80000000000000000000000000000000000012
:105E90000000000000000059003701000000000071
:105EA000000000000000000000000000000000C131
:105EB000003221000000000000000000000000008F
:105EC000000000000000001E0027F9000000000094
:105ED00000000000000000000000000000000000C2
:105EE00000000000000000000000000000000000B2
:105EF00000000000000000000000000000000000A2
:105F0000000000000000006F00F35F0000000000D0
:105F100000000000000000FC007F6D000000000099
:105F20000000000000000000000000000000000071
:105F3000000000000000000000000000000000FC65
:105F4000000600000000000000000000000000004B
:105F50000000000000000000000000000000000041
:105F60000000000000000000000000000000000031
:105F700000000000000000D700CFFB000000000080
:105F80000000000000000000000000000000000011
:105F9000000000000000007F00271100000000004A
:105FA00000000000000000000000000000000000F1
:105FB00000000000000000000000000000000000E1
:105FC00000000000000000000000000000000000D1
:105FD00000000000000000000000000000000000C1
:105FE00000000000000000000000000000000000B1
:105FF00000000000000000000000000000000000A1
:106000000000000000000000000000000000000090
:10601000000000000000000000000000000000FF81
:1060200000FFFD0000000000000000000000000074
:10603000000000000000004D000BF7000000000011
:106040000000000000000000000000000000000050
:10605000000000000000000F0039100000000000E8
:106060000000000000000000000000000000000030
:10607000000000000000000000FDFC000000000027
:106080000000000000000000000000000000000010
:106090000000000000000000000000000000000000
:1060A00000000000000000000000000000000000F0
:1060B00000000000000000000000000000000000E0
:1060C000000000000000000000F01B0000000000C5
:1060D00000000000000000000000000000000000C0
:1060E000000000000000000000F58100000000003A
:1060F00000000000000000000000000000000000A0
:10610000000000000000000000000000000000008F
:10611000000000000000000000000000000000007F
:1061200000FC09000000000000000000000000006A
:10613000000000000000000000000000000000005F
:10614000000000000000000000000000000000004F
:10615000000000000000000000000000000000003F
:10616000000000000000000000000000000000002F
:1061700000000000000000000028C900000000002E
:10618000000000000000000000000000000000000F
:1061900000000000000000000000000000000000FF
:1061A00000000000000000000000000000000000EF
:1061B00000000000000000000000000000000000DF
:1061C00000000000000000000000000000000000CF
:1061D00000000000000000000000000000000000BF
:1061E00000000000000000000000000000000000AF
:1061F00000DCC800000000000000000000000000FB
:10620000000000000000000000000000000000008E
:106210000017D8000000000000000000000000008F
:1062200000F7020000000000000000000000000075
:10623000000000000000000000000000000000005E
:10624000000000000000000000000000000000004E
:10625000000000000000000000000000000000003E
:10626000000000000000000000000000000000002E
:10627000000000000000000000000000000000001E
:10628000000000000000000000000000000000000E
:10629000000000000000000000C9DB00000000005A
:1062A00000000000000000000000000000000000EE
:1062B000000849000000000000000000000000008D
:1062C000000000000000000000E0BF00000000002F
:1062D00000000000000000000000000000000000BE
:1062E00000000000000000000000000000000000AE
:1062F000000000000000000000000000000000009E
:10630000000000000000000000E0070000000000A6
:10631000000000000000000000E332000000000068
:10632000000000000000000000000000000000006D
:10633000000000000000000000000000000000005D
:106340000012020000000000000000000000000039
:10635000000000000000000000000000000000003D
:10636000000000000000000000000000000000002D
:106370000000000000000000001FE400000000001A
:10638000000000000000000000000000000000000D
:1063900000000000000000000005D2000000000026
:1063A00000000000000000000000000000000000ED
:1063B00000000000000000000000000000000000DD
:1063C00000000000000000000000000000000000CD
:1063D00000000000000000000000000000000000BD
:1063E00000000000000000000000000000000000AD
:1063F000000000000000000000000000000000009D
:10640000000000000000000000000000000000008C
:10641000000000000000000000000000000000007C
:1064200000170C0000000000000000000000000049
:1064300000000000000000000081D5000000000006
:10644000000000000000000000000000000000004C
:10645000000000000000000000CA1300000000005F
:10646000000000000000000000000000000000002C
:10647000000000000000000000005D0000000000BF
:10648000000000000000000000000000000000000C
:1064900000000000000000000000000000000000FC
:1064A00000000000000000000000000000000000EC
:1064B00000000000000000000000000000000000DC
:1064C00000000000000000000000F20000000000DA
:1064D00000000000000000000000000000000000BC
:1064E00000000000000000000000EB0000000000C1
:1064F000000000000000000000000000000000009C
:10650000000000000000000000000000000000008B
:10651000000000000000000000000000000000007B
:106520000000BC00000000000000000000000000AF
:10653000000000000000000000000000000000005B
:10654000000000000000000000000000000000004B
:10655000000000000000000000000000000000003B
:10656000000000000000000000000000000000002B
:1065700000000000000000000000C9000000000052
:10658000000000000000000000000000000000000B
:1065900000000000000000000000000000000000FB
:1065A00000000000000000000000000000000000EB
:1065B00000000000000000000000000000000000DB
:1065C00000000000000000000000000000000000CB
:1065D00000000000000000000000000000000000BB
:1065E00000000000000000000000000000000000AB
:1065F0000000FC000000000000000000000000009F
:10660000000000000000000000000000000000008A
:106610000000E90000000000000000000000000091
:106620000000BF00000000000000000000000000AB
:10663000000000000000000000000000000000005A
:10664000000000000000000000000000000000004A
:10665000000000000000000000000000000000003A
:10666000000000000000000000000000000000002A
:10667000000000000000000000000000000000001A
:10668000000000000000000000000000000000000A
:1066900000000000000000000000BD00000000003D
:1066A00000000000000000000000000000000000EA
:1066B0000000E800000000000000000000000000F2
:1066C00000000000000000000000FE0000000000CC
:1066D00000000000000000000000000000000000BA
:1066E00000000000000000000000000000000000AA
:1066F000000000000000000000000000000000009A
:1067000000000000000000000000F5000000000094
:106710000000000000000000000068000000000011
:106720000000000000000000000000000000000069
:106730000000000000000000000000000000000059
:106740000000FD000000000000000000000000004C
:106750000000000000000000000000000000000039
:106760000000000000000000000000000000000029
:106770000000000000000000000006000000000013
:106780000000000000000000000000000000000009
:10679000000000000000000000007F00000000007A
:1067A00000000000000000000000000000000000E9
:1067B00000000000000000000000000000000000D9
:1067C00000000000000000000000000000000000C9
:1067D00000000000000000000000000000000000B9
:1067E00000000000000000000000000000000000A9
:1067F0000000000000000000000000000000000099
:106800000000000000000000000000000000000088
:106810000000000000000000000000000000000078
:1068200000009A00000000000000000000000000CE
:1068300000000000000000000000D6000000000082
:106840000000000000000000000000000000000048
:1068500000000000000000000000710000000000C7
:106860000000000000000000000000000000000028
:106870000000000000004D000000000012000000B9
:106880000000000000000000000000000000000008
:1068900000000000000000000000000000000000F8
:1068A00000000000000000000000000000000000E8
:1068B00000000000000000000000000000000000D8
:1068C0000000000000000300000000000B000000BA
:1068D00000000000000000000000000000000000B8
:1068E0000000000000005E0000000000FD0000004D
:1068F0000000000000000000000000000000000098
:106900000000000000000000000000000000000087
:1069100000000000000000000000000000000A006D
:10692000000000001F000000000000000000000048
:106930000000000000000000000000000000000057
:106940000000000000000000000000000000000047
:106950000000000000000000000000000000000037
:106960000000000000000000000000000000000027
:10697000000000000000610000000000F5000000C1
:106980000000000000000000000000000000000007
:1069900000000000000000000000000000000000F7
:1069A00000000000000000000000000000000000E7
:1069B00000000000000000000000000000000000D7
:1069C00000000000000000000000000000000000C7
:1069D00000000000000000000000000000000000B7
:1069E0000000000000000000000000000000930014
:1069F0000000000016000000000000000000000081
:106A00000000000000000000000000000000400046
:106A1000000000000E0000000000000000001E004A
:106A200000000000E700000000000000000000007F
:106A30000000000000000000000000000000000056
:106A40000000000000000000000000000000000046
:106A50000000000000000000000000000000000036
:106A60000000000000000000000000000000000026
:106A70000000000000000000000000000000000016
:106A80000000000000000000000000000000000006
:106A9000000000000000F7000000000010000000EF
:106AA0000000000000000000000000000000E700FF
:106AB000000000003C00000000000000000000009A
:106AC0000000000000003B00000000000600000085
:106AD00000000000000000000000000000000000B6
:106AE00000000000000000000000000000000000A6
:106AF0000000000000000000000000000000000096
:106B00000000000000007F000000000012000000F4
:106B1000000000000000E200000000007F00000014
:106B20000000000000000000000000000000000065
:106B30000000000000000000000000000000140041
:106B400000000000FE000000000000000000000047
:106B50000000000000000000000000000000000035
:106B60000000000000000000000000000000000025
:106B7000000000000000490000000000B400000018
:106B80000000000000000000000000000000000005
:106B90000000000000004E0000000000FD000000AA
:106BA00000000000000000000000000000000000E5
:106BB00000000000000000000000000000000000D5
:106BC00000000000000000000000000000000000C5
:106BD00000000000000000000000000000000000B5
:106BE00000000000000000000000000000000000A5
:106BF0000000000000000000000000000000000095
:106C00000000000000000000000000000000000084
:106C1000000000000000000000000000000008006C
:106C200000000000CB000000000000000000000099
:106C3000000000000000900000000000E0000000E4
:106C40000000000000000000000000000000000044
:106C5000000000000000F3000000000048000000F9
:106C60000000000000000000000000000000000024
:106C7000000000000000000500040000000000000B
:106C80000000000000000000000000000000000004
:106C900000000000000000000000000000000000F4
:106CA00000000000000000000000000000000000E4
:106CB00000000000000000000000000000000000D4
:106CC00000000000000000D60004000000000000EA
:106CD00000000000000000000000000000000000B4
:106CE000000000000000000400FD000000000000A3
:106CF0000000000000000000000000000000000094
:106D00000000000000000000000000000000000083
:106D1000000000000000000000000000000100B5BD
:106D200000F2000000000000000000000000000071
:106D30000000000000000000000000000000000053
:106D40000000000000000000000000000000000043
:106D50000000000000000000000000000000000033
:106D60000000000000000000000000000000000023
:106D70000000000000FD002B00CE0000000000001D
:106D80000000000000000000000000000000000003
:106D900000000000000000000000000000000000F3
:106DA00000000000000000000000000000000000E3
:106DB00000000000000000000000000000000000D3
:106DC00000000000000000000000000000000000C3
:106DD00000000000000000000000000000000000B3
:106DE0000000000000000000000000000001007F23
:106DF00000B10000000000000000000000000000E2
:106E0000000000000000000000000000000000EF93
:106E1000000300000000000000000000000000125D
:106E20000012000000000000000000000000000050
:106E30000000000000000000000000000000000052
:106E40000000000000000000000000000000000042
:106E50000000000000000000000000000000000032
:106E60000000000000000000000000000000000022
:106E70000000000000000000000000000000000012
:106E80000000000000000000000000000000000002
:106E900000000000000400290003000000000000C2
:106EA000000000000000000000000000001300EEE1
:106EB00000E30000000000000000000000000000EF
:106EC0000000000000FE004200C4000000000000BE
:106ED00000000000000000000000000000000000B2
:106EE00000000000000000000000000000000000A2
:106EF0000000000000000000000000000000000092
:106F000000000000004A001B00810000000000009B
:106F100000000000007F00F400830000000000007B
:106F20000000000000000000000000000000000061
:106F3000000000000000000000000000000000044D
:106F40000000000000000000000000000000000041
:106F50000000000000000000000000000000000031
:106F60000000000000000000000000000000000021
:106F70000000000000FF001600DD0000000000001F
:106F80000000000000000000000000000000000001
:106F900000000000000600C000E700000000000044
:106FA00000000000000000000000000000000000E1
:106FB00000000000000000000000000000000000D1
:106FC00000000000000000000000000000000000C1
:106FD00000000000000000000000000000000000B1
:106FE00000000000000000000000000000000000A1
:106FF0000000000000000000000000000000000091
:107000000000000000000000000000000000000080
:1070100000000000000000000000000000E600B3D7
:1070200000BC0000000000000000000000000000A4
:10703000000000000003001000130000000000002A
:107040000000000000000000000000000000000040
:1070500000000000000700BA00B0000000000000BF
:107060000000000000000000000000000000000020
:107070000000000000000000000000000000000010
:107080000000000000000000000000000000000000
:1070900000000000000000000000000000000000F0
:1070A00000000000000000000000000000000000E0
:1070B00000000000000000000000000000000000D0
:1070C00000000000000000000000000000000000C0
:1070D00000000000000000000000000000000000B0
:1070E00000000000000000000000000000000000A0
:1070F0000000000000000000000000000000000090
:10710000000000000000000000000000000000007F
:10711000000000000000000000000000000000006F
:10712000000000000000000000000000000000005F
:10713000000000000000000000000000000000004F
:10714000000000000000000000000000000000003F
:10715000000000000000000000000000000000002F
:10716000000000000000000000000000000000001F
:10717000000000000000000000000000000000000F
:1071800000000000000000000000000000000000FF
:1071900000000000000000000000000000000000EF
:1071A00000000000000000000000000000000000DF
:1071B00000000000000000000000000000000000CF
:1071C00000000000000000000000000000000000BF
:1071D00000000000000000000000000000000000AF
:1071E000000000000000000000000000000000009F
:1071F000000000000000000000000000000000008F
:10720000000000000000000000000000000000007E
:10721000000000000000000000000000000000006E
:10722000000000000000000000000000000000005E
:10723000000000000000000000000000000000004E
:10724000000000000000000000000000000000003E
:10725000000000000000000000000000000000002E
:10726000000000000000000000000000000000001E
:10727000000000000000000000000000000000000E
:1072800000000000000000000000000000000000FE
:1072900000000000000000000000000000000000EE
:1072A00000000000000000000000000000000000DE
:1072B00000000000000000000000000000000000CE
:1072C00000000000000000000000000000000000BE
:1072D00000000000000000000000000000000000AE
:1072E000000000000000000000000000000000009E
:1072F000000000000000000000000000000000008E
:10730000000000000000000000000000000000007D
:10731000000000000000000000000000000000006D
:10732000000000000000000000000000000000005D
:10733000000000000000000000000000000000004D
:10734000000000000000000000000000000000003D
:10735000000000000000000000000000000000002D
:10736000000000000000000000000000000000001D
:10737000000000000000000000000000000000000D
:1073800000000000000000000000000000000000FD
:1073900000000000000000000000000000000000ED
:1073A00000000000000000000000000000000000DD
:1073B00000000000000000000000000000000000CD
:1073C00000000000000000000000000000000000BD
:1073D00000000000000000000000000000000000AD
:1073E000000000000000000000000000000000009D
:1073F000000000000000000000000000000000008D
:10740000000000000000000000000000000000007C
:10741000000000000000000000000000000000006C
:10742000000000000000000000000000000000005C
:10743000000000000000000000000000000000004C
:10744000000000000000000000000000000000003C
:10745000000000000000000000000000000000002C
:10746000000000000000000000000000000000001C
:1074700000000000000000000700090000000000FC
:1074800000000000000000000000000000000000FC
:1074900000000000000000000000000000000000EC
:1074A00000000000000000000000000000000000DC
:1074B00000000000000000000000000000000000CC
:1074C0000000000000000000F000E70000000000E5
:1074D00000000000000000000000000000000000AC
:1074E00000000000000000001B00DC0000000000A5
:1074F000000000000000000000000000000000008C
:10750000000000000000000000000000000000007B
:10751000000000000000000000000000000000006B
:107520002B00CC0000000000000000000000000064
:10753000000000000000000000000000000000004B
:10754000000000000000000000000000000000003B
:10755000000000000000000000000000000000002B
:10756000000000000000000000000000000000001B
:1075700000000000000000000F00D7000000000025
:1075800000000000000000000000000000000000FB
:1075900000000000000000000000000000000000EB
:1075A00000000000000000000000000000000000DB
:1075B00000000000000000000000000000000000CB
:1075C00000000000000000000000000000000000BB
:1075D00000000000000000000000000000000000AB
:1075E000000000000000000000000000000000009B
:1075F000BA00E600000000000000000000000000EB
:10760000000000000000000000000000000000007A
:107610006800E3000000000000000000000000001F
:107620006F0081000000000000000000000000006A
:10763000000000000000000000000000000000004A
:10764000000000000000000000000000000000003A
:10765000000000000000000000000000000000002A
:10766000000000000000000000000000000000001A
:10767000000000000000000000000000000000000A
:1076800000000000000000000000000000000000FA
:1076900000000000000000005900960000000000FB
:1076A00000000000000000000000000000000000DA
:1076B000C4003C00000000000000000000000000CA
:1076C000000000000000000039000200000000007F
:1076D00000000000000000000000000000000000AA
:1076E000000000000000000000000000000000009A
:1076F000000000000000000000000000000000008A
:1077000000000000000000006400280000000000ED
:107710000000000000000000810055000000000093
:107720000000000000000000000000000000000059
:107730000000000000000000000000000000000049
:107740000F00FE000000000000000000000000002C
:107750000000000000000000000000000000000029
:107760000000000000000000000000000000000019
:1077700000000000000000002100E7000000000001
:1077800000000000000000000000000000000000F9
:10779000000000000000000057003A000000000058
:1077A00000000000000000000000000000000000D9
:1077B00000000000000000000000000000000000C9
:1077C00000000000000000000000000000000000B9
:1077D00000000000000000000000000000000000A9
:1077E0000000000000000000000000000000000099
:1077F0000000000000000000000000000000000089
:107800000000000000000000000000000000000078
:107810000000000000000000000000000000000068
:10782000A000A70000000000000000000000000011
:107830000000000000000000B1009D0000000000FA
:107840000000000000000000000000000000000038
:10785000000000000000000030002F0000000000C9
:107860000000000000000000000000000000000018
:1078700000000000000000000000000000F0000018
:1078800000000000000000000000000000000000F8
:1078900000000000000000000000000000000000E8
:1078A00000000000000000000000000000000000D8
:1078B00000000000000000000000000000000000C8
:1078C0000000000000000000FF00000000F90000C0
:1078D00000000000000000000000000000000000A8
:1078E0000000000000000000000000000007000091
:1078F0000000000000000000000000000000000088
:107900000000000000000000000000000000000077
:107910000000000000000000000000000000000067
:107920000000000000210000000000000000000036
:107930000000000000000000000000000000000047
:107940000000000000000000000000000000000037
:107950000000000000000000000000000000000027
:107960000000000000000000000000000000000017
:1079700000000000000000000000000000F800000F
:1079800000000000000000000000000000000000F7
:1079900000000000000000000000000000000000E7
:1079A00000000000000000000000000000000000D7
:1079B00000000000000000000000000000000000C7
:1079C00000000000000000000000000000000000B7
:1079D00000000000000000000000000000000000A7
:1079E0000000000000000000000000000000000097
:1079F0001000000000300000000000000000000047
:107A00000000000000000000000000000000000076
:107A10000000000000010000000000000000000065
:107A2000000000000018000000000000000000003E
:107A30000000000000000000000000000000000046
:107A40000000000000000000000000000000000036
:107A50000000000000000000000000000000000026
:107A60000000000000000000000000000000000016
:107A70000000000000000000000000000000000006
:107A800000000000000000000000000000000000F6
:107A900000000000000000000600000000BE000022
:107AA00000000000000000000000000000000000D6
:107AB000B500000000C80000000000000000000049
:107AC00000000000000000000000000000FA0000BC
:107AD00000000000000000000000000000000000A6
:107AE0000000000000000000000000000000000096
:107AF0000000000000000000000000000000000086
:107B00000000000000000000320000000020000023
:107B100000000000000000008100000000D600000E
:107B20000000000000000000000000000000000055
:107B30000000000000000000000000000000000045
:107B40000000000000E8000000000000000000004D
:107B50000000000000000000000000000000000025
:107B60000000000000000000000000000000000015
:107B70000000000000000000FF00000000320000D4
:107B800000000000000000000000000000000000F5
:107B900000000000000000000600000000F00000EF
:107BA00000000000000000000000000000000000D5
:107BB00000000000000000000000000000000000C5
:107BC00000000000000000000000000000000000B5
:107BD00000000000000000000000000000000000A5
:107BE0000000000000000000000000000000000095
:107BF0000000000000000000000000000000000085
:107C00000000000000000000000000000000000074
:107C10000000000000000000000000000000000064
:107C20000B000000008100000000000000000000C8
:107C300000000000000000002100000000460000DD
:107C40000000000000000000000000000000000034
:107C50000000000000000000A900000000C50000B6
:107C60000000000000000000000000000000000014
:107C70000000000000000000000000000000000004
:107C800000000000000000000000000000000000F4
:107C900000000000000000000000000000000000E4
:107CA00000000000000000000000000000000000D4
:107CB00000000000000000000000000000000000C4
:107CC00000000000000000000000000000000000B4
:107CD00000000000000000000000000000000000A4
:107CE0000000000000000000000000000000000094
:107CF0000000000000000000000000000000000084
:107D00000000000000000000000000000000000073
:107D10000000000000000000000000000000000063
:107D20000000000000000000000000000000000053
:107D30000000000000000000000000000000000043
:107D40000000000000000000000000000000000033
:107D50000000000000000000000000000000000023
:107D60000000000000000000000000000000000013
:107D70000000000000000000000000000000000003
:107D800000000000000000000000000000000000F3
:107D900000000000000000000000000000000000E3
:107DA00000000000000000000000000000000000D3
:107DB00000000000000000000000000000000000C3
:107DC00000000000000000000000000000000000B3
:107DD00000000000000000000000000000000000A3
:107DE0000000000000000000000000000000000093
:107DF0000000000000000000000000000000000083
:107E00000000000000000000000000000000000072
:107E10000000000000000000000000000000000062
:107E20000000000000000000000000000000000052
:107E30000000000000000000000000000000000042
:107E40000000000000000000000000000000000032
:107E50000000000000000000000000000000000022
:107E60000000000000000000000000000000000012
:107E70000000000000000000000000000000000002
:107E800000000000000000000000000000000000F2
:107E900000000000000000000000000000000000E2
:107EA00000000000000000000000000000000000D2
:107EB00000000000000000000000000000000000C2
:107EC00000000000000000000000000000000000B2
:107ED00000000000000000000000000000000000A2
:107EE0000000000000000000000000000000000092
:107EF0000000000000000000000000000000000082
:107F00000000000000000000000000000000000071
:107F10000000000000000000000000000000000061
:107F20000000000000000000000000000000000051
:107F30000000000000000000000000000000000041
:107F40000000000000000000000000000000000031
:107F50000000000000000000000000000000000021
:107F60000000000000000000000000000000000011
:107F70000000000000000000000000000000000001
:107F800000000000000000000000000000000000F1
:107F900000000000000000000000000000000000E1
:107FA00000000000000000000000000000000000D1
:107FB00000000000000000000000000000000000C1
:107FC00000000000000000000000000000000000B1
:107FD00000000000000000000000000000000000A1
:107FE0000000000000000000000000000000000091
:107FF0000000000000000000000000000000000081
:108000000000000000000000000000000000000070
:108010000000000000000000000000000000000060
:108020000000000000000000000000000000000050
:108030000000000000000000000000000000000040
:108040000000000000000000000000000000000030
:108050000000000000000000000000000000000020
:108060000000000000000000000000000000000010
:108070000000000000000000000000000000000000
:1080800000000000000000000000000000000000F0
:108090000000000000000000007F000000007F00E2
:1080A00000F50000000004000000000000000000D7
:1080B00000000000000000000000000000000000C0
:1080C00000000000000000000000000000000000B0
:1080D00000000000000000000000000000000000A0
:1080E000002300000000E10000000000000000008C
:1080F0000000000000000000000000000000000080
:10810000000000000000000000000000000000006F
:10811000000000000000000000000000000000005F
:10812000000000000000000000000000000000004F
:10813000000000000000000000000000000000003F
:10814000000000000000000000000000000000002F
:10815000000000000000000000000000000000001F
:10816000000000000000000000000000000000000F
:1081700000000000000000000000000000000000FF
:1081800000000000000000000000000000000000EF
:1081900000000000000000000000000000000000DF
:1081A00000000000000000000000000000000000CF
:1081B00000000000000000000000000000000000BF
:1081C00000000000000000000000000000000000AF
:1081D000000000000000000000000000000000009F
:1081E000000000000000000000000000000000008F
:1081F000000000000000000000000000000000007F
:10820000000000000000000000000000000000006E
:10821000000000000000000000D700000000DA00AD
:10822000000000000000000000000000000000004E
:10823000000000000000000000000000000000003E
:10824000000000000000000000000000000000002E
:1082500000A8000000005500000000000000000021
:10826000000E000000009A00000000000000000066
:1082700000000000000000000000000000000000FE
:1082800000000000000000000000000000000000EE
:10829000000000000000000000F9000000003A00AB
:1082A00000FC0000000000000000000000000000D2
:1082B00000000000000000000000000000000000BE
:1082C00000000000000000000000000000000000AE
:1082D000000000000000000000000000000000009E
:1082E00000B40000000009000000000000000000D1
:1082F0000000000000000000006C000000007F0093
:10830000000000000000000000000000000000006D
:10831000000000000000000000000000000000005D
:10832000000000000000000000F8000000000F0046
:10833000000000000000000000000000000000003D
:1083400000E000000000230000000000000000002A
:1083500000FF00000000000000000000000000001E
:10836000000000000000000000000000000000000D
:1083700000000000000000000000000000000000FD
:1083800000000000000000000000000000000000ED
:1083900000000000000000000000000000000000DD
:1083A00000000000000000000000000000000000CD
:1083B00000000000000000000000000000000000BD
:1083C000004100000000310000000000000000003B
:1083D00000F700000000D6000000000000000000D0
:1083E000000000000000000000000000000000008D
:1083F000000000000000000000000000000000007D
:10840000000000000000000000000000000000006C
:10841000000000000000000000000000000000005C
:108420000002000000004B000000000000000000FF
:10843000000000000000000000000000000000003C
:10844000000000000000000000000000000000002C
:10845000000000000000000000000000000000001C
:10846000000000000000000000000000000000000C
:1084700000000000000000000000000000000000FC
:1084800000000000000000000000000000000000EC
:10849000000000000000000000D67F000000000087
:1084A00000FD0000000000000000000000000000CF
:1084B00000000000000000000000000000000000BC
:1084C00000000000000000000000000000000000AC
:1084D000000000000000000000000000000000009C
:1084E0000081920000000000000000000000000079
:1084F000000000000000000000000000000000007C
:10850000000000000000000000000000000000006B
:10851000000000000000000000000000000000005B
:10852000000000000000000000000000000000004B
:10853000000000000000000000000000000000003B
:10854000000000000000000000000000000000002B
:10855000000000000000000000000000000000001B
:10856000000000000000000000000000000000000B
:1085700000000000000000000000000000000000FB
:1085800000000000000000000000000000000000EB
:1085900000000000000000000000000000000000DB
:1085A00000000000000000000000000000000000CB
:1085B00000000000000000000000000000000000BB
:1085C00000000000000000000000000000000000AB
:1085D000000000000000000000000000000000009B
:1085E000000000000000000000000000000000008B
:1085F000000000000000000000000000000000007B
:10860000000000000000000000000000000000006A
:10861000000000000000000000BC8F00000000000F
:10862000000000000000000000000000000000004A
:10863000000000000000000000000000000000003A
:10864000000000000000000000000000000000002A
:1086500000FF00000000000000000000000000001B
:1086600000E995000000000000000000000000008C
:1086700000000000000000000000000000000000FA
:1086800000000000000000000000000000000000EA
:1086900000000000000000000002050000000000D3
:1086A00000000000000000000000000000000000CA
:1086B00000000000000000000000000000000000BA
:1086C00000000000000000000000000000000000AA
:1086D000000000000000000000000000000000009A
:1086E00000B1CC000000000000000000000000000D
:1086F000000000000000000000C66E000000000046
:108700000000000000000000000000000000000069
:108710000000000000000000000000000000000059
:1087200000000000000000000004E900000000005C
:108730000000000000000000000000000000000039
:108740000000010000000000000000000000000028
:108750000000000000000000000000000000000019
:108760000000000000000000000000000000000009
:1087700000000000000000000000000000000000F9
:1087800000000000000000000000000000000000E9
:1087900000000000000000000000000000000000D9
:1087A00000000000000000000000000000000000C9
:1087B00000000000000000000000000000000000B9
:1087C00000FD0700000000000000000000000000A5
:1087D00000DCC200000000000000000000000000FB
:1087E0000000000000000000000000000000000089
:1087F0000000000000000000000000000000000079
:108800000000000000000000000000000000000068
:108810000000000000000000000000000000000058
:1088200000E4300000000000000000000000000034
:108830000000000000000000000000000000000038
:108840000000000000000000000000000000000028
:108850000000000000000000000000000000000018
:108860000000000000000000000000000000000008
:1088700000000000000000000000000000000000F8
:1088800000000000000000000000000000000000E8
:1088900000000000000000000000000000000000D8
:1088A00000000000000000000000000000000000C8
:1088B00000000000000000000000000000000000B8
:1088C00000000000000000000000000000000000A8
:1088D0000000000000000000000000000000000098
:1088E0000000000000000000000000000000000088
:1088F0000000000000000000000000000000000078
:108900000000000000000000000000000000000067
:108910000000000000000000000000000000000057
:108920000000000000000000000000000000000047
:108930000000000000000000000000000000000037
:108940000000000000000000000000000000000027
:108950000000000000000000000000000000000017
:108960000000000000000000000000000000000007
:1089700000000000000000000000000000000000F7
:1089800000000000000000000000000000000000E7
:1089900000000000000000000000000000000000D7
:1089A00000000000000000000000000000000000C7
:1089B00000000000000000000000000000000000B7
:1089C00000000000000000000000000000000000A7
:1089D0000000000000000000000000000000000097
:1089E0000000000000000000000000000000000087
:1089F0000000000000000000000000000000000077
:108A00000000000000000000000000000000000066
:108A10000000000000000000000000000000000056
:108A20000000000000000000000000000000000046
:108A30000000000000000000000000000000000036
:108A40000000000000000000000000000000000026
:108A50000000000000000000000000000000000016
:108A60000000000000000000000000000000000006
:108A700000000000000000000000000000000000F6
:108A800000000000000000000000000000000000E6
:108A900000000000000000000000000000000000D6
:108AA00000000000000000000000000000000000C6
:108AB00000000000000000000000000000000000B6
:108AC00000000000000000000000000000000000A6
:108AD0000000000000000000000000000000000096
:108AE0000000000000000000000000000000000086
:108AF0000000000000000000000000000000000076
:108B00000000000000000000000000000000000065
:108B10000000000000000000000000000000000055
:108B20000000000000000000000000000000000045
:108B30000000000000000000000000000000000035
:108B40000000000000000000000000000000000025
:108B50000000000000000000000000000000000015
:108B60000000000000000000000000000000000005
:108B700000000000000000000000000000000000F5
:108B800000000000000000000000000000000000E5
:108B900000000000000000000000000000000000D5
:108BA00000000000000000000000000000000000C5
:108BB00000000000000000000000000000000000B5
:108BC00000000000000000000000000000000000A5
:108BD0000000000000000000000000000000000095
:108BE0000000000000000000000000000000000085
:108BF0000000000000000000000000000000000075
:108C00000000000000000000000000000000000064
:108C10000000000000000000000000000000000054
:108C20000000000000000000000000000000000044
:108C30000000000000000000000000000000000034
:108C40000000000000000000000000000000000024
:108C50000000000000000000000000000000000014
:108C60000000000000000000000000000000000004
:108C700000000000000000000000000000000000F4
:108C800000000000000000000000000000000000E4
:108C900000000000000000000000000000000000D4
:108CA00000000000000000000000000000000000C4
:108CB00000000000000000000000000000000000B4
:108CC00000000000000000000000000000000000A4
:108CD0000000000000000000000000000000000094
:108CE0000000000000000000000000000000000084
:108CF0000000000000000000000000000000000074
:108D00000000000000000000000000000000000063
:108D10000000000000000000000000000000000053
:108D20000000000000000000000000000000000043
:108D30000000000000000000000000000000000033
:108D40000000000000000000000000000000000023
:108D50000000000000000000000000000000000013
:108D60000000000000000000000000000000000003
:108D700000000000000000000000000000000000F3
:108D800000000000000000000000000000000000E3
:108D900000000000000000000000000000000000D3
:108DA00000000000000000000000000000000000C3
:108DB00000000000000000000000000000000000B3
:108DC00000000000000000000000000000000000A3
:108DD0000000000000000000000000000000000093
:108DE0000000000000000000000000000000000083
:108DF0000000000000000000000000000000000073
:108E00000000000000000000000000000000000062
:108E10000000000000000000000000000000000052
:108E20000000000000000000000000000000000042
:108E30000000000000000000000000000000000032
:108E40000000000000000000000000000000000022
:108E50000000000000000000000000000000000012
:108E60000000000000000000000000000000000002
:108E700000000000000000000000000000000000F2
:108E800000000000000000000000000000000000E2
:108E900000000000000000000000000000000000D2
:108EA00000000000000000000000000000000000C2
:108EB00000000000000000000000000000000000B2
:108EC00000000000000000000000000000000000A2
:108ED0000000000000000000000000000000000092
:108EE0000000000000000000000000000000000082
:108EF0000000000000000000000000000000000072
:108F00000000000000000000000000000000000061
:108F10000000000000000000000000000000000051
:108F20000000000000000000000000000000000041
:108F30000000000000000000000000000000000031
:108F40000000000000000000000000000000000021
:108F50000000000000000000000000000000000011
:108F60000000000000000000000000000000000001
:108F700000000000000000000000000000000000F1
:108F800000000000000000000000000000000000E1
:108F900000000000000000000000000000000000D1
:108FA00000000000000000000000000000000000C1
:108FB00000000000000000000000000000000000B1
:108FC00000000000000000000000000000000000A1
:108FD0000000000000000000000000000000000091
:108FE0000000000000000000000000000000000081
:108FF0000000000000000000000000000000000071
:109000000000000000000000000000000000000060
:109010000000000000000000000000000000000050
:109020000000000000000000000000000000000040
:109030000000000000000000000000000000000030
:109040000000000000000000000000000000000020
:109050000000000000000000000000000000000010
:109060000000000000000000000000000000000000
:1090700000000000000000000000000000000000F0
:1090800000000000000000000000000000000000E0
:1090900000000000000000000000000000FAFA00DC
:1090A0000000000000F606000000000000000000C4
:1090B00000000000000000000000000000000000B0
:1090C00000000000000000000000000000000000A0
:1090D0000000000000000000000000000000000090
:1090E0000000000000627F0000000000000000009F
:1090F0000000000000000000000000000000000070
:10910000000000000000000000000000000000005F
:10911000000000000000000000000000000000004F
:10912000000000000000000000000000000000003F
:10913000000000000000000000000000000000002F
:10914000000000000000000000000000000000001F
:10915000000000000000000000000000000000000F
:1091600000000000000000000000000000000000FF
:1091700000000000000000000000000000000000EF
:1091800000000000000000000000000000000000DF
:1091900000000000000000000000000000000000CF
:1091A00000000000000000000000000000000000BF
:1091B00000000000000000000000000000000000AF
:1091C000000000000000000000000000000000009F
:1091D000000000000000000000000000000000008F
:1091E000000000000000000000000000000000007F
:1091F000000000000000000000000000000000006F
:10920000000000000000000000000000000000005E
:109210000000000000000000000000000011340009
:10922000000000000000000000000000000000003E
:10923000000000000000000000000000000000002E
:10924000000000000000000000000000000000001E
:109250000000000000EE1000000000000000000010
:109260000000000000FA1A000000000000000000EA
:1092700000000000000000000000000000000000EE
:1092800000000000000000000000000000000000DE
:1092900000000000000000000000000000290400A1
:1092A00000000000000501000000000000000000B8
:1092B00000000000000000000000000000000000AE
:1092C000000000000000000000000000000000009E
:1092D000000000000000000000000000000000008E
:1092E00000000000007F32000000000000000000CD
:1092F00000000000000000000000000000B6DB00DD
:10930000000000000000000000000000000000005D
:10931000000000000000000000000000000000004D
:1093200000000000000000000000000000000A0033
:10933000000000000000000000000000000000002D
:109340000000000000F1EE0000000000000000003E
:109350000000000000FF000000000000000000000E
:1093600000000000000000000000000000000000FD
:1093700000000000000000000000000000000000ED
:1093800000000000000000000000000000000000DD
:1093900000000000000000000000000000000000CD
:1093A00000000000000000000000000000000000BD
:1093B00000000000000000000000000000000000AD
:1093C00000000000003B0B00000000000000000057
:1093D00000000000000B3D00000000000000000045
:1093E000000000000000000000000000000000007D
:1093F0000000000000000000000000000000FF006E
:10940000000000000000000000000000000000005C
:10941000000000000000000000000000000000004C
:109420000000000000D8B8000000000000000000AC
:10943000000000000000000000000000000000002C
:10944000000000000000000000000000000000001C
:10945000000000000000000000000000000000000C
:1094600000000000000000000000000000000000FC
:1094700000000000000000000000000000000000EC
:1094800000000000000000000000000000000000DC
:10949000000000000000000000000000007F00004D
:1094A00000000000000000000000000000000000BC
:1094B00000000000000000000000000000000000AC
:1094C000000000000000000000000000000000009C
:1094D000000000000000000000000000000000008C
:1094E0000000000000B200000000000000000000CA
:1094F000000000000000000000000000000000006C
:10950000000000000000000000000000000000005B
:10951000000000000000000000000000000000004B
:10952000000000000000000000000000000000003B
:10953000000000000000000000000000000000002B
:10954000000000000000000000000000000000001B
:10955000000000000000000000000000000000000B
:1095600000000000000000000000000000000000FB
:1095700000000000000000000000000000000000EB
:1095800000000000000000000000000000000000DB
:1095900000000000000000000000000000000000CB
:1095A00000000000000000000000000000000000BB
:1095B00000000000000000000000000000000000AB
:1095C000000000000000000000000000000000009B
:1095D000000000000000000000000000000000008B
:1095E000000000000000000000000000000000007B
:1095F000000000000000000000000000000000006B
:10960000000000000000000000000000000000005A
:1096100000000000000000000000000000B9000091
:10962000000000000000000000000000000000003A
:10963000000000000000000000000000000000002A
:10964000000000000000000000000000000000001A
:109650000000000000CC000000000000000000003E
:109660000000000000BF000000000000000000003B
:1096700000000000000000000000000000000000EA
:1096800000000000000000000000000000000000DA
:1096900000000000000000000000000000F10000D9
:1096A00000000000000000000000000000000000BA
:1096B00000000000000000000000000000000000AA
:1096C000000000000000000000000000000000009A
:1096D000000000000000000000000000000000008A
:1096E0000000000000D800000000000000000000A2
:1096F000000000000000000000000000006F0000FB
:109700000000000000000000000000000000000059
:109710000000000000000000000000000000000049
:1097200000000000000000000000000000F4000045
:109730000000000000000000000000000000000029
:109740000000000000160000000000000000000003
:109750000000000000010000000000000000000008
:1097600000000000000000000000000000000000F9
:1097700000000000000000000000000000000000E9
:1097800000000000000000000000000000000000D9
:1097900000000000000000000000000000000000C9
:1097A00000000000000000000000000000000000B9
:1097B00000000000000000000000000000000000A9
:1097C0000000000000580000000000000000000041
:1097D0000000000000D000000000000000000000B9
:1097E0000000000000000000000000000000000079
:1097F0000000000000000000000000000000000069
:109800000000000000000000000000000000000058
:109810000000000000000000000000000000000048
:1098200000000000006800000000000000000000D0
:109830000000000000000000000000000000000028
:109840000000000000000000000000000000000018
:109850000000000000000000000000000000000008
:1098600000000000000000000000000000000000F8
:1098700000000000000000000000000000000000E8
:1098800000000000000000000000000000000000D8
:109890000000000000000000000000006000006EFA
:1098A00000000000FD0000060000000000000000B5
:1098B00000000000000000000000000000000000A8
:1098C0000000000000000000000000000000000098
:1098D0000000000000000000000000000000000088
:1098E000000000007700008500000000000000007C
:1098F0000000000000000000000000000000000068
:109900000000000000000000000000000000000057
:109910000000000000000000000000000000000047
:109920000000000000000000000000000000000037
:109930000000000000000000000000000000000027
:109940000000000000000000000000000000000017
:109950000000000000000000000000000000000007
:1099600000000000000000000000000000000000F7
:1099700000000000000000000000000000000000E7
:1099800000000000000000000000000000000000D7
:1099900000000000000000000000000000000000C7
:1099A00000000000000000000000000000000000B7
:1099B00000000000000000000000000000000000A7
:1099C0000000000000000000000000000000000097
:1099D0000000000000000000000000000000000087
:1099E0000000000000000000000000000000000077
:1099F0000000000000000000000000000000000067
:109A00000000000000000000000000000000000056
:109A10000000000000000000000000007F00008146
:109A20000000000000000000000000000000000036
:109A30000000000000000000000000000000000026
:109A40000000000000000000000000000000000016
:109A500000000000010000C800000000000000003D
:109A600000000000530000A2000000000000000001
:109A700000000000000000000000000000000000E6
:109A800000000000000000000000000000000000D6
:109A90000000000000000000000000001C0000E4C6
:109AA00000000000010000010000000000000000B4
:109AB00000000000000000000000000000000000A6
:109AC0000000000000000000000000000000000096
:109AD0000000000000000000000000000000000086
:109AE000000000003D0000920000000000000000A7
:109AF00000000000000000000000000064000050B2
:109B00000000000000000000000000000000000055
:109B10000000000000000000000000000000000045
:109B20000000000000000000000000002F0000C73F
:109B30000000000000000000000000000000000025
:109B400000000000E90000E4000000000000000048
:109B50000000000000000001000000000000000004
:109B600000000000000000000000000000000000F5
:109B700000000000000000000000000000000000E5
:109B800000000000000000000000000000000000D5
:109B900000000000000000000000000000000000C5
:109BA00000000000000000000000000000000000B5
:109BB00000000000000000000000000000000000A5
:109BC00000000000450000770000000000000000D9
:109BD000000000005B00008A0000000000000000A0
:109BE0000000000000000000000000000000000075
:109BF0000000000000000000000000000000000065
:109C00000000000000000000000000000000000054
:109C10000000000000000000000000000000000044
:109C200000000000DC00004900000000000000000F
:109C30000000000000000000000000000000000024
:109C40000000000000000000000000000000000014
:109C50000000000000000000000000000000000004
:109C600000000000000000000000000000000000F4
:109C700000000000000000000000000000000000E4
:109C800000000000000000000000000000000000D4
:109C90000000000000000000000000000000830041
:109CA0004000000000000000FE0000000000000076
:109CB00000000000000000000000000000000000A4
:109CC0000000000000000000000000000000000094
:109CD0000000000000000000000000000000000084
:109CE0000000000000007500DA0000000000000025
:109CF0000000000000000000000000000000000064
:109D00000000000000000000000000000000000053
:109D10000000000000000000000000000000000043
:109D20000000000000000000000000000000000033
:109D30000000000000000000000000000000000023
:109D40000000000000000000000000000000000013
:109D50000000000000000000000000000000000003
:109D600000000000000000000000000000000000F3
:109D700000000000000000000000000000000000E3
:109D800000000000000000000000000000000000D3
:109D900000000000000000000000000000000000C3
:109DA00000000000000000000000000000000000B3
:109DB00000000000000000000000000000000000A3
:109DC0000000000000000000000000000000000093
:109DD0000000000000000000000000000000000083
:109DE0000000000000000000000000000000000073
:109DF0000000000000000000000000000000000063
:109E00000000000000000000000000000000000052
:109E100000000000000000000000000000007F00C3
:109E2000E40000000000000000000000000000004E
:109E30000000000000000000000000000000000022
:109E40000000000000000000000000000000000012
:109E50000000000000000600E0000000000000001C
:109E60000000000000002600ED00000000000000DF
:109E700000000000000000000000000000000000E2
:109E800000000000000000000000000000000000D2
:109E90000000000000000000000000000000FD00C5
:109EA000210000000000000006000000000000008B
:109EB00000000000000000000000000000000000A2
:109EC0000000000000000000000000000000000092
:109ED0000000000000000000000000000000000082
:109EE0000000000000002800DC000000000000006E
:109EF00000000000000000000000000000008400DE
:109F000053000000000000000000000000000000FE
:109F10000000000000000000000000000000000041
:109F2000000000000000000000000000000007002A
:109F3000F900000000000000000000000000000028
:109F4000000000000000FE00EC0000000000000027
:109F50000000000000000000FE0000000000000003
:109F600000000000000000000000000000000000F1
:109F700000000000000000000000000000000000E1
:109F800000000000000000000000000000000000D1
:109F900000000000000000000000000000000000C1
:109FA00000000000000000000000000000000000B1
:109FB00000000000000000000000000000000000A1
:109FC000000000000000FA007F0000000000000018
:109FD0000000000000002A00FF0000000000000058
:109FE0000000000000000000000000000000000071
:109FF0000000000000000000000000000000000061
:10A000000000000000000000000000000000000050
:10A010000000000000000000000000000000000040
:10A02000000000000000CE00F6000000000000006C
:10A030000000000000000000000000000000000020
:10A040000000000000000000000000000000000010
:10A050000000000000000000000000000000000000
:10A0600000000000000000000000000000000000F0
:10A0700000000000000000000000000000000000E0
:10A0800000000000000000000000000000000000D0
:10A0900000000000000000000000000000000000C0
:10A0A000007F00000000000000050000000000002C
:10A0B00000000000000000000000000000000000A0
:10A0C0000000000000000000000000000000000090
:10A0D0000000000000000000000000000000000080
:10A0E000000000000000000000B8000000000000B8
:10A0F0000000000000000000000000000000000060
:10A10000000000000000000000000000000000004F
:10A11000000000000000000000000000000000003F
:10A12000000000000000000000000000000000002F
:10A13000000000000000000000000000000000001F
:10A14000000000000000000000000000000000000F
:10A1500000000000000000000000000000000000FF
:10A1600000000000000000000000000000000000EF
:10A1700000000000000000000000000000000000DF
:10A1800000000000000000000000000000000000CF
:10A1900000000000000000000000000000000000BF
:10A1A00000000000000000000000000000000000AF
:10A1B000000000000000000000000000000000009F
:10A1C000000000000000000000000000000000008F
:10A1D000000000000000000000000000000000007F
:10A1E000000000000000000000000000000000006F
:10A1F000000000000000000000000000000000005F
:10A20000000000000000000000000000000000004E
:10A21000000000000000000000000000000000003E
:10A220000098000000000000000000000000000096
:10A23000000000000000000000000000000000001E
:10A24000000000000000000000000000000000000E
:10A25000000000000000000000A800000000000056
:10A26000000000000000000000C800000000000026
:10A2700000000000000000000000000000000000DE
:10A2800000000000000000000000000000000000CE
:10A2900000000000000000000000000000000000BE
:10A2A00000ED00000000000000FE000000000000C3
:10A2B000000000000000000000000000000000009E
:10A2C000000000000000000000000000000000008E
:10A2D000000000000000000000000000000000007E
:10A2E0000000000000000000001800000000000056
:10A2F000000000000000000000000000000000005E
:10A3000000670000000000000000000000000000E6
:10A31000000000000000000000000000000000003D
:10A32000000000000000000000000000000000002D
:10A33000000C000000000000000000000000000011
:10A34000000000000000000000FF0000000000000E
:10A3500000000000000000000003000000000000FA
:10A3600000000000000000000000000000000000ED
:10A3700000000000000000000000000000000000DD
:10A3800000000000000000000000000000000000CD
:10A3900000000000000000000000000000000000BD
:10A3A00000000000000000000000000000000000AD
:10A3B000000000000000000000000000000000009D
:10A3C0000000000000000000007400000000000019
:10A3D000000000000000000000C5000000000000B8
:10A3E000000000000000000000000000000000006D
:10A3F000000000000000000000000000000000005D
:10A40000000000000000000000000000000000004C
:10A41000000000000000000000000000000000003C
:10A4200000000000000000000041000000000000EB
:10A43000000000000000000000000000000000001C
:10A44000000000000000000000000000000000000C
:10A4500000000000000000000000000000000000FC
:10A4600000000000000000000000000000000000EC
:10A4700000000000000000000000000000000000DC
:10A4800000000000000000000000000000000000CC
:10A4900000000000000000000000000000000000BC
:10A4A000D6FE000000000000F3FA000000000000EB
:10A4B000000000000000000000000000000000009C
:10A4C000000000000000000000000000000000008C
:10A4D000000000000000000000000000000000007C
:10A4E0000000000000000000EA6100000000000021
:10A4F000000000000000000000000000000000005C
:10A50000000000000000000000000000000000004B
:10A51000000000000000000000000000000000003B
:10A52000000000000000000000000000000000002B
:10A53000000000000000000000000000000000001B
:10A54000000000000000000000000000000000000B
:10A5500000000000000000000000000000000000FB
:10A5600000000000000000000000000000000000EB
:10A5700000000000000000000000000000000000DB
:10A5800000000000000000000000000000000000CB
:10A5900000000000000000000000000000000000BB
:10A5A00000000000000000000000000000000000AB
:10A5B000000000000000000000000000000000009B
:10A5C000000000000000000000000000000000008B
:10A5D000000000000000000000000000000000007B
:10A5E000000000000000000000000000000000006B
:10A5F000000000000000000000000000000000005B
:10A60000000000000000000000000000000000004A
:10A61000000000000000000000000000000000003A
:10A62000E50800000000000000000000000000003D
:10A63000000000000000000000000000000000001A
:10A64000000000000000000000000000000000000A
:10A6500000000000000000000EE900000000000003
:10A660000000000000000000D9F70000000000001A
:10A6700000000000000000000000000000000000DA
:10A6800000000000000000000000000000000000CA
:10A6900000000000000000000000000000000000BA
:10A6A000E931000000000000FF030000000000008E
:10A6B000000000000000000000000000000000009A
:10A6C000000000000000000000000000000000008A
:10A6D000000000000000000000000000000000007A
:10A6E0000000000000000000817F0000000000006A
:10A6F000000000000000000000000000000000005A
:10A70000DFBF0000000000000000000000000000AB
:10A710000000000000000000000000000000000039
:10A720000000000000000000000000000000000029
:10A73000F1EC00000000000000000000000000003C
:10A740000000000000000000FBF00000000000001E
:10A7500000000000000000000000000000000000F9
:10A7600000000000000000000000000000000000E9
:10A7700000000000000000000000000000000000D9
:10A7800000000000000000000000000000000000C9
:10A7900000000000000000000000000000000000B9
:10A7A00000000000000000000000000000000000A9
:10A7B0000000000000000000000000000000000099
:10A7C0000000000000000000D73E00000000000074
:10A7D0000000000000000000C4FD000000000000B8
:10A7E0000000000000000000000000000000000069
:10A7F0000000000000000000000000000000000059
:10A800000001000000000000000000000000000047
:10A810000000000000000000000000000000000038
:10A8200000000000000000003FE000000000000009
:10A830000000000000000000000000000000000018
:10A840000000000000000000000000000000000008
:10A8500000000000000000000000000000000000F8
:10A8600000000000000000000000000000000000E8
:10A8700000000000000000000000000000000000D8
:10A8800000000000000000000000000000000000C8
:10A8900000000000000000000000000000000000B8
:10A8A00000000000FD00000000000000F6000000B5
:10A8B0000000000000000000000000000000000098
:10A8C0000000000000000000000000000000000088
:10A8D0000000000000000000000000000000000078
:10A8E0000000000000000000000000006000000008
:10A8F0000000000000000000000000000000000058
:10A900000000000000000000000000000000000047
:10A910000000000000000000000000000000000037
:10A920000000000000000000000000000000000027
:10A930000000000000000000000000000000000017
:10A940000000000000000000000000000000000007
:10A9500000000000000000000000000000000000F7
:10A9600000000000000000000000000000000000E7
:10A9700000000000000000000000000000000000D7
:10A9800000000000000000000000000000000000C7
:10A9900000000000000000000000000000000000B7
:10A9A00000000000000000000000000000000000A7
:10A9B0000000000000000000000000000000000097
:10A9C0000000000000000000000000000000000087
:10A9D0000000000000000000000000000000000077
:10A9E0000000000000000000000000000000000067
:10A9F0000000000000000000000000000000000057
:10AA00000000000000000000000000000000000046
:10AA10000000000000000000000000000000000036
:10AA2000000000001700000000000000000000000F
:10AA30000000000000000000000000000000000016
:10AA40000000000000000000000000000000000006
:10AA5000000000000000000000000000EE00000008
:10AA6000000000000000000000000000FD000000E9
:10AA700000000000000000000000000000000000D6
:10AA800000000000000000000000000000000000C6
:10AA900000000000000000000000000000000000B6
:10AAA000000000002D000000000000000400000075
:10AAB0000000000000000000000000000000000096
:10AAC0000000000000000000000000000000000086
:10AAD0000000000000000000000000000000000076
:10AAE0000000000000000000000000007F000000E7
:10AAF0000000000000000000000000000000000056
:10AB000000000000CB00000000000000000000007A
:10AB10000000000000000000000000000000000035
:10AB20000000000000000000000000000000000025
:10AB30000000000004000000000000000000000011
:10AB4000000000000000000000000000F200000013
:10AB500000000000000000000000000000000000F5
:10AB600000000000000000000000000000000000E5
:10AB700000000000000000000000000000000000D5
:10AB800000000000000000000000000000000000C5
:10AB900000000000000000000000000000000000B5
:10ABA00000000000000000000000000000000000A5
:10ABB0000000000000000000000000000000000095
:10ABC0000000000000000000000000003B0000004A
:10ABD0000000000000000000000000000300000072
:10ABE0000000000000000000000000000000000065
:10ABF0000000000000000000000000000000000055
:10AC00000000000000000000000000000000000044
:10AC10000000000000000000000000000000000034
:10AC2000000000000000000000000000D100000053
:10AC30000000000000000000000000000000000014
:10AC40000000000000000000000000000000000004
:10AC500000000000000000000000000000000000F4
:10AC600000000000000000000000000000000000E4
:10AC700000000000000000000000000000000000D4
:10AC800000000000000000000000000000000000C4
:10AC900000000000000000000000000000000000B4
:10ACA0005D0D000000000000F7EE00000000000055
:10ACB0000000000000000000000000000000000094
:10ACC0000000000000000000000000000000000084
:10ACD0000000000000000000000000000000000074
:10ACE0000000000000000000D94C0000000000003F
:10ACF0000000000000000000000000000000000054
:10AD00000000000000000000000000000000000043
:10AD10000000000000000000000000000000000033
:10AD20000000000000000000000000000000000023
:10AD30000000000000000000000000000000000013
:10AD40000000000000000000000000000000000003
:10AD500000000000000000000000000000000000F3
:10AD600000000000000000000000000000000000E3
:10AD700000000000000000000000000000000000D3
:10AD800000000000000000000000000000000000C3
:10AD900000000000000000000000000000000000B3
:10ADA00000000000000000000000000000000000A3
:10ADB0000000000000000000000000000000000093
:10ADC0000000000000000000000000000000000083
:10ADD0000000000000000000000000000000000073
:10ADE0000000000000000000000000000000000063
:10ADF0000000000000000000000000000000000053
:10AE00000000000000000000000000000000000042
:10AE10000000000000000000000000000000000032
:10AE2000E219000000000000000000000000000027
:10AE30000000000000000000000000000000000012
:10AE40000000000000000000000000000000000002
:10AE50000000000000000000CDEF00000000000036
:10AE60000000000000000000DEFA0000000000000A
:10AE700000000000000000000000000000000000D2
:10AE800000000000000000000000000000000000C2
:10AE900000000000000000000000000000000000B2
:10AEA0000430000000000000FF030000000000006C
:10AEB0000000000000000000000000000000000092
:10AEC0000000000000000000000000000000000082
:10AED0000000000000000000000000000000000072
:10AEE0000000000000000000C37F00000000000020
:10AEF0000000000000000000000000000000000052
:10AF00003FD500000000000000000000000000002D
:10AF10000000000000000000000000000000000031
:10AF20000000000000000000000000000000000021
:10AF3000FA0A00000000000000000000000000000D
:10AF400000000000000000002B0F000000000000C7
:10AF500000000000000000000100000000000000F0
:10AF600000000000000000000000000000000000E1
:10AF700000000000000000000000000000000000D1
:10AF800000000000000000000000000000000000C1
:10AF900000000000000000000000000000000000B1
:10AFA00000000000000000000000000000000000A1
:10AFB0000000000000000000000000000000000091
:10AFC00000000000000000007F40000000000000C2
:10AFD0000000000000000000CCF8000000000000AD
:10AFE0000000000000000000000000000000000061
:10AFF0000000000000000000000000000000000051
:10B00000000100000000000000000000000000003F
:10B010000000000000000000000000000000000030
:10B020000000000000000000F8EE0000000000003A
:10B030000000000000000000000000000000000010
:10B040000000000000000000000000000000000000
:10B0500000000000000000000000000000000000F0
:10B0600000000000000000000000000000000000E0
:10B0700000000000000000000000000000000000D0
:10B0800000000000000000000000000000000000C0
:10B09000000000000000000000000000000000DCD4
:10B0A00000000013000000FF000000ED00000000A1
:10B0B0000000000000000000000000000000000090
:10B0C0000000000000000000000000000000000080
:10B0D0000000000000000000000000000000000070
:10B0E000000000000000005E0000004A00000000B8
:10B0F0000000000000000000000000000000000050
:10B10000000000000000000000000000000000003F
:10B11000000000000000000000000000000000002F
:10B12000000000000000000000000000000000001F
:10B13000000000000000000000000000000000000F
:10B1400000000000000000000000000000000000FF
:10B1500000000000000000000000000000000000EF
:10B1600000000000000000000000000000000000DF
:10B1700000000000000000000000000000000000CF
:10B1800000000000000000000000000000000000BF
:10B1900000000000000000000000000000000000AF
:10B1A000000000000000000000000000000000009F
:10B1B000000000000000000000000000000000008F
:10B1C000000000000000000000000000000000007F
:10B1D000000000000000000000000000000000006F
:10B1E000000000000000000000000000000000005F
:10B1F000000000000000000000000000000000004F
:10B20000000000000000000000000000000000003E
:10B210000000000000000000000000000000007FAF
:10B220000000000C00000000000000000000000012
:10B23000000000000000000000000000000000000E
:10B2400000000000000000000000000000000000FE
:10B250000000000000000028000000EC00000000DA
:10B260000000000000000058000000F60000000090
:10B2700000000000000000000000000000000000CE
:10B2800000000000000000000000000000000000BE
:10B29000000000000000000000000000000000EBC3
:10B2A0000000002600000000000000040000000074
:10B2B000000000000000000000000000000000008E
:10B2C000000000000000000000000000000000007E
:10B2D000000000000000000000000000000000006E
:10B2E00000000000000000290000007F00000000B6
:10B2F000000000000000000000000000000000024C
:10B30000000000CD00000000000000000000000070
:10B31000000000000000000000000000000000002D
:10B320000000000000000000000000000000002FEE
:10B33000000000020000000000000000000000000B
:10B340000000000000000001000000FF00000000FD
:10B3500000000000000000000000000000000000ED
:10B3600000000000000000000000000000000000DD
:10B3700000000000000000000000000000000000CD
:10B3800000000000000000000000000000000000BD
:10B3900000000000000000000000000000000000AD
:10B3A000000000000000000000000000000000009D
:10B3B000000000000000000000000000000000008D
:10B3C00000000000000000FE0000003F0000000040
:10B3D00000000000000000300000000E000000002F
:10B3E000000000000000000000000000000000005D
:10B3F000000000000000000000000000000000004D
:10B40000000000010000000000000000000000003B
:10B41000000000000000000000000000000000002C
:10B4200000000000000000CB000000DE0000000073
:10B43000000000000000000000000000000000000C
:10B4400000000000000000000000000000000000FC
:10B4500000000000000000000000000000000000EC
:10B4600000000000000000000000000000000000DC
:10B4700000000000000000000000000000000000CC
:10B4800000000000000000000000000000000000BC
:10B4900000000000000000000000000000000000AC
:10B4A0000400007F00EB0000070000000007000020
:10B4B000000000000000000000000000000000008C
:10B4C000000000000000000000000000000000007C
:10B4D000000000000000000000000000000000006C
:10B4E00000000000000000007F00004C0081000010
:10B4F000000000000000000000000000000000004C
:10B50000000000000000000000000000000000003B
:10B51000000000000000000000000000000000002B
:10B52000000000000000000000000000000000001B
:10B53000000000000000000000000000000000000B
:10B5400000000000000000000000000000000000FB
:10B5500000000000000000000000000000000000EB
:10B5600000000000000000000000000000000000DB
:10B5700000000000000000000000000000000000CB
:10B5800000000000000000000000000000000000BB
:10B5900000000000000000000000000000000000AB
:10B5A000000000000000000000000000000000009B
:10B5B000000000000000000000000000000000008B
:10B5C000000000000000000000000000000000007B
:10B5D000000000000000000000000000000000006B
:10B5E000000000000000000000000000000000005B
:10B5F000000000000000000000000000000000004B
:10B60000000000000000000000000000000000003A
:10B61000000000000000000000000000000000002A
:10B620003700000200980000000000000000000049
:10B63000000000000000000000000000000000000A
:10B6400000000000000000000000000000000000FA
:10B650000000000000000000140000DB00BF00003C
:10B6600000000000000000002700001F009C0000F8
:10B6700000000000000000000000000000000000CA
:10B6800000000000000000000000000000000000BA
:10B6900000000000000000000000000000000000AA
:10B6A000010000170022000001000003000000005C
:10B6B000000000000000000000000000000000008A
:10B6C000000000000000000000000000000000007A
:10B6D000000000000000000000000000000000006A
:10B6E00000000000000000002C00004A00A2000042
:10B6F000000000000000000000000000000000004A
:10B70000EF00006600BE0000000000000000000026
:10B710000000000000000000000000000000000029
:10B720000000000000000000000000000000000019
:10B730000E00001700C10000000000000000000023
:10B740000000000000000000EB00000800D0000036
:10B7500000000000000000000000000000010000E8
:10B7600000000000000000000000000000000000D9
:10B7700000000000000000000000000000000000C9
:10B7800000000000000000000000000000000000B9
:10B7900000000000000000000000000000000000A9
:10B7A0000000000000000000000000000000000099
:10B7B0000000000000000000000000000000000089
:10B7C00000000000000000000A00003100E9000055
:10B7D00000000000000000004200002B0085000077
:10B7E0000000000000000000000000000000000059
:10B7F0000000000000000000000000000000000049
:10B80000FF00000000000000000000000000000039
:10B810000000000000000000000000000000000028
:10B820000000000000000000BD00001D00600000DE
:10B830000000000000000000000000000000000008
:10B8400000000000000000000000000000000000F8
:10B8500000000000000000000000000000000000E8
:10B8600000000000000000000000000000000000D8
:10B8700000000000000000000000000000000000C8
:10B8800000000000000000000000000000000000B8
:10B890000000000000000000000000000000001890
:10B8A00000000000001300FA0000000000EC00009F
:10B8B0000000000000000000000000000000000088
:10B8C0000000000000000000000000000000000078
:10B8D0000000000000000000000000000000000068
:10B8E00000000000000000F90000000000700000EF
:10B8F0000000000000000000000000000000000048
:10B900000000000000000000000000000000000037
:10B910000000000000000000000000000000000027
:10B920000000000000000000000000000000000017
:10B930000000000000000000000000000000000007
:10B9400000000000000000000000000000000000F7
:10B9500000000000000000000000000000000000E7
:10B9600000000000000000000000000000000000D7
:10B9700000000000000000000000000000000000C7
:10B9800000000000000000000000000000000000B7
:10B9900000000000000000000000000000000000A7
:10B9A0000000000000000000000000000000000097
:10B9B0000000000000000000000000000000000087
:10B9C0000000000000000000000000000000000077
:10B9D0000000000000000000000000000000000067
:10B9E0000000000000000000000000000000000057
:10B9F0000000000000000000000000000000000047
:10BA00000000000000000000000000000000000036
:10BA1000000000000000000000000000000000FB2B
:10BA200000000000002E00000000000000000000E8
:10BA30000000000000000000000000000000000006
:10BA400000000000000000000000000000000000F6
:10BA500000000000000000F30000000000E0000013
:10BA600000000000000000F400000000000A0000D8
:10BA700000000000000000000000000000000000C6
:10BA800000000000000000000000000000000000B6
:10BA90000000000000000000000000000000001D89
:10BAA00000000000003C0000000000000006000054
:10BAB0000000000000000000000000000000000086
:10BAC0000000000000000000000000000000000076
:10BAD0000000000000000000000000000000000066
:10BAE000000000000000007F00000000007F000058
:10BAF000000000000000000000000000000000EC5A
:10BB00000000000000D10000000000000000000064
:10BB10000000000000000000000000000000000025
:10BB20000000000000000000000000000000000114
:10BB300000000000001900000000000000000000EC
:10BB400000000000000000FD0000000000070000F1
:10BB500000000000000000000000000000000000E5
:10BB600000000000000000000000000000000000D5
:10BB700000000000000000000000000000000000C5
:10BB800000000000000000000000000000000000B5
:10BB900000000000000000000000000000000000A5
:10BBA0000000000000000000000000000000000095
:10BBB0000000000000000000000000000000000085
:10BBC000000000000000000F000000000052000014
:10BBD000000000000000000600000000000400005B
:10BBE0000000000000000000000000000000000055
:10BBF0000000000000000000000000000000000144
:10BC00000000000000000000000000000000000034
:10BC10000000000000000000000000000000000024
:10BC200000000000000000F30000000000DE000043
:10BC30000000000000000000000000000000000004
:10BC400000000000000000000000000000000000F4
:10BC500000000000000000000000000000000000E4
:10BC600000000000000000000000000000000000D4
:10BC700000000000000000000000000000000000C4
:10BC800000000000000000000000000000000000B4
:10BC900000000000000000000000000000000000A4
:10BCA0000C001000000046000100F5000000FA0042
:10BCB0000000000000000000000000000000000084
:10BCC0000000000000000000000000000000000074
:10BCD0000000000000000000000000000000000064
:10BCE000000000000000000064007F000000E90088
:10BCF0000000000000000000000000000000000044
:10BD00000000000000000000000000000000000033
:10BD10000000000000000000000000000000000023
:10BD20000000000000000000000000000000000013
:10BD30000000000000000000000000000000000003
:10BD400000000000000000000000000000000000F3
:10BD500000000000000000000000000000000000E3
:10BD600000000000000000000000000000000000D3
:10BD700000000000000000000000000000000000C3
:10BD800000000000000000000000000000000000B3
:10BD900000000000000000000000000000000000A3
:10BDA0000000000000000000000000000000000093
:10BDB0000000000000000000000000000000000083
:10BDC0000000000000000000000000000000000073
:10BDD0000000000000000000000000000000000063
:10BDE0000000000000000000000000000000000053
:10BDF0000000000000000000000000000000000043
:10BE00000000000000000000000000000000000032
:10BE10000000000000000000000000000000000022
:10BE2000280051000000EC000000000000000000AD
:10BE30000000000000000000000000000000000002
:10BE400000000000000000000000000000000000F2
:10BE50000000000000000000190022000000E300C4
:10BE6000000000000000000004005B000000000073
:10BE700000000000000000000000000000000000C2
:10BE800000000000000000000000000000000000B2
:10BE900000000000000000000000000000000000A2
:10BEA0001600150000000D000200FE00000000005A
:10BEB0000000000000000000000000000000000082
:10BEC0000000000000000000000000000000000072
:10BED0000000000000000000000000000000000062
:10BEE00000000000000000007F0068000000F60075
:10BEF0000000000000000000000000000000000042
:10BF0000D300250000007F000000000000000000BA
:10BF10000000000000000000000000000000000021
:10BF20000000000000000000000000000000000011
:10BF3000FD003200000012000000000000000000C0
:10BF40000000000000000000F20017000000F900EF
:10BF500000000000000000000200000000000000DF
:10BF600000000000000000000000000000000000D1
:10BF700000000000000000000000000000000000C1
:10BF800000000000000000000000000000000000B1
:10BF900000000000000000000000000000000000A1
:10BFA0000000000000000000000000000000000091
:10BFB0000000000000000000000000000000000081
:10BFC00000000000000000003000020000007F00C0
:10BFD00000000000000000003C005E000000F500D2
:10BFE0000000000000000000000000000000000051
:10BFF0000000000000000000000000000000000041
:10C00000010000000000000000000000000000002F
:10C010000000000000000000000000000000000020
:10C020000000000000000000C000BE000000D500BD
:10C030000000000000000000000000000000000000
:10C0400000000000000000000000000000000000F0
:10C0500000000000000000000000000000000000E0
:10C0600000000000000000000000000000000000D0
:10C0700000000000000000000000000000000000C0
:10C08000C5F5F4CAEF6AF3D228008CF2BF00D5E9F7
:10C090003A7F49D82E08ED2E000000000000000075
:10C0A0000F9F0CE6C85A27D4E7D4FF25F6EA44FED2
:10C0B000FD1906F704FEE8E1230D2506021CF31521
:10C0C0004C68EBFFAAD725F2F604DD62A3F5029ACD
:10C0D000F55E6CE4A0B2E6CC177D18E61DB0F0D991
:10C0E0000000000000000000000000000000000050
:10C0F00043D16C16507FEBC32423D2B403EFBEE5CB
:10C10000F320CECD87B221252047E7EC16DAB1F136
:10C11000A747041E693714FFB648E9E78EE2EFAC83
:10C120001F63BA21451DFFD0D0F1A910FF3ADF23CC
:10C13000E722DBC9BACEFEF4D08148B8C00F39B3CC
:10C14000DFA2D6FBB4A7382D8CEE10E9E809C901AF
:10C15000FBF63A9F583DF90795CFD4213412C0FA27
:10C16000312B35D6C3C8F381131800301A0EFC9951
:10C1700007F82C7FB2D600DFA23749351BFEFB3B08
:10C18000FF6722F4CBEC31F40E6B24E8092FEE0F9D
:10C19000D6313CD8C94824108336260A2F57B9A275
:10C1A000F71B0AECE80A8110BAEBC0DBFE32F5F3AC
:10C1B000AD2519ED1B10C32E040503FB631CFB46C4
:10C1C000E0E60514BA99E0A10EC520F8080C0903B1
:10C1D000BD03F505E90FE31FA9E6C4E73ED71A53EF
:10C1E000403414FCBC07B9D22AC98130FCF0220EBD
:10C1F0007FD142A9FEE6F2FD000000000000000031
:10C20000FB4EAC2AB9EEED1F7555E9DC2B0D01EBA9
:10C21000D80420A996181D01FDE9F91B0225B30DCC
:10C220006C59F83AFFACD0DB0605F5FBF41AE2F3E3
:10C230000D0CD709C53FC3200562A0DA0F24EFDB40
:10C240001BC821EFDB27E9EB05EF0D22D1202BC026
:10C25000BD09260B1D4019D8C64FC6E577BBB513DF
:10C260000FC3D4022AE2305F06CCFE087FE2961D9F
:10C27000932F0B5A21B10E303EDBFCC043F42FE864
:10C280007F2F17C9EBA5FDF008D412BC0C1717E8D7
:10C2900000120A32FF10DFBD0000000000000000A5
:10C2A000010E41A8200C31D63C1D1BDF05F1F6091B
:10C2B000E7CAFA27FDD500DC01B5DFF013DD072260
:10C2C000ED03B524E1E9C37F2E6854ED1073F71F29
:10C2D0000B25C757C4DDF7ECDEE0102B030B180964
:10C2E000000000000000000000000000000000004E
:10C2F000E8451528F4F54618E84D2058161AF900B7
:10C30000C7EC172035AEDDFB0121242D0046DB7084
:10C31000DE4DEB06AF2BCFE8B31A1107ADC0CB2E25
:10C32000EEC7FF3F48390510F8FB18BD2422E8D4BA
:10C330009C11CA1DCCDED02F3A14FCBB0817E105B6
:10C340006EFB1DF1EBE00A4EAADC22FF811CAB1C48
:10C35000D23C0CEEFBC103D5184BF70EF7EAE639D9
:10C36000C9ED1326DF81EBC8DD05E70FD822BB3A04
:10C37000FD165B10D5099427A9C7FF03C7380DC860
:10C38000F828710CDAFD27532024E415FA1EEF1863
:10C3900001BA19370D1DCDEA4DCFC238F2E3F3755E
:10C3A000FB110EEE2601440DFD1AFB1F02DBF0EC23
:10C3B000E6E1F91C4D140003FA011676FD1ADAD2F3
:10C3C000FB1FC52116CD560F18270B06000C08CAF7
:10C3D000DC01DA292316E5050741E4C202F6DF0F86
:10C3E000E787D810292FF91EA2190EF7F4FAB2F038
:10C3F000C405FBFBE008E1EA0000000000000000CB
:10C400002FA9D66A16EEC15D077F2D52CFD8D27FF5
:10C410001BF7301E4C09D3CFFA24EDFF2FD313495D
:10C42000A2EC0B1AE113C3E3F9FF0EEED929E5EEF6
:10C43000CC0D11150826DD0D22CAF06818150BF475
:10C44000160E5FD9F6BFE31491BCF97FD13C36FEDE
:10C450004CE9EDB04DF36F0DF353D61B410E3892FE
:10C46000FF9E3D0E1D5C24DFDDF57FDF49FFF822D6
:10C47000D2B829ED1A2C7FE4DAECE50F2DD6B1EC19
:10C48000000038000E00075FEE00EB008E00FCE7B6
:10C49000B300D5001E003B9D4800000000000000D6
:10C4A000000016004C0016C83C0003000400180CE5
:10C4B0002C00FC00E4000001F600100002000A1A43
:10C4C000230000009500D9CEE400A3003C003356C1
:10C4D0000B00E4009D00090B4700DF00CE00D917D8
:10C4E0000600000000000000000000000000000046
:10C4F0000000D200320020EDFD00EC00FF001A0920
:10C500001F000900C80012E6EA00C9003C00F81A42
:10C51000EB00AF00070019C14200C0001200D9D7DC
:10C52000C200E200EB0019AD0B0009003A006ABC42
:10C53000C000CB00E000F8DDB4007F00DB0002C4E7
:10C5400011003B005F000449E2000C000500EEF41E
:10C550000F00DB0025000CE105003F000E001EE28D
:10C560002600BA006100CBFA1200F100F50012EECD
:10C570003000000002003B130D00EE00CC00032849
:10C580001600D7002A00E13DA4001900C60013F9E7
:10C590001300E30003000952170022001C00E4AF5F
:10C5A000CF005700FF00030CDC001500160019092E
:10C5B000F1002F00940016E1FD0040003500092E27
:10C5C00044000C00DE00E6040A00DD0002000AC898
:10C5D00014006D00E70003EE460034001500F781FB
:10C5E0000E00EB00E900F241D000F9004500FFE049
:10C5F0004400E1008100E2CBBE000000000000002A
:10C60000000060002400EE2836000F002500052EF3
:10C610007F00C1000200FD22BC000900EA00070AF9
:10C6200034008500F800EE70EF000E0010000CF5ED
:10C63000DF0001000A0008001E00CB00D100DE92DE
:10C640001100E3001000FDF9E000D500DB00EDF57E
:10C6500011001B0058003EBFDD0000000C00631CF1
:10C6600056009C00BC000E2403004F00900046E8DA
:10C67000DE00DA00E2007F26F2001900DA0009B0DD
:10C680003200C5001118131000E5F50042433C00CC
:10C6900000AD09000AD5F6D8007F000000000000B8
:10C6A0000000020029D874410057E8001905E1F3A1
:10C6B0000023FF001BF0FAFC0018EC00FA0107FB56
:10C6C00000164900E702E3E700BA1500FF0ED5F6B1
:10C6D00000160200B0B533D400CEF0001DD32A2FCF
:10C6E00000D2000000000000000000000000000078
:10C6F00000000F00F1FDD6B5001C0600F7E5DEEAEC
:10C700000025F5003EB414B300114A00FEF7980E60
:10C7100000340100922A4BC300F42E0010BBFDD858
:10C72000000AF4002A0E083200DAF700FDD418FBE4
:10C73000001C09006C393AA400AABD000A54E32683
:10C7400000D3E9003518E42500920E0004E2EBD591
:10C7500000F9AC00AD2EF9C6000BF6002342E80C40
:10C7600000F6E200D69A74ED0063C900C4F6CE3636
:10C7700000035F00511412CD00F7D900A420E23568
:10C780000001F000F5E7DE3500FFD4000AE5EF2FE9
:10C790000009FB008122111200D7DB00DA24F251DC
:10C7A00000FDF800159DCB1C003EF300F532E1DEE4
:10C7B00000D01A00F1C40BF700D9DD00D67932E6BB
:10C7C00000174300AAA9FE1800EC0600F0E30C0ACB
:10C7D0000021000070812A0300D0E700C8CA4BE5A1
:10C7E000008FFA001B2B077F00A62500E2382EE2FF
:10C7F00000227F00C124E6C5000E000000000000FA
:10C800000000B0000EBC2CFF000EDC002942F3DF5C
:10C81000000EBC00F808030700000800021D00F429
:10C8200000D71700FF087FC5000D0700F9F9D0EA0F
:10C8300000F6DF00F51EE0D200E8ED0018101F0042
:10C8400000DA000005E128D500DCE500B3A820FEF1
:10C85000000713000E91BCEF00201A00E0A0E304D3
:10C8600000CB0100471FD1BF0016E300FAFE0016FF
:10C87000000E16001AB346CB000B0900022955041E
:10C8800000500000EE1021B2D3D4015E14DD24D498
:10C89000D2013BF5D92A9E7FF1213E5C00000000C9
:10C8A0000000000011EC0461E0EC26ECE7102C2AFB
:10C8B000DB27F6E7FC23FD09DE30F655F7F106F03D
:10C8C0001A29D81D193D15A0E7341E0C0712E807D8
:10C8D00019F2EF11E7055428ECD4003D0925BDC03D
:10C8E000E1212058000000000000000000000000CE
:10C8F00000000000E53144F77F03060DE81D000F3E
:10C90000EA08F1D91C00EB2DE729C234F0FE10DE55
:10C91000F1382F1D05EF2FCD2C11AA122F19C4D9D4
:10C9200005E0282FFDF22023E967ECF0DAD4A40417
:10C93000E94A0D05120FD27B11D3D51AD7E418FAA4
:10C940002F0C0D0CE5D55B3120C7337F0B124DB694
:10C95000D0063FCBED3F154A3AED4901D20DFC3FE1
:10C960000A5232AB2BF9812133F69107090F3DD6DC
:10C9700056E9BD030059B50244053B8EED3BC4E9C1
:10C98000D54E2C3F0EECF8193EF5A210F21CF22306
:10C990000C20DDE2053DF651EEC65CC9D9F2B3F3D9
:10C9A00028813CED12E5E2E7F60D29E90BF62AEEC7
:10C9B000EAF040DD021119DD0311E9D625E6E50FA5
:10C9C000E5DCDD113C10DBD8E723082C1805F7F770
:10C9D000F4C629F019D9FBDE0D1AC64D7FE42EAB43
:10C9E000E23781CCFEEBB7D7DC0FCFEF0A34D1D6DC
:10C9F00007F737EDEADAD23D33F9C06D00000000E9
:10CA000000000000E723E801EE2B9D2A2C7B13E1B8
:10CA1000282604FD2DFC33F2E00315F5EDC8F806D9
:10CA200019F913D20A35E0FCCCEFA0D3FC16DAFBDF
:10CA300007150314F42C02F254F3E7D9240752F13A
:10CA4000EEE4F934F007D4F4E7FB2F17EB7F1EF286
:10CA500045FFEE35101C24E6E40417E2151E5CBB0E
:10CA60004AEE57C0F024C770E7C22313E4251ECD59
:10CA7000271491EF1D1FE4463B18A12D1D16391BED
:10CA8000D3295CFEF781F8FE0000CF0FE80BCD0C38
:10CA90000000BADCFAA761EB0000FC060000000011
:10CAA000000000004A39A8CD00000C0AEF34E80469
:10CAB00000002420E5CE0D3A000027F2CEFD390219
:10CAC0000000B81215B93CCB00000881F50B97DBCC
:10CAD00000001D77FA9828A70000012AE9D83CE257
:10CAE0000000C7CE000000000000000000000000B1
:10CAF0000000000004E55F1300003FFC0F0E561C11
:10CB000000003DB7F9E4B2F70000131590247FFA56
:10CB1000000003D92AB42CE10000DCE521DE41DB72
:10CB20000000ECE8C92227B4000049CF12299A5925
:10CB30000000C8FE4AF2A0E80000DBCFD725C4D829
:10CB400000000EF90FE20CCB0000F44A04121BFCAB
:10CB50000000F3FD2EFCDCE600001BFC28250C0881
:10CB600000002CF4C7F2E2DA00008163A411E2CFE6
:10CB7000000036015E0EB3680000BD0DFE5BF67F5F
:10CB80000000E4DBE4A2E3C2000025DA20DD2C2370
:10CB90000000EAFA7F4F197E000045560F1C00C5C1
:10CBA0000000B7C501123ECA00001FFB0F02ED16C0
:10CBB00000001AFAE5313D200000400D0D0808295B
:10CBC00000001B2107C631F00000A5051318F7E58A
:10CBD00000000AF3B4F32D2200004738C423B5093E
:10CBE0000000F713BB5509510000470633DF91ECF5
:10CBF0000000C3461BC4F8D200009A0700000000E2
:10CC000000000000AAE96262000024460BA728C6C3
:10CC100000003BECF37DB7200000F0CA03FF1BF4DB
:10CC20000000FC00DE1D242600001B2CFB6A08000F
:10CC3000000018EFD901F4FE00004CF7E503E9010C
:10CC400000000CB02301D9440000D30BDAE93A3AD2
:10CC500000001E13FDFDCED40000DAF3E2117C3794
:10CC60000000DB5E0F00A8390000E0F3C7189C1C31
:10CC700000001AEED510E91F0000BB5438EED9CCE5
:10CC80000000D9110000F17F080BD7007FAA2B0705
:10CC900021F2C9000C0D0F25CD0AC500FBB4000020
:10CCA0000000000000008D4F5C37BA00583A2A039C
:10CCB00013FB00002F20EAFB0E351E00DED3D52C1F
:10CCC000D64E1300BD192A05F016A400311EC6F970
:10CCD0001998C20035FC0242EFF6D700FECD4F2F67
:10CCE00021FE6200F9FD00000000000000000000CD
:10CCF000000000000000E40F1A2AE700A1C3DB16C1
:10CD00002AF32B0010186417411AFB002FDBBE1802
:10CD100009EBE700BD2743E5BD06B500D1EDD50120
:10CD2000A9BFE800F74038DAAEEDC500F552D00AE9
:10CD3000F6177B00C5E1C0FEE1F45A005B32D10E6C
:10CD4000061F0D00B67F8166EDF7EF001EE8F412B6
:10CD5000E92A8F005EE850E50CE9FD00B9B7D10D76
:10CD6000471E2A00935320F6F29E6900BDE08EC64E
:10CD7000EAF1B900563B2AFED68FCF00D507E2FC78
:10CD8000195653002CA9AF1EDCF92700DC55ED071E
:10CD90001971C7003CEA4BBD7F02550053E8F5030B
:10CDA000C1E51B00DD30D13BE2F1B70075F10B139B
:10CDB0002E1FBD00C9F2D7EC1338C80071E837FA4E
:10CDC000240AE70000DE3120FB9F7F00E719F9FC11
:10CDD000F3F81A00FC06F84251812B00F0E6FDE85A
:10CDE0006BF07D00E9DED71E0B151400D21808C8C1
:10CDF000E7A4F900120A490607E4F600921F0000B2
:10CE0000000000000000E01A1FCA3A000BE112E027
:10CE1000D1FCEB00FD17ACFC0FFE4C000B11FCF23B
:10CE2000072EC9000CDEE60A41BAFF0034C6FAFB41
:10CE3000221DCE00F403C500DBFDE90016145D0DD4
:10CE4000F5E7110065CB174021F7FB00CEFB0DAFD6
:10CE500002D8E700FDEEEF200EE14400423107F575
:10CE6000DA1D2D00E6094307122C7F00DFA0E3DC6A
:10CE700001F9E60013184806C6A22B000DF019DED2
:10CE800012F3C200F0EBE1003D00E6F20155E800CC
:10CE90001D002AF3981D1F000800DED3F85400007F
:10CEA000000000000000A200DA00A5672C55080071
:10CEB00000002A0A4203E000FB000EF815EC0F0008
:10CEC000FD000C0108E8DE003A004F02299E7D00BB
:10CED000170009FD13FA3100D500E802FB1EB1006E
:10CEE000E500D31D0110000000000000000000005C
:10CEF0000000000000000900E000C914682BE000F9
:10CF0000F300CB0C389E2C0008006FED0D5DF10096
:10CF1000480031F408EF21000E0028EBE9B7EC00DF
:10CF20000E00D3EDDED13500FC00DCF331EF1B0049
:10CF3000240017EFADA6E500F900BA3560FEF40055
:10CF40001E004207F3ED9A0021000910D022F500DF
:10CF5000DC00E6D8BBCE18000800FFC8FAF9B7001D
:10CF600005001D16FF332600B700B5E2241D7F0023
:10CF70001E0013D1051BB000F600F6E2E02DE8001C
:10CF8000DA00DB060901030017001708DACDD0002C
:10CF9000E10005FEF90D0C0003001C06021634002A
:10CFA0000C00D8E0DF06B4001900FC11D10BE5003D
:10CFB0001F001BF7F5FDC300D900FE1FF3480B004F
:10CFC0000F0031E9D781FA00E000C1FCBCC5FC00CC
:10CFD0001100FD05DDF5D400F400C509EC257D0048
:10CFE000CB00FC14B49BE200D600AFF57FECF80058
:10CFF0000C00EE20CDD1120006001FE53C360000EB
:10D00000000000000000EC00ED00DFF309AEB60008
:10D01000080002FA300AD5001000F6F5EA351300D0
:10D020001E000CF014FBAD00E200870C4F1CFE004C
:10D03000F300330D0D245E00FC00FDE8D903E3008E
:10D040007F0024E0DBAF1300FE0000FEC0F4DB0035
:10D05000CD00ECD83B2ED700EE00ED7F3B26CE0076
:10D06000B300024219B508000B00D500AF0D540003
:10D07000EE00EC0934BC4900EE0081162B43D000D1
:10D080000200BC114632000049242D0000D21BF6DC
:10D09000F40EF40000EFF248240A2D000071292F4D
:10D0A0000000000000000000D306C900003D0D187C
:10D0B0000DFECE000010F716F400CA000010311665
:10D0C000040BE30000EEF02B09BEFC00002D00E095
:10D0D0002C20EB0000B32553E3F3640000F816ABFB
:10D0E00007E80B0000C20FC50000000000000000B0
:10D0F0000000000000000000032F3500007ECA245D
:10D1000013220500002929FD1EEF160000141AB590
:10D110000B75BF000029F51EEFCCE90000CE45924B
:10D12000D206DB0000C139812B0DA20000D5DC47FF
:10D130007FD7DE0000F4FA7CE1E0900000D917030D
:10D14000B9F90C0000BADCF5C6D4720000227BF2FB
:10D15000F63C450000311FE21B07DB00002120E503
:10D16000E3EEB400007F2F3608D78900007639FE41
:10D17000E73A2A0000560532150EB600008A7F0EE7
:10D1800020C45200006D2112FAD4DF0000E435BE45
:10D19000EBDA0A000024EC342AFDF90000E3F5F78D
:10D1A000DF411C00008B18ADE71CD10000CDA10EA3
:10D1B0001E0E27000001E618E6252B0000C7EB0E27
:10D1C00010111400000BF814E1DC0B0000BB120D71
:10D1D0000617E70000E1FBFDD6F74B0000AAEBD2F3
:10D1E0001FDD9D00000BE42DE00525000000F2F896
:10D1F000DCF4BE00000D26DB2302AF00004322D08A
:10D20000000000000000000005E8650000C2FA0A06
:10D210003103DA0000E9E07416010B0000D60EE9D4
:10D2200013EBFE0000DCE807D627CA00006A45F7CA
:10D230002602F3000059F20002101F000004E9EB7F
:10D24000CBC55500000F43671B1F060000FA2CE4F6
:10D25000DCF47F00006D2535EFF15000008A3CDFE3
:10D26000987FCE00003A11FC35F60A0000E6EDF496
:10D27000421FE00000C5F13BDAC9AE00006521386D
:10D280001EEA1B000000D60400D1D3FE1C1800ECDF
:10D2900000CED9D9AB1200D10010B0E13EFD00267E
:10D2A0000000000000000000001B01BB0B7F001607
:10D2B000000F2004120900EB0016FCD4170900FC33
:10D2C0000021481C21F3001800D8CB4B2CDF00FBB9
:10D2D0000004FD0F12E300E50012E4FA6ED600FB35
:10D2E00000EB0EFF102900EE00000000000000001F
:10D2F0000000000000000000001AD0E7435E00EFCD
:10D30000002613D8F8FC00F700EFFE9C0E4F000833
:10D31000001B36B0DCDD00F60003DC1B10C500F797
:10D320000095BC29FB0000FF003D35120A2E00FDD0
:10D3300000590345FEE8000D00D2D3D11D3C000981
:10D3400000BF04DC0ABF000400B5310D69C100183C
:10D35000000F831CD23C0000001911FE331B00F7A4
:10D3600000BCC1EBAF0200F200E3FB36132300EB7D
:10D3700000E9E26DECF600090025EFF01F20001E29
:10D3800000FA0FFEFAEF00EE00CBCA35189C000B36
:10D3900000E18104E906000700EEC8F015E300EAA9
:10D3A00000AD207FEF9200F90010CA360B24001662
:10D3B000001B04E5E80200E600378F12F65100FA80
:10D3C00000ECFB6825F000F200C710FEE5FF00E16D
:10D3D00000CD020DF2E8000100960796FDE500F58C
:10D3E00000ED021CBFFC008100D71949094700E08D
:10D3F00000F1D9D3F32D00EE00C4E6237F3F000CEB
:10D40000000000000000000000FD32C1FBDE00E86B
:10D41000007FAB171F5200F400C7D436D0E0000FD6
:10D4200000342F0EFEF900E500EDD6E9D53000E816
:10D4300000FED4DD2F130010005E9931CE1400F4ED
:10D4400000D91FD5FDEE00E100D52FD4CE08001382
:10D45000001DDB3C0904000700E668A8471B000626
:10D46000003101D5F22900FC0023F602AC2C0002A9
:10D47000002A050DF9770008007309CC293A001637
:10D48000002910F9CE3600FD0000CE816FB20508EC
:10D490009E006C151F022232C400F504ED402F0CD3
:10D4A000B2000000000000000000F3300CF631185C
:10D4B0000D00F8F8E2383208DD00A6EA47F61F1C36
:10D4C000AB0027FA203A1D06FD001C3FC0FFCEBA74
:10D4D000FA00E4F0EFABBF328100A3F9DB0E160CCB
:10D4E000460030F2B9EDE613250000000000000010
:10D4F00000000000000000000000F6C65B03E3DD52
:10D500003B00E80213F1031026004F280E01DB0256
:10D510001800C178F8B81000B600A82EE516D5B0EE
:10D520000900132CD9E0C8211300EBC1EB1614F647
:10D530001F00642533417FDFB40007F1CE22E7EFFF
:10D5400044000EE3D9F80FDEBD00819CEDE61B7FA1
:10D55000D3002CEB05B5CEE4F1001BE43D0282F6CE
:10D56000AC002147ECEE2EDE25003008C9F822EC95
:10D57000F800AEF2B78609D96F00CBFD16D4C415FA
:10D5800036001839273029BEEB00CEF6B7C638A6CC
:10D590004200DD38B1203B364A001635F7E2EE1680
:10D5A0001900F3FC31CF3FFF440006F205020710DB
:10D5B0005D000DD7FC262A15D900111B3CEDE1C6F4
:10D5C000EB00D0F37F7F3EDA27003CF2E2E506E98C
:10D5D0001900E12BDAE50406DC001508F611E5BCBC
:10D5E000D0002E06C7F0D3051A00F81406EB19DF99
:10D5F0007D006600FEEDE4B287006B2EEFD7C9DD3B
:10D60000FE000000000000000000B7F3264D0A36BF
:10D610002400D41F0BB200312B00BB6FFBDFE510E1
:10D62000360002D3EDD61CD8D0000A0ADFC9F1F6C5
:10D630004D001933061C13FBDD0000122E200508D7
:10D64000EF0045E2A00C1B422C00DB2035D9E4564C
:10D65000A500FBEF0FEFDBBF2F0030DE6C19078654
:10D66000D1000437D9420CF0FF005CE90724E29AAC
:10D6700006001AF05FE3C8D5E800D310D619137579
:10D68000920043E2FBEB2F1E2700E110C7D12322BB
:10D690000004FD01E8D836110017F1C79081BD2DB7
:10D6A00000F500000000000000000EF202D602F6B5
:10D6B00000D0291D190BF32F00D11C1ED5E21EDA54
:10D6C00000EA40E30D06DF190016FDD6EEE1D04F6B
:10D6D000005A1BDEE07BBBAF009BBD1FE3B5E1E75B
:10D6E000004EEEF02DE84EF7002C00000000000088
:10D6F00000000000000000000000F6E40E1D18DA33
:10D70000007910F93A45E211000A0F3BDEF40827D0
:10D710000012F61003CB44F50018D627F2FA91A3B5
:10D72000000B1B3C1E3300D9007F05DEEA3ADBA666
:10D7300000AAD505F1F92B4F00E9CC5FA93959AA08
:10D74000002122CADFBCD82100D801381AC8D881EC
:10D7500000DCECF306C3F72B00CFD2D9EEFD1306A5
:10D7600000F67FF8ED66C00800F0E98EB8BE7F8E47
:10D7700000F3F34AD5139DD9002E19C0384A4F350E
:10D780000030320E2E41FC2300FAD80FF815F87045
:10D79000004663002A1FC4EB00D21D81206C0445A3
:10D7A0000011FCB7FBF5EEC80050F940D0BD1126C2
:10D7B000001102FD052EED3400FC07102C090BBFF3
:10D7C00000C956EF16061B7B000D33E717DC3C1033
:10D7D000009C02FBE6D1ED0A00FF342C0DAEB4F73D
:10D7E00000DF270D0739291200DC2A1A06DF0D6E2B
:10D7F0000039EAF0D1E02B340049070FEF0202CDE7
:10D80000006100000000000000004842B8EFC71AA5
:10D8100000D9E01A007D0F0F001BEF281412F90148
:10D8200000E4E12A132AE30600281616FAF32DF67F
:10D830000048F7011232FA30001E0530FE1ED824CF
:10D84000001CDD34DEEEDE900096FBA2EFDDF11E63
:10D85000000EC2FBC4DB522B00F3CA573AD9A537DE
:10D8600000D0FC427F3DA7B00011FAFDDE36F8FA89
:10D8700000DA9EEE49EFEE7100F0C309F131EBB42E
:10D8800000B5F9E1DCD102FC00D300001200002D4C
:10D8900028011900D60000FE42410F008100002E31
:10D8A000B318BC000000000000000000FB0000DC1A
:10D8B0000717D100E80000FCD8E6F100F40000D919
:10D8C000E747F000DE00002305F2FF00480000F506
:10D8D000EBF16E003A0000EE28180D00C0000025A4
:10D8E000CFF81C000E0000D7DBF06C000000000039
:10D8F000000000000000000000000000BB00001558
:10D90000300CDD00C900000D4D300F00EB000006AB
:10D910000F26F800C70000F5BBD23B00E500003041
:10D92000C22FDA000D000005D3FB09000D00009C9A
:10D930001BF90300040000E50EEDFE002100003499
:10D940000726E3002B00001EFE0CC1001E00007F16
:10D95000F07FEF001F0000E7E0BE7B00D10000F782
:10D96000FC1FF300EB0000D6F710EA00930000F173
:10D97000FAE4D900C6000044E8C2FA00E30000EB74
:10D980003D19F200E200000512EA53004F000006C4
:10D99000BD1F1800F2000007D1E7E600C800001B19
:10D9A000F231D9001E0000F881B47F00CC0000EEF7
:10D9B000F1C10D00FE00002B1905E900090000FA75
:10D9C000F3D9F2004D0000F5F2EB19001B0000DA6C
:10D9D000B7F55000070000F511E0F700370000ED43
:10D9E000EC188800180000F803020B002C0000B5AA
:10D9F000171D0700420000D23232E5000800002562
:10DA0000EB23B90000000000000000004D000018EA
:10DA1000D522E300E800001D0DD70A00130000F531
:10DA20007936CB00FA00003B1EEE0700F800000A32
:10DA3000222E2000F100000E221B2500030000E62C
:10DA400024F807001300003ACDEC9400DB0000CF6F
:10DA50001220DE005000009E06EDED00B60000151D
:10DA6000DD104300F50000D904CAA4004000000EF8
:10DA7000E514200017000009F444BF00D20000366E
:10DA800017D8DF00E30000D6EC090E0000DF2809FC
:10DA9000D4DB00B800FD27ED1E0F001600FBDEBE34
:10DAA00037FA00F3000000000000000000F4150247
:10DAB000FFF400DA002DE81A1A3B001600EE2AC225
:10DAC000F9EB001100FC10F8EF0000C60005D9A624
:10DAD0000DDF00B600A381EFD8CD00D0000CB4F369
:10DAE000DC1F00D60004CFE9F3BC000C00000000EE
:10DAF00000000000000000000000000000BCBAF2BE
:10DB0000017F000F0025D1BB13F800D400AE1C9894
:10DB1000F02600E700070FFAFB16001E008ECED29B
:10DB2000F3F30016000BCEFDF2E200810069A52997
:10DB30004CB60026002238F20807001100E921C483
:10DB4000C71D00C100BF25EBF0D6002E00BFEB5271
:10DB5000DBC100430018C61E2E05002700EF3C7FE6
:10DB60000D2E00F0003320D322C2002300571626CA
:10DB7000FDDE003100B8DEE10DDE00DD00F2F1185F
:10DB8000EE0700BA000CFD012B1000FB004FEF4C1C
:10DB90001AB900DC00F7D3DE0BDD003C001F0E5885
:10DBA0000FF3004400701B23ADCB00FE00DEE3E961
:10DBB000FE56001400F7000EE7ED00E8008E1BE4AF
:10DBC000093A004D000856A9EECB003D00F9DFE50B
:10DBD000EB0000D5000BEA3506FB00E600AD37CDC3
:10DBE000F9C600E600DCF71B1F2800E8004AF5C76D
:10DBF000FB0F002600E234031DC500A700313735B6
:10DC0000D812000C00000000000000000024BB122D
:10DC100044F3002600FED5E70AB600EA00BD01EF96
:10DC20001A2100E60026EFEDDAF500BC0002CBD4A5
:10DC3000E439004D00F1FD0A2307000200FEEF0E5B
:10DC400032FB000A00A7BF5ADD1200D400D2245ACA
:10DC50002E1C00EF002113B67F02002A003932C8C3
:10DC6000D9F9009600812DE1C41D00FC0011E830B7
:10DC7000E62A00210015690AFA3E004000FBAFCAFF
:10DC8000FE0200FF001DFE29FE1D00F60000EF77DA
:10DC900025D2FCECF52E0E2B0408C7EC09E7FD009D
:10DCA000FAE8E0B1E7320000000000000000E3CC39
:10DCB000E1071CFF2B6CEB07DE20F3000C2FD5FED9
:10DCC00014E4DBF3F3D11B3AF013F71AFAF52474DA
:10DCD00012CDEBF31FC6C9DD295CFF2CCDD840EF78
:10DCE0000EB40208E3812508F9BB06E2E3E900006F
:10DCF00000000000000000000000000000002213EF
:10DD0000BD473F0DBF5D15BFF32A3DFC2430121EF9
:10DD10006BE70CC409BB2CE70110EBF2DB46B9073B
:10DD200002817FE8EE20D1BFFE8CDFC71D22F5F413
:10DD30000762400DF41D02C707272640C41DF8F2F4
:10DD400005B533C5EA350EF624CE1E102A10AE39BD
:10DD500033CBB803E2A3BCE015D20254F6F1095468
:10DD6000F80512FD09D32FD00665040D7FE8C78E94
:10DD700081DFFB04DD321081FE490CEB102D1129EF
:10DD80001A0AF15B1ECAEEDDE5062F6305F1BEEE51
:10DD9000EAB0D00F0C2516C9AF3718E7F5E66801D1
:10DDA000132EF2E4E3E17BCCEFAACF4A13032494D1
:10DDB000F7FA1A3115120D0AF7F6062DCCF3EAFB25
:10DDC000FDD259ECECF5003E2113FD71ED48F3B0A6
:10DDD000EFC8F7FBF4B80BED0810F402FB33B4D036
:10DDE000F70121122AD6E732025E687FE6DB572F61
:10DDF0000D111E17EB2B0039FAFE2AF01424F7B090
:10DE0000DBA4DB04D1470000000000000000E5BDFA
:10DE10002B28D8F3099C54581C2A51ED78271B183D
:10DE200047EBF4FC2FD3ECDA3605FB000530E5F5C3
:10DE300003F29FE6FDF3E2F1DD312725BC30EB086C
:10DE4000093B172306147FAF2FF5E59520E202F872
:10DE500019149C49E1F5BA54D82045E0FCEE0611AE
:10DE6000F9CCE4E4182932DBD3F14AF213DD29DAE4
:10DE70000806EFD1C5BD041EEF1F0244A6F298D6D6
:10DE8000F11010042DBE1E32E6DE08C6062134BF96
:10DE9000F1F004B71AD6D4211C0A05E716E8D4CC51
:10DEA000E51E58F4C7F1000000000000000000EF7C
:10DEB000DD1AD142D2401BBD4D112D35EDE9F3D114
:10DEC000E6E41CE3E70E23E11AE3FB02E5F3C92CC9
:10DED00029EF02DBD40239AA0C2CBE1C2DA2E9EFDB
:10DEE000A5F4B412C5F6181001EDE4DAE5CA000095
:10DEF00000000000000000000000000000004DF5E0
:10DF00000D9CB90606BDF50DD3003F25F7F0FE398F
:10DF1000B62213B0E441D2790DF304DCDA1BD3EA64
:10DF200017EBCA08BA42D93CBEBEE1CBC1D504AAA0
:10DF300056537F21E33BC8EAE41F4FF103D7EA2D94
:10DF4000E805E543DC24DEC55FF8EBD0E77F2E4D26
:10DF50004B1CDBF90D17CB17C90CBF2C25B8118F43
:10DF6000E0CFE0EC0C2DBA6E2FDC201B1A0F089FBF
:10DF7000E4A920C7C9C00B9449E4C2F7FFD57F2AA2
:10DF8000D11704E327D1092D03EC7DF6CBF9CB6C37
:10DF900011CC4D0EFCA716102C0337FB2C25F35586
:10DFA000BAFF08FC096DE68D11ADAC6F99D30BEA91
:10DFB000D5E2E2211A4525F6FCCFF9F3401D44567F
:10DFC00023DEC0ED50203118BBEED42A4A4DC418D0
:10DFD000E7BB10C306950D051ACC0002E7F9E5373B
:10DFE0000A2CCFFA1343F928CEBD472C33EAEF2D84
:10DFF000001FD51A44091D18C9D02B81A50BA5B344
:10E00000E8C18C04C3F60000000000000000EE34FC
:10E01000E57F4C0CF5397F07D9D8350062CBC43386
:10E02000214F0123302E1B0CFBE92AFC01F7265857
:10E03000A4E29D1107EFECEDE2DCE720104328FAA3
:10E040002BF40DFBEA2CEF237F6CA6A6D80FECF483
:10E0500031090BCC0F25F8AFEBE3381900CBF08179
:10E06000D803056681E82C5D5DD990100A3A3E1010
:10E07000DF72320A0AF805C5F8C1CE0732D97693A5
:10E08000CB4260D6B8DAEBE912FFCEF907C0000048
:10E090000A48044406F5DC9A193743E8231A17ADF9
:10E0A0001FD959FE050D315BCB10E4E1EC06133F9F
:10E0B0006AE40A7FE7DB5C70CBB02151C9D96164A7
:10E0C0000000000000000000000000000000000050
:10E0D0003114D249CFFA07EFCE622322D7FEF5D80A
:10E0E000DB01EA421B0C1561F3DB7C2CC5E8DF0F7A
:10E0F0000DF8A75311C0190F2FE4321A51432918F4
:10E10000DC40FC68FFD9EEC9C8BE220D0C2C8D097D
:10E110000EC0FADD15EC0CE1E8F226100B1B0ED652
:10E1200052060BB01FC62BABC3D42B001D1016DA42
:10E130002EF72642E4322AED0826F82BFA27F92496
:10E14000CB8500C8E238061EFF0A06E2DF7FFC1816
:10E1500000000000000000000000000000000000BF
:10E1600000000000000000000000000000000000AF
:10E17000E9404A20DDD913372B222D1A153BF7FF32
:10E1800013C527C71331250DBF1C2B34FF18F27F91
:10E1900031FADE0498F5DB1902F714DFFBDCF11A23
:10E1A000D81A3C160A2D11F21C055034AB36D83063
:10E1B000CA92B6F40DBFC5BDCBEDE8C184092FF3FB
:10E1C000000000000000000000000000000000004F
:10E1D000EAEE1307081DD0E925271FED080B0CF602
:10E1E000A8F56A4BD723D3C160A71142239B7FD9DF
:10E1F00005D4AFB9DF5F2716AF1733AEF250ED2469
:10E200000204CC0D7FE513C90A143C06E438C0C7EC
:10E21000F7E61403E71EDCDFFE1852FBDBE4F21B1B
:10E22000C0F31EE00E11FA35FEF8BE1F39D0EA2207
:10E23000BA4181E904FAFDCA15D21C131705A42AB4
:10E24000A4E70F13F31C38001C14D2F59616000532
:10E2500000000000000000000000000000000000BE
:10E2600000000000000000000000000000000000AE
:10E27000EEDE5BF53606D02326DB0111E22CCE293B
:10E2800016BA14FD4CA5D0F12F0805E80C160C1C8D
:10E29000E4F1D6364CD228E1040419DED710453912
:10E2A0002F64DAC5252F267B3C183E157FB6F5FD79
:10E2B000F966B21630BB16E74DFCD626D41DCEEA61
:10E2C000000000000000000000000000000000004E
:10E2D00016F818D214DAFADFDE08E8BEF90006C232
:10E2E0007A2808340B14DACF20F4B508E8080C4C6F
:10E2F000E9D9B2A7140F13BBE63243B4BD26E1013E
:10E30000E0071700C5E7F2FF0CE106573C08F93DAE
:10E31000F4EAFFE6EE01FB23CB1809CECEE713C1EA
:10E320000BE1145F7AC7ED5023D7197FF5D7CA5593
:10E330000A14FA36E908F62911EE11203FF008E137
:10E3400045EE40001A152BE4D21E19F8DCD605FF65
:10E3500000000000000000000000000000000000BD
:10E3600000000000000000000000000000000000AD
:10E370001210F3E201F2DD403AF30DB17FF2E358FF
:10E380000A2B15E4F5ECD6FFF11616415FDDBE4C05
:10E39000C8D4DF08EE2CE5107F051FE903E914E976
:10E3A0002457FBFFDC45EA64E18915047042F12B38
:10E3B000040CB90D1C6F174EE07E6D04B945CDB944
:10E3C000000000000000000000000000000000004D
:10E3D0001DCD13A4DD28287F11F8CCED2B0B1112D5
:10E3E0002F2638EC23F24BE122F9B6BBEB2FE2F4F7
:10E3F0007F0A32CB74F943C08450281BF9F22216ED
:10E40000E03143DE1F1F2691032729CD35CD0AE0D9
:10E41000150631AD7FE647FBE9FBBDD4CEE6DFEA6A
:10E42000F51B20DD46E94F3614B0DAE5300C0E62FC
:10E430001A2FC0081A1F20F0E2C4AAEF0ACEE43255
:10E44000EDF0196C23D5F3FF01FCF603E8D3352575
:10E4500000000000000000000000000000000000BC
:10E4600000000000000000000000000000000000AC
:10E470004518122B13F7FB1A31F80EE8ECFF02FFD8
:10E480000AF61508F9FA19DD26D92903F03CBCCDA6
:10E49000F446FA0F2A00F6ECD2FAF9EBB808101697
:10E4A0001AFE0B0619F8FA21FBD3D604D5AEF216E4
:10E4B000FD930BC9D0191538FDCEA9C8E0D1EA04E7
:10E4C0002ECC2BD1C11333FC02D979583DD3D2CAFB
:10E4D00057F61CDEF2FBFDD9E1DD2844009944210A
:10E4E00036D501E240EBE50BDFEB341CFD0124EEF9
:10E4F00001FA1A050ECEBEFB3566CDBA165E1B1D9F
:10E5000013E532D8033A2BF5EFB7DDFEFCFD0ECF55
:10E5100015E3D614010A35BC22F0F50DC12A0FF41B
:10E5200009F84919F50FFDED0C24EC3AEF17F5E366
:10E530001627AD2C23BD1FFD47012A2C3E106D5719
:10E54000BEB822260978420E1303F90BE6D7EA0873
:10E5500019FC10D2B97FD1CD4B2F1211EB2CE13128
:10E5600006AF34F0177FCFFABFEB1F0CEA42E7315A
:10E57000E46902EBE90E6290BCB4E9C0CD1D3B3802
:10E5800011F36357010DF92633F109378AD341FF9F
:10E59000DEC67F05FCFE20EC1F0713F1FA2FE1DC3D
:10E5A000EC81232219563DE30BF09FED17D4E94689
:10E5B0009D04E21AD35734FBE90B2ACEE31900ABD2
:10E5C00045D53730BAD1E1F22A061AD8EC0D81418F
:10E5D000F1E56707E9F8D0231805A2440681FE3764
:10E5E00043CF1AEE09F6BA200E09BB1EBEEA051883
:10E5F000FA051EECBC550748BBFCE8072AF9CB0F0F
:10E6000043F6237D253EE2341678EE1D0A001336CC
:10E61000C7CB1653E30702E304EDF3D9171BEBF561
:10E620001D0ABB1F32C2FBEDE8C702FC5221B41524
:10E630001B3E5F20B79D06D9E52D22F4CD7FC4098E
:10E64000B4E04401C2041DD91EF2072CF81143E3C3
:10E650001201E1344E021A2C1830D2EB140C211E98
:10E66000B6C0E20FE222E1D917D846FFDB03E8117A
:10E6700024B97FDEF71516B600F5F55DC90C50F725
:10E68000FCEB81EA99FCFACE10DDF40CB6CCDF0786
:10E69000DA0B2AE620FB0815D81FA6F2FCDE04EAF6
:10E6A000E4DD2DD2E3D6FD340BF7A9FB0624E037D9
:10E6B000FE05FDBABAF1042514A34C2021FDF42275
:10E6C00045E013F12AD9E012DC0F50CEDFE132E44D
:10E6D000CD462AFF1EE9E4CCED54BCFBA7DBC01FEE
:10E6E0001461DF02E6F1FDCDEE3E0727B804E7F93D
:10E6F00043F014814722D9DF16FBE4FEDC23F2BE8F
:10E700002FF53BB314DE23F32C36D381F1FC07063F
:10E71000F3F73E7FFF0AFC3C0B0A26DAE7CD28D050
:10E72000F6EB27680DF50B5417DF77816B081CCECD
:10E73000EBCD4E07F1CB720621EC5BEFF8D1CE5753
:10E740003819EDAAC8FF19AA4514CB2DDEF47FFABB
:10E7500000D2C83D0B23D4190E1C100EED0142321D
:10E76000F80DFBE81611F30A0B28E50503162E5DDC
:10E77000F6F4F95EB8039E1ABFE65955F7D8D815D6
:10E78000122A3B2134F91604CC05BC00AF02A8D7ED
:10E79000F2FDE3CFF9F5F5DDE2DB22F9132F1A19CB
:10E7A0000DFC3A0A1F141C1CD6111B282306DC077B
:10E7B0002354C3203113D1FD3B100004F908F27F2C
:10E7C00059F92BC537CE0211FF0152B5EEC2FD112A
:10E7D000EA2B22CF221B16DFEF1C53FE4237F439FF
:10E7E000E52C11047FEAF1E3F435002D091EFADD72
:10E7F00027D3E82806D5F13026F8E17715D02CE8A4
:10E8000006DA0CE7CB2B14BB1B2328B34BF8C451FF
:10E8100012ECE8F5130D1C2204F1E8D306D816E734
:10E8200000D9E4FAED18CC3BBA03289B300EE2EA9B
:10E83000A1E60811461720F9CDE211249BB83B361A
:10E840003EF4D5E8EB1EFFDED807F342B6E306E15F
:10E85000091ADF23E103B5FE001C00476ECF440315
:10E8600056EB2FEB0B0910D20A07DF2402F6FBC38D
:10E87000C102135D1F323F486C9C27201A3E2C6852
:10E880008BE000B3C913F20425D140FFA402CEFAF5
:10E890001E9A36DE3BF7D0EAA69C81EBD7132BEE0F
:10E8A00042D5F3D200311704D60A03DF21A6EFFCCC
:10E8B000DB05DEE3F4137FAEC85CF9F94916231AD1
:10E8C000343CE8DE580DA805C0CACB04CFC50231E0
:10E8D000FFE00D0BEBF90205FDFC1E24B1C9F508A4
:10E8E000257F092CF72BEEF9060C41DFF048F8FEE6
:10E8F000CA2BCF3F7DD4030D1FAC1A1AB2A9CCE2AC
:10E90000350AF5FD2B0CF8D6DF0450C82C2704E996
:10E91000FFDD5E028160E4EF244640C9397F2E4F5F
:10E92000FAFF03F6E7240D1138F7404BE2F2606E70
:10E93000D8161C17BB0CEAFA3503E6D62D0D0CFAD7
:10E94000F4280BF12504CBFBF715E2E900EFF618EC
:10E95000F0F0E807DFDDF526D6FBE2E9BA13202761
:10E9600002EB1EDA06211FE8E2FDF226EAC0CEC560
:10E970000D0DDD69F5D556D7419AEA02DBCA1FA312
:10E980000000000000000000000000000000000087
:10E99000D6D719E9FAC836ECD2C9A000FAF13E1070
:10E9A0003BB43D21BED4EB2113F4F9BDD6C4F12014
:10E9B0005AFD07FCC6F0F910012C0CCCE40D3ADB33
:10E9C0008EF120C02DB7FDFBB0F95AB61A7F02B602
:10E9D000561E0BFEE5BB24F9D6DC13E738BB060256
:10E9E0005A27C2F6ECFFEF250E1909DDBC0FF727F9
:10E9F00035361DC1B7A273CBCD1F48619BE7F848E0
:10EA000050161DEDB6E70D3F3402BBCDCF16D13DFC
:10EA1000AEFE1C4FE234B3EA37FD31FBE0B9DD5EF8
:10EA2000FA2C03040BF13C0EF7187F1FEEAEFF2CFF
:10EA30005410FE3F0221DD0EFA25CC3B2181191333
:10EA4000F90801F0F5F000F1F9FEEE297FF71BED72
:10EA5000CAE6D337F8B0EAEA17E5ECEC1AF3E0CAF5
:10EA6000D2F0C6F126DEEB340D0611D10319C41C19
:10EA70000B0921DEB4417FCEDF0909FA1222CD1144
:10EA80000000000000000000000000000000000086
:10EA9000F6262DEEC4C86B1B570819B70A0D19FCD2
:10EAA0004040ECEFE0049C14434581BAF6BD14E409
:10EAB00044DCEDE2FCE3041A2EDDF3C4221AE91C67
:10EAC0008A0D2CEDD52224D0460E9F43F0510CD652
:10EAD00019054B7F14FA5059143219F5F7F336C063
:10EAE00024250E2117CC4DE0EDDA360410D8F023A2
:10EAF000453F66571B817EBA56EFFE07AF2934E2C9
:10EB00004942EB0A1D1381D720FD18CB0811E20002
:10EB1000442106F464F2060845FEEBB5FAF4D4206D
:10EB20000B3ED166F801E00141EF39D75724E9E304
:10EB30000BDE3E200A19EC3303F6CB2710DE20C291
:10EB4000FF0D0A1301160CECF7E9110C01FBD120A3
:10EB5000DEFF13F7EDE17FF2F4D54304DFE6FA07B9
:10EB60000F06F8E31938F13C2F31D0E128CEEFF150
:10EB700008DF12FCEFBDEB44F5F14FC23E3EB0E5BD
:10EB80000000000000000000000000000000000085
:10EB9000DCE62D3DF3661E39D5E9FF0CE9391B256E
:10EBA0004311C9CE32F0310EEA5D2F2FDB0EDBE4CC
:10EBB000E508150C6D1D0013AAFB58EEDEFD061BC3
:10EBC000D11C2ECA26EBFDF6F1FEAF2F3111B82471
:10EBD0002139092B41FBD0FFFCFCF7CA5313200756
:10EBE000211E234EF8FB1C03332D0223F51212ECD9
:10EBF000E8CFF5EFCD13CF3489CA2DD8F83CF4DA3D
:10EC0000FC6B050822FC0AE4D00514D3DEF0E1E435
:10EC10000360FD15FFD39457E45CD52AD91F650521
:10EC200040F2F7EC23CD0F211E16DB09D8EF19F5C2
:10EC300027D3C9DFDA2A48E2CDD6B91918B4DD0DD9
:10EC4000EEEA0118E9F6F6E4FFD0E91CF3D2EEFD96
:10EC5000AEE0BEFBF3F600FBF7F8EEE3E0E432E8EB
:10EC6000577F0BCF29B1DDDCEB2AE01B590AE7F215
:10EC70003FC5581ADB30E91313333FB8DC3412EFC9
:10EC80000000000000000000000000000000000084
:10EC9000F37DA94281C62F13E11B0426F3FD4D002D
:10ECA000466311DBE71D21B494B24CF0E4005155EA
:10ECB000F6C1E2E9B4E2EC001CF7CC267F3C2BD491
:10ECC000EC2ACFE9E5EBEBFFFDD6E70264DEF6B612
:10ECD00018DBF8DC0F0BF405F7D41BF3CA0DFFE2C9
:10ECE000D8EA0B0412EB0318D011EC174025F9CE2B
:10ECF0005A6ADEAADBF8E9F0E5C27A29FD017FF065
:10ED0000DC2EFDBB282615124A43A6320D1C291203
:10ED1000CA45F4FEF801EEFF5A01540E01EDD63358
:10ED2000ECD8F6542F04212A399AFDF9C9E0BEBB6C
:10ED30002DEF9F32001DE51EF821F7E9CDFC04D52B
:10ED40004D0FD0C7BD3A436FDD1F9FBEDE29ED4199
:10ED500002B3DE0F4D3F243A3D23E3D473FDEEFDB5
:10ED6000200234BE424CE12CC2EA5CFE4831141E43
:10ED7000670B290439EDE63BACC1E75046C5362C9C
:10ED80001CB102091318F9D2120609181F24010533
:10ED9000C1FA1FE2DBE2D224B112E92C5816EE02CE
:10EDA0000CC7C4D7E0A507F256F2AD5216C6D21B67
:10EDB000031FE210E8FAD35D08F9A826F3C4F1FDB9
:10EDC000D5B854A1EF433B3CEC0849F0122D4AD78B
:10EDD00002DF354016F2E91B141FEFECF844FD0F7B
:10EDE0001CCF7FACF83A52E414BA0F1012BD2706BC
:10EDF000F0C8F3E30FE4E813F3F14B48F89807FE8B
:10EE00000C2ECEFBF5BDBC0BBD22DFFA3515FF374E
:10EE10004C7F7EE7C32E453FF5EB47160CA94ADC35
:10EE2000111011DC173222E9C9D6FF3AC64919F090
:10EE3000130FF4247F1DF424033DDF08024DFAF57F
:10EE4000EFF616397309EC1A37EFC8A7FEA926F7B3
:10EE50007F44FE5E1210A166DD04FB0915255107F3
:10EE60005E86E9140DE881391C7FE7E8D4EC9F2029
:10EE70000595BA12C0B3E7EB09033DEE2C891233B6
:10EE8000DA08F64D0A0A441114FCB8DAF0FB343201
:10EE9000F1C7D3F5A4E30D0F15EA47901753EB72B2
:10EEA0006819F614EEB8EAD61E21F7AB0EE3EE0DA4
:10EEB000F1CCE134CE49ADC508DE1814871904EC55
:10EEC000101CDED5CA3BBD2D183781346ADEE1F156
:10EED0001B1D270102F17FE51718ECE1C2F62BE7B5
:10EEE000EBDB66FCD8FCBAFDC9ECE6F01AFFEB7967
:10EEF00022F828E73615A1CCF53C1D15DBC9592FA2
:10EF000004F1655AC06660F74C27BDBF035A0EDE98
:10EF10001328BA3AD7F6123154EEC9C2A52BF735E9
:10EF2000E905F5EFC3FE7F12190AF8EC3C24E8D797
:10EF3000EFFED7F141E1123CBEFC080BFCE0FE47BE
:10EF4000E1F9F50881F0B2191305E8E92ED3F9EBE0
:10EF50002CE9B350D20CEDF6040138EDA83924A306
:10EF60001CEC9E0145518A52CF0C45DAABD3B55902
:10EF700011FCFD144AC4F42A8157E56AB4A1D53EB8
:10EF80002E08F47FE2F4492EED26FE551AF01AF30E
:10EF900045DBF50512A8271C56F01022F70F2FBEEF
:10EFA000A4B89B320E5A05FF7FF9D5FE0FF6EF6A23
:10EFB00000E728F515DA080E534E0409F8A20EE80A
:10EFC0001114221D5EF5CFFB98B30EE66510B2EB6F
:10EFD000FD02E502EBEECAFED84D26FB16E0E40E7C
:10EFE00019FE62F2ECE7F725E435C0E61CF01AB929
:10EFF000E01B6BC14F1E212829FEFE0CF1D1011F21
:10F00000F5F2E9CDA32C13E5812E2103F0C9082DDB
:10F01000FBEBEDAFD10D122FA707F04A3BECD590DB
:10F0200015DDD9F129ECDEFBDA23F7C9B715FAF8BB
:10F03000BF02F01AD8F420E51FE7E8077CF1F5C716
:10F040005019CFB502E34DF630DAAC1DE5D4162BDE
:10F05000E8D9C235FBF7C81304F9380BE9F7210AE0
:10F06000013B6A254DDFC7D11E51EB0E3D44DDD972
:10F07000C409B20206C008C92EE4E222F3224622E5
:10F08000082AF5039DD12A221BE4C70EF9E4DC1FF0
:10F090000F00DC00D900F2009600F400BB008100F4
:10F0A0000A00009A00FC00B300B10023008100B206
:10F0B000005100E0F50078007F00710072006000F0
:10F0C00038004200640000F4001500F300EC00EF8B
:10F0D000001A008100A600C70F00E700F5000D0030
:10F0E000BF008100DF00D4009A0000FE00EE001196
:10F0F000001300E900EC008100C600DA300078005F
:10F100004D007F004300300003002100DA000008BA
:10F1100000E6008100E700E500F0009F000E00F22D
:10F12000E9002C001300F7007F002500F0001B0011
:10F1300011000072005C00C90077007F00AC00DFA6
:10F1400000190027F7007F00FE0053005000F50073
:10F15000060013000000000800E200030081000C1C
:10F1600000AC009000CA00DC0800F900B300E60023
:10F1700015000C00EA000B008100000B00DA00F71C
:10F1800000DD009B00090018008100FBE300040083
:10F19000EB001C007F001F00F70037000100000299
:10F1A000007F00F5001900710033001500540005C0
:10F1B000D2002100E700CC00C3008B008100D10009
:10F1C0000F0000F7005D0012004E007F00E7001AFC
:10F1D000003800D60400F80081000200E900B40005
:10F1E000F2001D00E200000500D300E100DB00BEDC
:10F1F0000081001700F200FC0D00DA008B00F8001F
:10F20000F800810004000D00CA000000000700B8EB
:10F2100000FB00F7008100F100010099FA00CA002C
:10F22000A900E500B30081001000F200CE0000103C
:10F2300000E800F400D300BC000E00BB00B8008161
:10F240009600E8000E008800160099008100550025
:10F250009D00002400E40094009E00EF00960081D1
:10F2600000C60096FC0081001B00F300E3003400A0
:10F2700086001300F80000FA000000DB002C0045B7
:10F28000007F00C4004F0060BE007F00AC0008009B
:10F2900029001200C800C0005B00000900C0000E79
:10F2A00000D5008100E8000B00100000EE00ED002A
:10F2B000B0002A00E600A600EF00D800810000811F
:10F2C00000F600AD0086004200B80099004200D967
:10F2D000DB003100F0007F00610034004F000C00C3
:10F2E0000B0000D100E4000000DA00EE00A000B442
:10F2F0000081002DD8009A00F8001C008100AF00AA
:10F30000C5009000A9000011007F001100420053C9
:10F3100000F60006000200EC13007F000C0037002E
:10F320004B00E200FA000100F30000D600EA00FE04
:10F3300000C300E500C600DC009C00810800EF006F
:10F34000F4000E00F700B800E700D300810000F4DD
:10F3500000A500AA001A007F007800D000630031E9
:10F360000C00FB0009001F00E600E700C5008E004E
:10F3700081000081004000350084000E002A008BCF
:10F38000008E001D2800EF000E00080082008100A2
:10F39000D5009D00D90000E500090029004B007F41
:10F3A000006D001F001700FEEF00DC000F003B00A7
:10F3B000EF009C00E600B000810000F2001B00F3AB
:10F3C000000800CE000C0098008100DE1B00BC008D
:10F3D000F0000200C0000F0081008600F600000F60
:10F3E00000E000FA00E400E80081000000D100F431
:10F3F0008100E300DE00F400F200FD00E10098006F
:10F40000CF0000810016007300DF002C005400E0E4
:10F4100000FA0002F300AB00FB00C5008100D7003A
:10F420003000A000C20000BF0001007F00110025D5
:10F43000002F003300390027AB00E50034003D0009
:10F440006300650048007F00570000E9001F00F4DA
:10F4500000C2000B0020008100BE00CFCC004100A4
:10F4600053005D007F003E00FF003D00570000128A
:10F4700000810097008200FE00ED00BA00EB00382A
:10F480001100E100FA00FC00EE000D008100B70061
:10F49000F600008100BB00860009002800DE0001A4
:10F4A00000DA00421600EF000A00D100EB00220053
:10F4B0008100D600DF0000F100AE00E10001008114
:10F4C00000DA00F400FE000EF5008100E600A60060
:10F4D000CD00DC00C6002100300000D90057007FBD
:10F4E000000D000100EB002B0048003F81001200DE
:10F4F0000F00B1002C00F600BA00F100B10000FCD2
:10F50000001F00FA001100FC00BC00BE00B9008121
:10F51000A800D20012008100E000E600C200FD0059
:10F520000500002C00DC00C700E300BB00810004E4
:10F5300000E400DA0C001700E4002400CF00AB0068
:10F54000B00081008D0000EB00F800170008008972
:10F55000000300EA008100F2FF00F3008100F800E0
:10F56000F000ED00EF000B00FD0000A700E4001F1D
:10F57000003E007F0031001B003D0002080000003B
:10F58000F600CE00E3000C008100E500030000A4BB
:10F5900000BC00F1005000A9008100FD003B00BD4F
:10F5A000C200FD000C0045007D007F0000002F0020
:10F5B0003600001400E4008100E2000100D300F4F2
:10F5C00000BE000F09003D0001007F0009000E0091
:10F5D0006900FD00DA00001000C50081000A00D9B2
:10F5E00000E900E4001700C7D30013007F00020009
:10F5F000F7001700310051002800000C007F0017B1
:10F600000045005200EE0002000300F00300FD0080
:10F61000FF00FC00FC0003008100D400E1000005B5
:10F6200000EC000B00DF00A4001000DD008100E50D
:10F63000ED002800E5001700CB000200110081005A
:10F64000A100000100FB00D1001600E800C600DFA9
:10F6500000DE0081C7008100080023000A00F800D6
:10F66000F3000E00DF0000F7000600E200060000D5
:10F670000081000900C800988D008100E200A5000B
:10F68000C5000A00F10031000E0000C6004400442D
:10F690000055007F007B002200080023D8001900DD
:10F6A0008E00FF000800A90016008100E000001F86
:10F6B000007F000E0042006300F900FE000A00F621
:10F6C0000E00F700D5000500F2008A00DC000400FF
:10F6D000810000CB008100BB00D100EF001300F2DD
:10F6E00000F700110400D500E900FA008D00810048
:10F6F000E000C100210000D40038007F004D003838
:10F700000008002E005B001709007F000F004E006C
:10F7100061000400150001000100009D00CF00CB36
:10F72000003700DC008100B300BC00CCFD00080005
:10F73000EA001B00E300BE00F900F1008100000DAB
:10F7400000D30081000D001A00D100F0000800FC79
:10F750001700EE00F6009800E400360081009600E5
:10F76000D800004000660023007F006F0006000400
:10F77000001B00E40700040022008100A900CE0065
:10F78000F9009A00D50000E2000E00F800B200ADCA
:10F7900000E60022008100950B0009008100FA00BC
:10F7A0001000AE00E300A700DC000024007F001B77
:10F7B000004D007600E1000400FE00F21F00D800BA
:10F7C0001C000500DF000D008E008100850000C8D0
:10F7D000002100F500BF00C800E30081008E00C3D7
:10F7E000F400FA00E900B800C800FD008100EE0056
:10F7F0001500008100A500B500E700ED00EB002A30
:10F8000000EC00EC16007F0009002D003E00EB002C
:10F81000EF000D00F600001400DA00110000001DDA
:10F8200000EA00DD0081009D7F005F000900BB0051
:10F830008E00AA00E600C1001800004A002800114E
:10F84000007F007100E80022001500EB1C00E500BD
:10F85000FC00F200E200FB00D400FA00810000117D
:10F860000047000A0039007F00F400FF002500EB8C
:10F870001C007F000B004D005000F200F10008005A
:10F880001200001700E700A6000800F8008100EC55
:10F89000002200A781000500E9009400D400ED00DB
:10F8A0009A000400210000AB008100A50009001BA4
:10F8B000002100EA00F4002FF70000000600E70036
:10F8C000D600C500E7008100220000E5008100822B
:10F8D000001800F800E000E50009001514007F00A2
:10F8E00015004C006C00FE001D000900E300001232
:10F8F00000E800E800C7008100FA00E9000400FA0F
:10F900008100E900FA00D2002300FA00140014007C
:10F91000B4000029007F00200033006900EE00EAF7
:10F92000001200EE490096008100CF00B200E40012
:10F930003300C200E8000003008100E500CD009123
:10F9400000DE00FE00E200F0BF00AF0081000B000F
:10F95000C100CF0012000900E40000F8000B001203
:10F9600000BC00E900F2008100A7000CAB00980089
:10F970008100FB001A001800FC00F300030000B037
:10F9800000400069003A00310022003F0032007F51
:10F9900007BED981FB0B02E9E8107FFEF706FDEAFE
:10F9A0000704FED5F7EDFD0181FBF1FE0481EAEECF
:10F9B000F7F60C040CE7BB970CF481FEF08F81B1D5
:10F9C000CA060001FBEF86819CF8FCF9FDFEFD8173
:10F9D000BD0BF6FF090602EB0CE51181FA00ADFF45
:10F9E0000E9707F881FBF3DCE501020B8100EDCFF8
:10F9F000EA0602F4EC05078102F8B0FB81CC198E0F
:10FA00000A04E317DEC5FD07F606EA04A281FD1D20
:10FA1000ADD681E2C0A1ECD981DDFE01FF01FC067B
:10FA200081CDD7FCF50BFF06F1AF0205DDE9FE0243
:10FA3000811581D6D6B402F721F511FBFD0481FDB5
:10FA4000F7DA0FF6FFFF01FEC981F7068B02AF2739
:10FA5000F5812023C4DF810207F5DFF4090102FCF0
:10FA600007FBFEED0E090081811CC1830CF8E0A2AA
:10FA70001D81DD0F03FDFF04FB0007EE07EA05FD16
:10FA8000EBC781E8EDE48CFF2381EDEF81A5D8FA87
:10FA90004603FC13080A9781F1FEE10409EAF8A97C
:10FAA000810CF3EE1108FC0407FF81EA13D6060C63
:10FAB000FE02F706F08100F8DBFCF219A0CF18BEB9
:10FAC000812DF20FEA01F581F30009B4D90681F620
:10FAD00014B313EF81FDF707FB04F3FBFE0ED08197
:10FAE000F703ACE60BC0F9878115D40E0124EF8132
:10FAF00002CCFDFD0406FBF2FB060305EADB02EA8D
:10FB0000817FF92DE30B09170D167FEBA42CAAF0CA
:10FB1000500F3381F2FFEB0CF004F209A6D581F20D
:10FB20001D0C17EADDC58A8100F5F10013F909FD06
:10FB3000F7EA09FD81C4E881DA10CD0701020CF86B
:10FB40000503FC86FF0281E80B81E90B05F000FE4E
:10FB500008F706FD00BEDAFF81A3E91281FA92FAE6
:10FB600008FFF5F706DD0CA10BF381EFFF88CC0948
:10FB700081EC0C2916C906DC81ED08DD03F9FCFADD
:10FB8000FC151FE88A05B18181F3FE9406F5FBF1AF
:10FB900012F60CF890FDF381FA17080AED8DEBF3DD
:10FBA000810A0D04FA0B81F3EED0ED08D81B811603
:10FBB00086D000D78D1943ECE8FDE681E51433814A
:10FBC0009011A4EE3540248105FD03E900FB01D529
:10FBD00002D68109EC06F91AE8F781D508F1EAE5C1
:10FBE000100481BAF5EB3B00F3D901F57FEEF81A6A
:10FBF000F5ED0EF4E807F3EDEA810B01C981B7DFFB
:10FC00000203E30AFE0781F3E8FBD810F72FDBBFFE
:10FC1000BDEE047F24E0EF11819BAAFF02000000EB
:10FC20000114819C0BF5D9D408FC04FD060782F56C
:10FC3000EC81EA9D1BE881E1E41B0702090EFEE866
:10FC400081901BCCEF07248D12D881E931C2DD09E8
:10FC5000F406DD81D49D1C02D5B8D57F07E32915B4
:10FC6000F508EBF80CBCF1DF81CFE18102FDDD0688
:10FC7000F20481A9A5BE5FEC0F37E90008F2E1CDDF
:10FC80000681FE0981FD05BE08FD09FAFAFC81E73F
:10FC90000BF901FD0A0181F20E00F8EB08040402E1
:10FCA000F00EECAAF3059D8109EDDAF2E8810CFF74
:10FCB000B7F481DB02FD040DFCFD06FBF981F90FB1
:10FCC000A8ED0181DB080C9F480A27ED819305050B
:10FCD000FF0907FFE781D8EFFA20FFEF01FDEC55A0
:10FCE000DB81EDA2C6F6F8317FE6FCF5F8A8F21547
:10FCF000A3813014DAF4ED11DDE811F4F0810FEA9C
:10FD000082DEC4EAB5C97F390EEAE7B19681E332F3
:10FD100008F2FFF709E381CA0600C8F4F7F8DBE54B
:10FD200093070781F801EFB381FF0001050DFFD2B2
:10FD3000EDD9D77F3CF3D7DFF781CC01C096CA1E3F
:10FD4000B9F80BE901CFA8FB158181EFF8B70400E2
:10FD50000D11DD8108F9E8FD0205F2FA00819AD45F
:10FD600003EDDFF70BF90E8101F19F05FB1500FC98
:10FD700081FB02E812E2F9F6DEEF81EB079E06F363
:10FD8000F800EE03FDDB01DE81C6AC81D8F21F0C6A
:10FD9000FFCC81C088F107F90206F8F7D581AF0AD8
:10FDA000FEBC0C08810003AFFBFEB2C5F8B3819323
:10FDB00009E9E901F90B81E5DDF541080009F9F0F0
:10FDC00081BCEBF5F70903EC81CE09FA02031AF4C2
:10FDD000F804FEFFE70806BB81D408F0B1FC03ED90
:10FDE00081FD06A3810C07FFF00207FAFCE2008404
:10FDF00002018103F9FB7FD3FD15F8DDD9D7CD8151
:10FE0000A401F7B208011604EC03F509DD02028132
:10FE1000FFB6F58BF2038109FDF47FE4DA2BEE00E7
:10FE20000CBBEB010081EBF8DC08FDAC81060AE4B9
:10FE3000FF1409089B81EAF7F200F9FDF20D0DF3BA
:10FE4000CF0F0681E7DABE81A600010000FF021293
:10FE5000F5DFDD819FF7F288023BBFE2B5A581D4D3
:10FE6000BBCF13D88184959EF2D99181EB04C90749
:10FE7000DE13EC81B083C7FB16F7E3D6068E81DF75
:10FE80000DF9D6FD08E2E60FE9F381FFE6A581BE94
:10FE9000F5C6060509F7FAFB16FBC981B11AD1D4DC
:10FEA0000503EDCBFDD081CBFD07F9FDF00FF1810E
:10FEB000CBFA05ED1506D2FEE981C6FD04F4FBFD83
:10FEC000FCF1C581158102F3D4D2D1DABAF681CB27
:10FED0000CEC04F80FE8F10DECE3FCF20DBA81082C
:10FEE000AFCF81FF099FFCFF08E7EDF308DB0DE2D0
:10FEF0008181BAF80004FD05FFF9010500E781C41E
:10FF000007FCE803A681BAF9FBFCE1E8AACCA4044B
:10FF1000E481082CCD81C3C2D003E2F5F50EF68151
:10FF2000AB04FFF20006F481FF0A02F8FBF3020CB7
:10FF3000D700DB0DFE81F6FA13D4C381FF33ED0F3A
:10FF4000FEF3810009A7F30DB9D20481F10AFB0782
:10FF5000FE08FA04F8811E04E40FC706D1EA812FD7
:10FF600004899314390CACAE81DDFFFA0504F981E4
:10FF7000D0A708E904FA0DF7F1FFFFE8F78103F5D0
:10FF8000FEFFF8B3810BF88401E78F81E2F9EF0DF2
:10FF90000A11E9000101CB05EB81FE1006D811F62C
:10FFA00081B5EBAADB81F21DA219F6B914E3FDEDD0
:10FFB000CB810207A3F9FAFFEF81D800BBD90FFA72
:10FFC0001E7FFFE4EDF9BAC729F203FAF8DB81F2EC
:10FFD0000D0AEEEFF4E781BC0907D603868105F927
:10FFE0000008050D81BAE0FC07F3D6090807E50A09
:10FFF000E3F0810D90B90BDE81C00601080204C355
:02000004710386
:100000001B81F9F8C30408D7FBF3FFCDDE1581F59A
:10001000BDF2098102EBCBFD00EE8104F6E700FCA6
:100020001AFE0505CAFE81F1FDB7E1F10001EA8182
:10003000EAFDE620FE05F5D8E7D38117EDABD3BF87
:10004000EBD5101081AA0381D3E211731DE60719C5
:10005000EEB88104E2FDEC02F71E819AAF5D0C1749
:10006000DED3ECF6E301CBA4BD9C810308EC81D97F
:10007000120AD3F29AD4D78101F98725FFB5FBF391
:100080000DF7E481C1D307F00481010791F0FE81EF
:10009000C7EF177907E21321F71C0181ED14A0DEE9
:1000A00015FAA281090C74E2F42BF7CFF602EAB933
:1000B000E01D81810102D50303FDF3F9D8FCED8138
:1000C0000BF9C4F10E188381F4FBD519EA2117B995
:1000D0000B94140481F2D502F781FFF4FAF50805B8
:1000E0003D75F4E9C8E4CC81DAF60600FA0FF5FBB9
:1000F000DA8105F0810EE70508C7D0EE81F794F2AA
:1001000006C1E2FAC6A381F9FC0A0B02FB81F905DC
:100110000300F906ED0281FB05DE03F809FDF40496
:10012000EEB605F081FF18DA05E9FDD881D0EDE5DE
:10013000FEC7F6F5F6819FC2259DE881E2D5F70C52
:100140000D04ECE906FC08F8E6B9ED8181D9E3F28B
:1001500014E50EE917C30002B803FD81E3F38183C0
:10016000F4E9FF091110D72D7F09FB0705D1FE1512
:10017000F881ACFBFA08080C03E201E9F2EEEE812B
:10018000EB2F81C906EAF7FE1305DC04DA81F304DC
:10019000DD0201E801FD04DB97EDAC81FC00DA81B2
:1001A000FCF3B9F8FEE7F08B810502FBF5F503FCE3
:1001B000F0F781C6DFB2E51F02FFEBFAE781040822
:1001C000EF07FE0381FF06BCFC0E09E3CD810701AA
:1001D000E7FBFA01D809D5FE8116839DAE81B2FEF8
:1001E0000CFFFC05FDFE04F781FD05E1FB05A88180
:1001F00098CA0EFDCFFC038109ECD40007EF02E79B
:10020000FC8103FEF90BFAF7F994EEFF087F00C4B6
:10021000EFF3FC00FF05FDA4F3F78181AB8FEEC483
:1002200006ED04F5BD10F681F5070613FCED81C659
:1002300002FFF505FDEBF9F80481FCFF8DF2018862
:10024000BF0EFFF30200EE810EA981C30509070866
:10025000EFCD819EFEFCFD0602F9E381F505FAF97A
:10026000080305C2F61081FD03E5FCFDF707070F43
:10027000FDA805FC810AE806EE14FEFFCB8111F80B
:10028000FEA9060381FBFF81D501DD04F90DFC0DFC
:100290000B0DEFEB72117F04BD25DD05180ECFB1FC
:1002A0003418E0EBFDD0C87F1D4414D5106DCDD2BD
:1002B000503EDE2CCCE761140759AE0CEE78CED957
:1002C000C7EAB43170510E46214C05B1B2051C1677
:1002D0001917F081258FE10ABCF30B8D97044A7C36
:1002E000EDFE43ECE0B0C81C3821F9CDFAF01C1942
:1002F000130AF90DDDA913003D1F19D1139B18B77F
:10030000C3A406FC15147FF830EFECFDD2171FC410
:1003100023D62032F0E8EABA6C02B40D14D808FEF5
:10032000EDE4E7071D091EE79CF95D23FAC9F60A0B
:100330007FE20BF00905FFFBF117F81F18120DD62D
:100340003E2CE82AFDE238E48A39BD19F1E1FBD7F9
:10035000556773F1AF0FE90722DC00EA4B3695AD24
:1003600064B5003737EA08DB7F1707D5FB11C3995F
:10037000BAFD22DCC32848B8003E8C313B1307C1CC
:10038000EEDD4BCF2F00FE3608F7C100AC0FECC8F6
:10039000D8C9010202F6F201B121EC0FE6BA181A2F
:1003A000EB0CFDF2957CF252F8079599B32F1D6C7A
:1003B000D5C414C7A3DD28D71E6781F5811BE716B6
:1003C0000F2BF0EDEA1AC5CDBB7FDFE9268409C704
:1003D000FA3F1D48B9632AEA341B6AF4F5C5051AC9
:1003E0000A701BE6D738E8CC1D222481E5FCDB39F6
:1003F00009E5C7220C7F08EA0AA0408B16E820E82E
:1004000004F8F31A2EEE01F1FC0F2C0A0BE21C2E5D
:10041000E96666D34EC250220F0612FFCC6981DC1A
:10042000F91FD03DCA15E1EA0AC7061CFDD47FF7C3
:10043000121316F705FEFBE5FDDFCC00F5131EFCDD
:10044000D1D307CF35EA2522D6D5813F1A1BACCFB1
:1004500001867F911E32B16CC260901A09F0C118FA
:10046000B133CDD9F26DEAEEF9E41C9EEEF725E04A
:10047000F0CE06EB1CB3F6F03C9B2ED6CF7F56CACF
:10048000060600D824FCBE2502CC0CE12F257FF8FF
:1004900015561206323F0E1ACB1ED5CE5B55E2FD25
:1004A0003AF31505EA07E5E4070108001405F5E24B
:1004B0000C03F8EB35391BEDCB0AD61B7FE8E12A9C
:1004C0000C0DDACE05FABE4E17421AA2DC7F1CF1E3
:1004D000EE1C07E53C0F58380C1AB1E213E9E2DCD8
:1004E000CF25FFFF2F12000A31221823E9D3300D48
:1004F0007A03073100E2078B1EE3EE0E2381FFB77C
:1005000001DC90CD0D14D701CC0058AAA3F86530BA
:10051000271EE8D7C30B28DFDF16ECEB1DE80AD84F
:1005200023EEE1502237D641DB34E53BFCFA0407E9
:1005300017BAD6F1E1B67F2E1D682EC7E30F2FA99B
:100540006D220BD8CEDB14222413DC11F5F92081A7
:1005500043F3F80768E49407CB70A714CBAB098189
:1005600013CBE3F61FB80E014429E3EC0305DACB05
:10057000C13E22F50B02F3F21CE9C3F72467D4DB7A
:100580002CFCE9F6BAC6F34AD418D0C6A512B4D7E3
:100590002C19FCBFD2EF371B81223267DAFBD5D38F
:1005A000267F06EDE8FE111E22230435211003F3F9
:1005B000FD0DD807FC0E7B44FCD3462CF5010DCF76
:1005C000F9360516CB0DD20C3C4408F35C080D45FA
:1005D00013D79115E7F61EAF8E182E7FD41CEEEDC3
:1005E00039C7370D2A080FE9ED4C42C0A37C814B77
:1005F0003ECBF8EF0811501E4EAED226D34AAAF4D5
:10060000FE2E810BBEE5FA4FC3AABC885DE6FB0D4A
:100610000820811E1FC56CD71DBC30DDFFE8DD261C
:1006200030DABA1ED9BBA8D5D83AF00EA17F11E6B0
:1006300013F50F2A0726ABB5DC111EE32587D71D5E
:100640000B18250E05E516D9FCF4E9F3F50DE2FDCE
:1006500020E5E9DFBEA5F4BFF9CC06531646141514
:10066000AEFAFBFC20060CBC7F1D16E41ED75453CB
:10067000F9B3E10BE200FD3600F90312D87F30DA5E
:10068000B5F241FF935FFEB5E293933E7F1B47CEE9
:100690000EEA06104B400213B6230C27670AE0F05F
:1006A00030FAD6FC81C454FB1EA9EE269FB90C2952
:1006B00011302D221A0DF9CE16E70135411A41DA13
:1006C000E83B2303022423D339D809360C98FD1FB5
:1006D0007FF1F6CCF52B550E0E06E7EDDDFF13DAB4
:1006E000CD5A23D4A8A5813455B50DD21611EB00EF
:1006F0000798002BED12BED2E2F297FBD0EC070870
:10070000DC0827FA10E506038804F42BE2B315325F
:10071000D73E02DB0BF237FBFA4B02EA12F9261046
:10072000D7047C0BCE0327161731F91DE401F40022
:1007300017D31237E70FE5A8FBEBBC157F0AF6FCD1
:100740001D0811E4E67F33FFD719EAF6F8150C13FC
:10075000CEEE0D1DD3EEEDD9DCC646593A11E814A4
:100760001C45C116EF20F5F4D0ED237F4EECE8EFE9
:10077000C13DD30BD6F20824FD3600FF0BCB0DF79D
:1007800055ECF11BDB81E4C8C10DC63A157CAF25E1
:10079000E5E233DB010018EE385E13757F1DB434DB
:1007A000D4F064FA201CDCEBFDA6B764E4FDC6BC03
:1007B0006C0105DFF7E42C38F7E3224CD07FF0E33F
:1007C000571A2D14CD03FD3804C1811DC106E498CC
:1007D000C8E6D3FE0E1FE9F3F017D4FDCB201BFDB6
:1007E0007BFB39B5CE1E063226CAFCA427FBB91AFC
:1007F000D26EC6FDB4EE0512112B04FED0EA1781AD
:10080000ECEE3659F23DE5043581EA214EECFAFA78
:1008100010811805FD1E0D08F4051FCCE3E3C4216B
:1008200008FADF0F1081CA222232E2D51B016C27A1
:10083000F103F0FD10FA22D61BD924F11BCE0802D9
:1008400049D8F940EB1CF732E6A1DEC0D731E3E32B
:1008500039E41E4E8CA7F1F87FC5E348E8C77F65F1
:100860002DC3CA080F192702E6C2D3E308E001F737
:100870004CFCD5EDF7E9F22DA311DF7FDC1CC39111
:10088000A9AD170C18ED1002A005A1DBB729483A55
:100890001BFFC6E039D77FD5D3E9113E0F17D1E54D
:1008A0007FF61D09AF4553E60A49EFDEF30115ACAB
:1008B0007FE8F617060121E40C6BBFDD0AC43FA1F7
:1008C00004FD0C634656C325DCEE24256F5FA4C5EA
:1008D00055C1EF35327F31FF2C12F0EFC80D1D8A64
:1008E000FAC46533C5D06B81011AF41421118FC687
:1008F00037835EF7FB9CC6B50AAEFBD45C21FD488E
:10090000222DFBF6FEEBE8862BAE2CEC059319D1DD
:1009100011F2A24520F1BECB1875E6F145EEEDE4EB
:10092000ED1107F61ACDF9E4BCE0F13BC9A71EB9F9
:10093000148188B6FD6D691D3AF7CA14B2EBFCFF4D
:10094000F3BBE634D8FE51A6FDFDAD308DE5F2B621
:10095000E8FEDAD9ACD08144F2E240CBA33E02F407
:100960001CF0FDF1BAB02F0CFDF73F1C2610811FC3
:10097000F7DD38C71CFF03B8E92330EE3757FB3DDE
:10098000F1473BEF1402B303F5DA330649DAF0C25C
:1009900012EF210E10032DF7FFF8E6763503F4056C
:1009A000F9F4F3EA18CB1B0C01E5DBC901EE07F5FE
:1009B000EBD6ACFE12044BD2F4ADCFE20D651002C3
:1009C0006D041307FFEF2423FCAF7FC438BB07F887
:1009D000F2FB28B49EE4132841E186E2D325E0DB54
:1009E000BBBC13706E1B18DDCFE7FF04D79CCFC5CF
:1009F000387F51EAC812A4F1FED67191FCECCD45C6
:100A0000B7E5AE0D0A2F2F070A812091FF01EEE610
:100A100082A233B4E01739ECBDFD12B2CD408C7F19
:100A2000AAF211B02FD5DE160B16F17FF407D916F6
:100A3000DEF299E794CC42A60419324AE72A2C2E1A
:100A40009BAFD7FB48E9D381F142DD3BDE3133D5A3
:100A5000365FF0B5E723AF0B66F858DF180B263882
:100A6000A9D9FCDE19E20A603414E204DC00E612C3
:100A7000ECD724021484142E405C81282715FFEA49
:100A80003523DFEC0AD8FB31F881CA33164074F203
:100A9000E8007F007800B40039006300B300E00094
:100AA000050000BB008A00D3008100DE0017008B28
:100AB00000DF004573000500C00079006D001200E2
:100AC00020007F004F00008100A0009D00AF008645
:100AD000003200E200F80009F50039003E0058003D
:100AE0007F005B0051005A001B0000F000810015E0
:100AF0000090003A00520093005E0007EE00EB0009
:100B000004000300380055008100CA00090000F706
:100B1000001F00810047002400B8002F00EE00C62F
:100B20000000B9008100EF00B500CF00EB0093009A
:100B3000BB000065007F0043004B00710022000EE7
:100B400000240025340023002F005E007F003A00BF
:100B500055007A00260000E800DD00D7008800B6C6
:100B600000B400C5008100819600000030008100C3
:100B7000BC000400D8003700B400000500DD00A16F
:100B800000E0002A00DD0014008100C75300670068
:100B9000420048007F00350009001A00060000A34B
:100BA000003A007F00AF00E7005F0001009C0012E8
:100BB000A70081009E00B7008E00D7009E00840031
:100BC000E3000027007B007F0027005B005600F554
:100BD00000F9001E53003A00020072007F00570027
:100BE0003E006D007B00002100F300C500B40094BE
:100BF00000810097008E00AD2E005D00360052008F
:100C00007F0044002900490030000038007B003795
:100C1000005F007F0020002B00130004F1002C0077
:100C2000370050007E00470060007F00430000480E
:100C30000068003F0066007F003A0014001400F6D0
:100C40002B004E00320045007F004000280040008D
:100C50002F00008F00DE003200B80049007F00EF57
:100C60000067006D42001C00ED007F006E00F50083
:100C70001F003F00150000FA00180013001500685F
:100C8000007F0018003F004BC2008100AC00B100A3
:100C90008200A500EF00DF000B00002B00430018CE
:100CA0000067007F0049005E005B002A18007400A6
:100CB0003E005B007F0044002D003C001A00000E47
:100CC00000440047009800CE002F00CC008100B007
:100CD00067007F00010017001800AC00E100E7008A
:100CE000B300003300260081004E005E008D002F0F
:100CF000003E00FCE100F20007007F0072002C00C3
:100D000071006F002E0000360022000A0063007F91
:100D10000016003B005E00108100060015009B00DD
:100D20001B00FF00B20027000200002C00510053FE
:100D3000008100A60005002A000000EEA500A30027
:100D400003008100D90036008C00E400010000633C
:100D5000007F00430039004C002300FA0005001515
:100D6000D200C500B800F600AA008A001600CD0027
:100D70008100007F00F700E100CC003400F500F8AE
:100D800000C2009065005900F60071007F00E40089
:100D9000460043000E000059007F006A003F007BC0
:100DA000006D00370059001C9C00B300D800A10062
:100DB0008100E600B5009300DC0000E4008100A79C
:100DC000008F008500C400B500D200F3EA001100D6
:100DD0002F003C007F00520066007D001D0000E9EE
:100DE00000C9000C00F700CB00D700F30081008E93
:100DF000DC00FF000A00980099000300BF0081009A
:100E0000F40000380057003C0062007F00370038D3
:100E1000003700123700EF00810058002B008500DA
:100E20000A0053009E0000D7008100E1005600EF49
:100E30000018006100EB00E3B3008100B200AC00D9
:100E40009100B600C800CC00F900001700E3008153
:100E50000045006E001100CA00FD00E55A001100B7
:100E600081005F00BB009E002B00B800C10000564F
:100E7000007F003E0057006E00400026001600F67E
:100E80007F00520009002800A300CB009900E00079
:100E9000EA00002A00550055009D0024007F0082D2
:100EA000009B000E0F0044005A0042007F007200B9
:100EB0006A006F001A00001A0078006F0035007F8A
:100EC000006E000A001300FFC7009800C300FD0079
:100ED0000900180067007F002D00002B0044002748
:100EE0000036007F003F001E0037001A0F0064002C
:100EF00068003E007F005D0047003A000D00008161
:100F0000009F00D3002700DC00C100510059003AC7
:100F100089E681CD03F8A984C4947F41BE4472E878
:100F2000FE46591CB547FBD0FD810607A8A8C6811F
:100F3000E990C0CC0E117F09EA4FDEEB0ED19C93F5
:100F40007F0C172A76160FDCCC7FFA9A2FBCD21DA5
:100F50003516ADED1AAB9981646BC9561EB8BD81CB
:100F6000BB81C28F25EC961424CA7FF909FDF208D3
:100F70000A0BF3F0303014DE037FDBCDF7C543BC42
:100F8000D831B3EA7FAFD9810D62059BBBCD81B962
:100F9000CE2DBCAA28E1EE7F747ECFE708BF90DE9D
:100FA000ECAE272ABFCB2A7FD6FFD511F79AE111E5
:100FB000B6810D0A3F26CD416BF37F03F481B9CD95
:100FC000921DECF3F3FCEF0CEFE5C58181194F485E
:100FD000F57F0D297649C7F67FFEF4011FCECFC7F6
:100FE000C905F7A000EE810A1400121EF40E7F1D41
:100FF0004D00DDF614E58109A3AAD8226DF2EB229B
:10100000CF81B572067137CBD17F9FEE796DD7E96D
:10101000A10C81CC7ED6CFE8157F37FF55E4F00FC9
:10102000E607F8FF81F8056CD032AC81D969E44F4E
:10103000A1203681D552440BFFEAD172DDCF2B00BF
:1010400081C4C181B1C4CCED4450E9F53FEDCBF290
:10105000E981D1AD9803EE8432EC81C803C3D98E07
:10106000D581AFC70DF8FC5A067F7826796C0A0245
:1010700041C2084DC7CB6B7F5906BD437F1FEF139D
:10108000FAEDA1C1B6788CA27FF1E2FC0D7F2EE5CE
:101090003E2FD581A6BE69C301735F0E9E81F28B80
:1010A000F827BCECEFFE19C7A0811A0D87077F0057
:1010B000EBE8F3F550019AFDFBED25F6097FFD17EE
:1010C000ECD4F2B4097FD1F5507FAA17D3151FBC19
:1010D0002ED9EF81C2081C0DB86136CDD3D1F2C92B
:1010E0009981B486C229DF9FCE93677F5DB510BB1F
:1010F000A9CEA73C9A817FDAB03CD7D6FAFFFD098A
:10110000EE54D2818C334D28C4E6BBB7D8BF81E200
:10111000D007EF07E7BED7810008BC97B081FCD5A8
:101120000C692506810803C51284C5D0C1C0B5A8C5
:10113000D2812B64267F1AC700FB2EEA072AA0E67D
:1011400007006D1935FC7F2AD7C47F029566A2C4BB
:10115000D17F21CF6C0CC916FCAF21CFA30281AF88
:10116000CF0C338C6442CAAC8171FEDF0EF6F407FB
:10117000AA10C78117F301F391090381F108DF2752
:10118000FAF629AF810A124E40D80C05DA7F418168
:101190009DB92656172C1828E40105E399DAE49E38
:1011A000818155E92548C729C9E530814559C301E1
:1011B00039909F27B7EB47B77E81DA62D9E061C1EA
:1011C000B2ED627FD931D0CD7F0FF91C1B0F81C5E5
:1011D0000FCB19F6F0F0DCCB05C2CCDCB181BDB889
:1011E00051B3C57FDAEB54D1EFC7CF01B67FBB0C4B
:1011F000DAC8A1EC2F7FFAF851D19BE37FEA404F88
:10120000BBAA9BDA7F145E201EF5CCE60EAA8107EE
:10121000181DFF54354FFF2B0304EF7F1A0526815D
:1012200025D89DBE01E5BBDF2E01A819F20981CFAB
:101230005CA93933E55A0EE97F17C1E2B181A4ED0B
:10124000C1CFE8EA2654027F20BFABC0120607D008
:10125000DEFF1E577F9BB5CA81A5DE8EB7C503FC96
:10126000F4DB0D0181E5F1169BDBE681171C0E49CD
:10127000EBD1CD155CD37F65E7930B27C4B3B1FEEB
:1012800081A281FE08A5F3DA0AC6FC0B8E267F1325
:10129000DBB6359BE518B2B67FE5D0F72245F3C83B
:1012A000B75FB5DC7B81FDC681F4CAADDA9487DA1D
:1012B0009681479993F0E3FDDAADEF089A22E78132
:1012C000BE7F633C60C1BB47E514B0B785357FE4A2
:1012D000DC22CA2649FCFC814716CB30E539DDD932
:1012E0007FF4B8EF378FE74B0519177BFA810FF3BF
:1012F00006E4FEF9E581F3813D92EE79B9E02BC178
:101300008B81B134DDDB6E52277F5842D489ED6A80
:101310004C6DC9437FDDE2FC1DB698F081F4733A51
:10132000B335F5D681A46CC90A5A85D2CF89F2A209
:101330008184C3DD2EF9DA7F5B0BE8EF0CCF071E4B
:101340007F311CC1EC6D1A3A3B18813BCDE7E7DFDA
:10135000229C8DE7AFE67F35EBC9113EB34345C60E
:1013600081DBE7E49BD239007FF0C123EEF1F37F0C
:10137000065B21EE0C81ECCC4B54F6E2F5E3BCD7D6
:1013800018815D3BC41C19BA0BEFF32BC381E8FE37
:10139000F2F1D7FD1081F6FCC2B995A2456E7FC16E
:1013A000E8EBF3177F8AD65516F966593E3F1C10B5
:1013B000EC8ABE81051966ABE43603027FEC15F5B5
:1013C000B5DA0681BCFE003116EBE7CD557F15D7A7
:1013D000E6A17F3F5B38364681C8815D25564D6466
:1013E0007C7FE8B74235EA0DD7F1D7D181E609EC29
:1013F0000C0BE57F0DF0F2D4DE0D434A811006BCE4
:10140000F2EAF6E1008CAF81C9F7EEF6DD1D090FB7
:10141000D2EACAAAE4D2815BF1E07F0AFEE8030ABD
:10142000A8052A324C4C465B7FFB0A81F505B8F3D0
:1014300006C4C3D8810815D6DEF7FA5C7FEA1DD84A
:10144000DEB61C2B0CF0850EC08101E0E36C2B3E58
:101450007F4230F2EBD2DB00D80C0C83DC0581E458
:1014600081DDF60AF406DF0C8195D2F413EA07EB6E
:1014700011094529147FDB4C58B6E0FED2F5B41EA5
:10148000F4F181E9CE81FE11EBFEF605EE81BF0994
:10149000E914E418E4109381F9CB18EDE7F5384826
:1014A00026233C04D9B4817F6B28D7A8C9F6E0C7AE
:1014B000F41A2CF16219FF7F20A7427FFB263B37ED
:1014C000BFD0247F52E4F923009C9A7F2B1309EEAE
:1014D000FB2BFDF0050BFD06ECF2D881ACB49610A9
:1014E00007157F0126FA14CE03EDF46A01447F81CB
:1014F00017DA8F42CF9D65D18193A5FC19EA0204CA
:10150000F57F137736A2045BFA08D42CE79FD1BE8F
:1015100081E21B7F366736743EDA09E9818703F67C
:10152000FC0511F107EEA2D77F49D6C005DDA8F36F
:1015300043B1B47FFDBF1DC1D417F4DDE7DCDA8110
:10154000D9C481011B4DC5C81BE00E0B14ECBBFBBD
:10155000C681F312D44CF3F37681E7FCF20010FA63
:10156000E781CBF98D948FF60FEBEF138185106532
:101570002D5B814CDC9347C881EE1EA894137EF24C
:10158000E80581A9F4B0B611FAF1AEF81281ED03C5
:1015900093DDEC10E3ECD6F081DC91DE4B277FF39A
:1015A0006D50CD81FA02D1FD00F603FC95F2D724EF
:1015B0007FD6EA119E09E6F41EFF1E166F7F84C4D3
:1015C00021B7FFD58106D7818AB8020C85DE06A136
:1015D000DFEE2C07187F00316C81060184F3E7FAF7
:1015E0000BF049FD9F3F119B7F5A2EF4F424BAFA69
:1015F000F181E3AB372EF6E47F123B33FB81EBC97D
:10160000A60BFCEFEE16741C9464419C7F72B5CA65
:101610000AD381FC10BADDF2F0FB810406EBFBFF7C
:1016200004E60B8109F9BF00E9E6A6B7F9CCCB22A5
:101630002281F7C60EFAD50FE40081F981D4BFF6F6
:10164000E9F7090EFDCB03070ECEFCFDB181F2E0F8
:10165000D8271D077F3F20F20808D70CDB81CD0C6F
:101660007FE87C12F248180A2BD994DD11EF81D85B
:101670001A9CBF3597AD7FBCA616FF81A300A40DB1
:101680001F98DAB22C94AC028131E2AA0781F809E2
:10169000FEFEF3A0FC0505DD8103EC0CEA08FBE58A
:1016A000278C1681FE9CAD1AB48196FDC8A9FD0257
:1016B00012CE1DB912DA81FBB79DD00F81E6F3D9A6
:1016C0000FE506B4FFF681F7FFC30DF9FCDAEFEE84
:1016D0000B1A287F6F2CD33348811A3D961A1F7F2F
:1016E000FBF6F8FAFED9E7810707E4F904C7E3F04F
:1016F000677F7B465B54FBFBD0382E7F2821FECAD8
:10170000B491C50BE581F8DBA3E92281CECD0D1B99
:101710009BF7EAC3EBC8F100E7EC507F1F89FDE9B6
:10172000AB13E9CD7F590AB6E8EE1781EFDEE0464C
:10173000F90331B51E7FE46E81C4C01906B80600F6
:10174000A37F46480DEC06EC0E400D00F7F2D912CF
:10175000B8819E25FA81D9C3C5E5FD1181EEB9F3A3
:1017600014DCDDDC14F10CDC06EC81070E8D0FD1EE
:1017700010CFC604BD81B28114F3D2E7E81900EAA4
:10178000F01FF8C8C0DDC581C7AC00FF9019811CEF
:10179000D5FDEFF4C51081C5FEE1BEFAB38129F392
:1017A0009BE5E8EF8110EFBE1BD59EDEF3EC81A335
:1017B000F6E5FB0F06DE81BFD5E8DB2B11F2CBFD92
:1017C00019ACE0A28111BEE881F91686EFFD050E85
:1017D000ECEA0CFCF0F0C67F37FF0FF6D9911B0541
:1017E000A7D981E93911BA0F5E81B041DD00E51357
:1017F0003233ED167F81941C85C1FED8E4F309EBEA
:10180000F3D614E481E8F87F4702222723D2FDF0C3
:1018100081F0FBF50103FD00EF818C950ADB19FED9
:1018200006A7DAEBC9FD8A811F9881EAFA07070348
:10183000F4FBF381B581BE02060DDEDAE881ACF17E
:10184000F7EF1A0AD0E3AA81D80A01FDF7F1027F67
:101850000E59090FF2C4EAFFE0E609D6F80981CA79
:10186000E3F004F0BA81EE18AFF1E0A23C81B2EDF2
:101870008F9FD3CC0404A08111A226A9F3C181E3D8
:1018800010DAE6040181F306D20506B5FFF77F0AF8
:10189000063D04142F11F3140EFD8281A1DBEF3CF1
:1018A0007F41EB55232424FFDC09DBB20181DC03FB
:1018B000F708DC00010AFC81099DE09C818CB700DF
:1018C0001BA600FB0101D606EFF403E78102FA0D27
:1018D00018FAA4FCC1818181AEDD19C6F115D6E8E4
:1018E000F7F381C508FBE3FE87040281C90C1702E8
:1018F000E2E500000EEFF2ED81069AD3D781BA0D32
:10190000D51409EA7F75097813D7F8FFAD14E0EC18
:10191000C88F1CB781F281F0F1C81700F7DD14B051
:10192000E61791F6E08112140B1E12F9281C027FB3
:10193000F9FB9F12C681F3F715DB81FA0BB1EE02BA
:10194000DCEB8168309B2517BE3121D001BAFE81C6
:101950008109D5C70E0181B3FC1DBDF9EB10D3136E
:10196000DE03D781B40C17E9ACF9BCE581CDD08199
:10197000BEA8ADA3A8FC021914D2A012C8810AD136
:10198000E502038EF2E98124CBB0AB81894088F770
:10199000D0BF1381A6CD06F1B71106C681D402DDF2
:1019A0000205ECFDE28B81A024C2CCEFFDFE08F91C
:1019B000DDF417F0E3D381A3FA0F81F412C4C6D586
:1019C000FC0CF85E17567F5738CA7DEF912995F2C7
:1019D0007F143A3700CD95BECF9B8127FFDEC6C46A
:1019E0003881D0FCF208D810F98104FB9EE41AF388
:1019F000FCAA1BD481B0DA81E696CB0FD4E6F521A0
:101A0000A6D3A8811FA1F707E397810DF6D6DDF1D4
:101A1000218A8194F6C381F32B010FF781D818DC5A
:101A2000FFEBFEFA10ADEED6810BEDCFF60EF9000E
:101A3000F402CD918181D3C90DDC10FBF1F027D8E0
:101A4000BC060788D9068181ADDFC618F3F7F6E634
:101A5000D781C18BDBC10F15FDD4D30D94870BD17A
:101A60008104E69ABB81D8A5ACE532F2F5DA2025EF
:101A7000EE1C7F3BEC06E7D1F11581FEF01DF481F1
:101A8000B8AD97FC1CD00381BA0209DEFFEF09064E
:101A90006F07727F0D5C3DF903B50297F10881076E
:101AA0000203FEEA810CBA06F704E3D681FBD18873
:101AB00000FC11F0819412E2F7C70804EF16D8D1A8
:101AC000F8970AEA81F3A6810D07DDF0F609E2D561
:101AD0000281F4528FEE42C9F9D9EB2DE881E81D5D
:101AE000818203B6EA2916F5A06A23267F00063B09
:101AF000F50C0CB08109E7B8F601EB1E7F0A017204
:101B000040E6FC2BA4B701CEB123A781EAB1F20EC7
:101B1000BBFB0981CEF41D358853009762C881FB59
:101B2000D2BA2409EE11247FD91D67EC157FD6D1D6
:101B300011DAED0C81F4E9DFFDF11A09287F2D0996
:101B4000380F2B14D0A9AADE0D8681F3C2818D2F08
:101B5000B8EEE4215902D381FAE50A010AC8F60F6A
:101B6000E5F6FBCA0DDD81B609F9FBF2090BA4818C
:101B700015D9F7FC81E383DF08FF0C81F6EF13EC46
:101B8000E0FA1B7F3F09F8E41107FE08EB81FBFE3A
:101B9000BEF80DDFE0C2B21A09C804097FC3FF1303
:101BA000D8223F81CC97B1AB2381CFC0C20BFDAF10
:101BB000819B0DE309E2030AD6D981FC18CEFEEF22
:101BC0000409EBF9DFB581FBDF1DA5B415819BABE3
:101BD000E4EC0A3FD6ECBD81B6FA0618397FC26242
:101BE0007E69DEDC082C3636387FFCEFEEE2D1FE73
:101BF0000B81C900C50C01938F112BB9990A81D6AD
:101C0000A781A312B7ADF42116E40FED81E1FDFC2D
:101C1000FE0A06112F7F587C4D5820282DD12D0209
:101C2000812F19A8B5F3FF8A000C81FCF6E80F0498
:101C30009D81DEDFEC13DC28EF96A0F02281DA2113
:101C400049A3F517BA7F5606DD1681C4F1F2F8D61E
:101C50001481F7CDCEDB19F505EE06E0EC81CA0D57
:101C6000FB16FFE0DF0D1D818590FF15D7F70EDC19
:101C7000FFFF81F4E8DBE60581E9FEE2F0036A3B61
:101C8000DB7F0AC5691B4801EDEC1A1A22617FFE51
:101C900020D181CFE5D1E30DE71AA581CF0DF00763
:101CA000F4FC7FF2FA24D4D715F62ACC0881140864
:101CB000B1FBE8DB9381A1DBF00E11DE08E18E8140
:101CC000EFF51AF2FE005DC3EA2B81FA10D1370F4F
:101CD000E9F3FDF607F8D981A18381FEF408071323
:101CE000EBF31FD3F9C5ED81B2128D818CEED7C60F
:101CF000030BFD1E819EB78F51BEA0E82EA60521C5
:101D00009723E481460FC5A7F61881D7FB0DF0EBAA
:101D100014D6EBF981AA08F309A00DD49109C0816A
:101D2000BE7FACD93AD91730E9032AE1F0BB81DD97
:101D3000B8A1B98F8113F5D5FC04048111DDFE0033
:101D4000FE08EE0209CE810304DEFA030CC4FFF79D
:101D5000BB060081C0088111F417FBEBBADF1281CA
:101D6000C7991B4C3FADDA11D6A988FD33DE8CF143
:101D7000810ADAEBFB16DCE9EB8107CB0E0EA4E956
:101D8000819CDAD481D5F0DBFFF4F60E0BC0811014
:101D9000D2E8CB17F9848117050AF9B312E1E7817C
:101DA000A80384F1EFCF13EC37B481BCB6F60CE591
:101DB000E709FB81ECFDB20DF5B381D01DC8EFEB57
:101DC00015BF067F29ED0F0202090E230F93C804E9
:101DD000DE91888119EEF9E695C5E4F6810EEC05F1
:101DE0008100ECCB15F6F00DFA08E80981BBE8B1EB
:101DF00081A50FF40609FDE9F9F209EDBCF7FF81B1
:101E0000EC0703A8F90381AE009607F88108FEF8F5
:101E1000F2FD0801DA05E4120281EBE08A81D9F0D3
:101E2000E215C4E2F50EFC8DEE1681DC0283EEF8BD
:101E300081F807A5FDF2EC81A2D5D422FBE702F0E0
:101E400081B608ADFAFFD6F02081D81499E6592D55
:101E50003D5ABBD1048103FF8EEE0223E9EFAD8131
:101E600014D917E1E4DC81F81291FE01F748CB1593
:101E70007F252029E22101CED524C3DFF981C3CB00
:101E8000C2AEE299B3546F7FFF0CFCE1C42881EF2E
:101E9000C381D0ADD0ED0CE320E0A5FC0181FEFFB5
:101EA000A4F50015F8F0E5FE1E81EAD71DD481E007
:101EB000F88BED16EFC6813009A0FE10C3C3F08881
:101EC000AB13FA99B7DB81CB14FB81C2DFC10C0CD9
:101ED00081CD0D91D2FAC8DD0720DE81CF1CC00074
:101EE000E50E0681930EED13F3F802E5DE08C8193E
:101EF000F31181FE0DBE0F148181F09116D1EDFF1B
:101F000081C81387CA1115FD2A12F414F21F7FF934
:101F100012F516E8D3E681CFFB81BB10F3E7D41CA2
:101F2000F581E7EB155B2128420BFA07E4FD0481FC
:101F3000FAF9C47F3E64119628F6251DCAC90EAB76
:101F4000FF6E81DA498106EDC8FB0EB1FFEE24B8C1
:101F500016BE47F381859CFF07F4F207E1FAEB8197
:101F6000DFDA8103FE9811CDA681F402EADCF80CD9
:101F7000AFFAF100011BC581FAD7E1DBB7D7FC81CD
:101F8000C906C42519F43D162D7F111C49F10BF328
:101F9000CA091581A402A5B5EA0F7F0559763AF260
:101FA0000B8117EB97F3FCF99C1ADC18D2C9FBAA3A
:101FB00081ACFA0781F9CFC801F09FFA0581FDF2E3
:101FC000F8F6F1FA8151E1B938A8990711E9DFEE85
:101FD000080C81D0D681E7BD0607ECC8F91281FC58
:101FE000F6EB01F1ECDA0D8194D5F2F2FA030BEA8B
:101FF00081D91CF009EC06F9D5C881E20FCCFFE4C9
:10200000FB06271B4B1DF6083F7F5B121733367FFD
:1020100074B9D61695C5DC81DB211AFAD502DA0D22
:10202000031CF9B081B67F11527AC6F830F91781D6
:10203000F11CF917061AF6E4011381E3F585D602BF
:10204000F60009D9F7F3B40C018103148CE1038184
:1020500016F7B7D2D381CB2ECFD1060903F9FB01F6
:102060000BFDDB81FB8111E9CAF30006E800DAF918
:102070000DF6E2088100E69CB281DDDFF00204FF8C
:10208000F9FDF51603E9CACB8113A1FCE7BB1A924F
:1020900081E91E48C47A308135FA9281AFC2E808DE
:1020A000FFF603E5EBFCFBE318F181BDF5E707E87C
:1020B000E0111AA381F3F429B211E18104EEE2F9EF
:1020C0007001047F0DFB259E81AAFCDE1704FEF63D
:1020D000FFBBF4AC18F6810007C98993BDE65142F5
:1020E0004C687FE917EE18D60BC081E81116E7A4FB
:1020F000C2AE1CDC8111118CF6E68103FFB7818929
:10210000C41B5B202C6115D5FFB50D34A4D7DD8130
:10211000FD19E009E981F216D9DC30C91DCDE3DBF8
:10212000D181968546EF1E8BF6F2810913DB0BCA2F
:102130002181D8FE9ED481E000BA2300C7B0E2FD21
:102140000C273B367F27814D6EDB5A36EA01101390
:10215000B8810AE5A1EF0B1CB3C481FA3BB4566801
:102160000BD7C509FACA348D81E73ACD812BEBD064
:1021700001DBCFD25481F7A8B00FC483FE16EBA6C3
:10218000DD2EF0819BE310FCFFDDC1F929810017F2
:102190000D157F08010BFAF7D38110F9ABF709B5DC
:1021A000E915F16A7F2C5D6806FBF4FE05AB090BAF
:1021B00081E6E1E321B981ECF0F5E0F605A8F51838
:1021C000810CC5A7D915FE01EC0ECFAD8185E55276
:1021D000B0327FA5EBFE10FFCCE7C0810CEFA5006D
:1021E000F4D10217DAF181A0E98103D1D1FE098C83
:1021F000F18DA381D306D1DE5FE8CFA0A2C996817D
:10220000004AD2F0E0BFCFBB98EBFF81DCE12E0C9F
:1022100081BEFAD9D4FDDF1297F1FCA481C5FFD9A4
:10222000BE9D132281FCE9E22334F7EA35E6FF7F05
:10223000FC0A81FDE7AA03E91C02DA18070781E41A
:102240001389B581A5E9D3090416F208FAE1D9F793
:102250000481B407F10AD23181F90DE381FA050C4A
:1022600081B8EB9AD9189B0EFF8101D414DCB5A676
:1022700081E503E0CD11F8E981A914892406E5255B
:10228000BC03D78DDC4281D6EF91FC81ABE4E81B27
:1022900008EC1ACBD881F608D2110900DA81C0F512
:1022A00004D7F4F7D918E4C3E3C98115CAE105EDF1
:1022B000A3EBEB81FC1097B2A9B817DD81F71AFBED
:1022C00011C381F7F006E619F3F8F8121FB5A4F16F
:1022D00081EFEA0C0306E18101F5F281D504A3CC7C
:1022E00008DBF42081CF0AD5C1F4EAC306DD172E3E
:1022F000157F150815FF81AFE9C6D429A3C716813C
:10230000C2BFDBFF12F6F9EF81971503D3EF0BED98
:10231000138119EF95F115A60DDF0E06E9C7C381EC
:10232000D025F90E810C1AD10EC4F2F59BA7810BB2
:10233000051341E9C89A81A5E0FC1F0E00D0FA2CD4
:1023400017137F07050307EB0827FD7F230318DE1C
:102350007F500FD4183CD9F92BB4DD3E7A4A7F6107
:10236000D86F81A6A8EE11F719E005FA24D704D397
:1023700081FBB3D8E709C911DE01EA028181B5B357
:102380000F3012D706A611B88132CAB4FEFBEA8418
:1023900097CFE905F4FC7F2BD11608D2B581EA85E9
:1023A0009181E5FCD21C15FF0BF005FB02C981EF02
:1023B00005BA0EED0FFFE822E6F1DD810FF0AC016A
:1023C00012D2810204E9819217EFD6EF0AFEF37F61
:1023D0001C1F20F3F2E9DC11E70EFD05F2C28101BA
:1023E000F8030504BD8108F1CE9CD5DDE3325133FD
:1023F0007F52E7E317008105079EDA0486F581AA7C
:10240000E1C31E0BE623B7EEEDACFA8182CC000EE1
:10241000A0D5FA81D8E8E3F52C1A9C1E1E81B4DB06
:102420006C37137F1002FC043CB3DBF981E807062C
:102430001308FA0DAD81D224C8D442DC814FCACE34
:10244000FF92BCF90A06A9E5DC81F400FABC4781D9
:102450009C21E0EC0381EBF39E001B95FAE6C7B4E8
:1024600081D8BEBA20D7FA8119CA9FEFB8B2053E0B
:1024700014BE81EFF8E5060108ABF3049CEC08817B
:10248000ECF4EC09070081C80296F427F4C3C88174
:102490009917E4CCA3CC9DF3400E587FCBD6818E08
:1024A00003DEF1CF120D81DC0CE4050FD818D51333
:1024B000E505F5890F81BEE781A9FEDDFFE012DDAC
:1024C00007000DF7F3E3D2CA81F5C1FA1D193124D3
:1024D0002C7F0EF7B8811700FDFE05FEE654212182
:1024E0007F15F9FFFF059781239C2905AA11F6B5F1
:1024F0000481BDD402E51CD181EE01EDF7E6FB0EAF
:1025000014DEF8CBB28109F800E49A810505FEFFDC
:10251000FCEFCC7F26F32AD2DEF9E8A304F38A0D80
:102520000A81EFFFE820D5A381E9EAE30FEEB8D8EE
:1025300014C081BAF4F8197F27F7DADF0F07FAF72A
:10254000EFF1DF071081BAF0ABF312A713E681C0F9
:10255000FC81DAD4E70108F70EED0BB23081E0DB45
:10256000E8F5D3D5FF01811DDF00E215FB7FE8F719
:102570006920090AFE19C7850AB681FA20FFC7F942
:102580000D8101F5EDEACC0104FAFAEB180EB981E0
:10259000D2010DF704F421CA11EBE4027F1B0A0CEF
:1025A00013F3FC17D5D7FFD57FE21AFAF8BE15D77B
:1025B0002C31FA03DF132FE70C32141415E724DA59
:1025C000FDEDB8F948D2F63F668302CE1F2D17FA0B
:1025D000E0EC2247A808DFEC03D8E6F51406F87F04
:1025E0006324E51B27FDDF03FC900504EC7FF41D4D
:1025F000E025D53B982E27A4D16F00E554F20FE6D5
:102600002E14FDEC15FB2EE42FF4F13A0623E8FF1F
:1026100048DD3E4DED121945F2E357179B0FE2D806
:10262000FC03CF51030DFCF7F617E1EC7F0BEC1127
:10263000229C3A691D38D0BFE93B0681FDF919B9E2
:1026400072CDE6D43BFDC913290641E44F8117AF93
:102650001E3800D9E2A5F2EBB8F6EB09FEFCEDE777
:102660002DF703F11B3AF216E05118DDE00EE40FEE
:102670000201FB6618CC7F1E1AC55B0DAE3419F241
:1026800039DD03F1FAFCFFCCEEF0F6FE2FD5100396
:102690000213370CF8EB3C01E9FBBAED01FFE5E072
:1026A000130A67030D0E2115D1F918BCFABADD0A19
:1026B000550A25FE2CF6000EEE1A06EFF64A811595
:1026C000077FD0130287E0E7E62BF8E5DD4EF9E55A
:1026D000EEE9FC06FE6607182F0C0D0311F1F9E177
:1026E00039C01D050545351936FFBCD6C129391C31
:1026F00052111A313CE6030D96433BF3BB05811999
:10270000FFF7077FFD3A091DDB1029E20E23F5F6DE
:10271000DB29F8BA06251A00E7FF0C651FE4811DC6
:1027200020EA0DFFF9ECAF252E10E1A40013FFE322
:102730001721BDD5CA37C8B536ECDD0EEAE0EB256A
:10274000DE2C0F38A7C22EF4EA1FFBC1DEF2CB0B42
:10275000FD7FC940F4E4E1E231365AEBF9E61DFAB7
:1027600027FAEE2AEDFE1E4B0F55E5E27F1F1E11E4
:10277000EB07E6F6E805BCE6020F73B0D3055CA5EF
:102780007FE9DD11EDE9BB1E0E221600F52704D905
:10279000FA2903E005E8F6BEF8D517C3ED17100BCC
:1027A0000B45EA2A1BFEF6FEB4E317F5F00B51FECB
:1027B000FFA8DBE11651E8043A40EE22ECD6DB1E1E
:1027C0000316FDFDDBDDCCFFE302DDCCEA1E015D7F
:1027D000422AFCF31A45981017DCCFE4ADB41C2C48
:1027E00014F259A4C37DD203CBF0181881F8132337
:1027F0002318F7C3D10BFEEDFA3A0904E5D407D745
:10280000E0D4253F035C67CDBBE8096EDC0AE72610
:1028100056840FEE2DDD8B20DF95D9B91764012189
:10282000C321C6F481F3081206F5D6E9E51B0C4571
:10283000C8E32924DBE200CCDA1903F07F1CE15A5B
:10284000DCE57608D4B22BBB03492BFCF25BF91C08
:10285000DB4CF80009266019F9D5151EFE22EACDD9
:10286000E8EB2301EB697F26F1F9F13D3506043AE7
:1028700031E2152007F41D0808066DEBEC072AD697
:10288000CFD30BCDF0B13F13D74DFC5C10E7D4FC98
:10289000A30F7FE3134F1225EDE3E3910E5EF51CCA
:1028A000E5EFC8007F15ED05FFFF1A2BD3EDB7FD4F
:1028B000123912BAF0F381CDF48EFCE729EA8829A7
:1028C000ABCE46010925C77F4FF9251AEB66681183
:1028D000EDE2B632336311DDF6CA0205DF7F2B610C
:1028E0004221CF2AFAFD8D02C11031FAEF2F00DA12
:1028F0000F7F001824D61AECDDDF762DE9FE0D11CE
:10290000CE81E20BB846D2D308BF04CC45EB358468
:10291000FA7FB3D2A13AD5CE2CEDDE19D7DD32D174
:10292000023118FC2702E9F9D80621DE152106F646
:10293000FDE99519EC3646D23A52968504BCD13A57
:102940002211EEFAE30A0C62E45BEA7FEE0AD2E4BB
:10295000EC20FD7F18DBE4D409E4F8EF05170DB592
:10296000DDC4E508F5D72872AC0FC6FE020714B621
:1029700035E2FDEEE0F3C9F3ADD2F003E8E681F60F
:10298000F9D8DBF6F5FCFAE2221AFBE47F03EFBF8D
:102990002C005B00430058007F0042003D004C00CB
:1029A0001D0000FA00B500E600B8008100CB00B4BD
:1029B00000BE00E94A00AF00B7007F00D300B000BE
:1029C0003800EF00C10000AD00B4001E00B2001DD1
:1029D000006100F7005D007F52006E003B00EC00DC
:1029E000ED000100A9008100C00000D700C500E48F
:1029F00000B4008100CB00D900C400F451007F0076
:102A00002F00660074002A0015000D00100000DE83
:102A100000BF00D000B2008100C500FC00AA00E4A5
:102A20000000A700AA00B3008100D000D800C500B4
:102A3000FD000084008100D2000A0015002500532B
:102A4000005E002D34007300410064007F005000E0
:102A500057005200180000BE0038004000810032CC
:102A6000004100D800FA000C4B002800EB007F006A
:102A70006400F40043004F00220000B6008100CB48
:102A80000093008A00D100D300EF000CEB00B300EC
:102A9000A900C3008100E000E500E700F60000E9BE
:102AA00000BC00B300D80084008100D400AF00B99E
:102AB000B200C800F900BE0081009800F900C7000C
:102AC000C80000E000C200E000B0008100CC00C5FA
:102AD00000B800ECC200B400EC00B5008100C400F6
:102AE000BE00C100DF0000B900C4000900D30081AE
:102AF00000AE00EF00D700B9C300FA004D00FF00A0
:102B00006D007F004A0076002E00000700D100997A
:102B100000A40090008100D800B400B7B4000F00FA
:102B20002900810039006400E6003C003E00002AD4
:102B300000410020002D007C007F00FD006000545B
:102B400036001E00E40054007900350045007F0087
:102B500067000056007F0027007B005E0004001223
:102B600000EA00D3D8009700B20082008100E300A1
:102B7000B700D1001F00004B0063001A0077007FF0
:102B80000018003500390011EC00CA00BC00BE007E
:102B90008100B900F900CB00D5000019004B0037C7
:102BA0000036007F00420033002D0009500066000F
:102BB000170070007F0002003C001D00F30000B50C
:102BC000008100D000D700AF00D8001400FB00F057
:102BD000B25DCDE77FBFF4070197F7E25E7E0C7F21
:102BE00068901286EE55EEAB05138196146CF7696A
:102BF0006AAA447F8C81AD046B353570091352D8B5
:102C000081145EBDD24BDD5A7FAA1622AED2825409
:102C1000F2867F4A5C4826F5B35F32D67F0AFB53C3
:102C2000F10AA10184E07F982B52B3CE302B7FC0F4
:102C300039C20C11DBCD5A7F1E51FA06F92D102B2B
:102C40007F092877BE38FED07EF8813405B3CBA546
:102C5000BA0F7F2FFAF6D1F02CE6B87F37F4BD110A
:102C6000DBC4DB03322F137F094942B6695AEF7F79
:102C70002C503E79E13AF9B281A0FA0FA62F0292C8
:102C8000491A810FA07F48942B66DCC3F296267FF9
:102C9000C764193BF4EF360E48A08109B4D6573A01
:102CA000AFEB248125DFC1E96B9ACAD57F8BC82C95
:102CB000CE3B8E0FF3AC7F882269562751497F4067
:102CC000F6C8CECB81A7157CA3D72D97DBB8B0C5AE
:102CD000C1AD819ECCC493DD062009237F050A196E
:102CE000167912027F67F6FDF5D43D0D8D7F078AB8
:102CF00013F1CB7FDAC612A9E79481C0375CC6DB3B
:102D000011D9F07500B764CC90DF8111A3E77F166D
:102D10000E47FBDF1C81F981FC4CBD6A1E9A67914E
:102D2000E27FEB0426F2FE1716387F3313560C2988
:102D3000F08152189A0B1F3BD2E1F1EBDAEDED81F5
:102D4000CABC6DB7BB7FB1A223FEC685B21F742873
:102D50003A7F28FC66387B7F32F2031B071BC66173
:102D60007FC11B140CE9EFE6A581C6B4C4074C165D
:102D7000DA7F20B4F1B3C9083B2E2E7F012132093E
:102D80007FE8E15D40BC9C02ED9A66179AE37F05FF
:102D90008FD753650DDA1981CBA5141803DA690AA8
:102DA000AA58098110390E0C760BA881C9C28C81F2
:102DB00013CAE017EA089E81A4F8CD0D9DB2C8B6EB
:102DC000A4B5BE187FD6196E7FE4D30F1418E82976
:102DD000147C7F54C3D4C7CEC3D8B7E4A1ABEC8175
:102DE0003F5241374DA555518128EEAB6BE4D77F5B
:102DF000C2B534E7E2CBB0F1E9E296247F16EDEA02
:102E0000FEDCEC02E3BB7FCEE47FC83A36F0AAE4F6
:102E10000F0FFEFEFDFD0B0CF6F60D0DF6F6E5E5CB
:102E200006071D1DFCFB1717FBFB40B80D0D08081E
:102E30000E0E16160505F0F00C0C050317170D0DF8
:102E40000B0B0404020307050A0A0000EBEBE8E899
:102E5000ECECF3F34DC1F3F3F8F842BAEAEA00FF01
:102E60000101FF00070744C010100C0DE5E5E8E87C
:102E700014140A0A41BFFCFCFCFD0A0AF7F702021F
:102E8000847FF3F4FDFD0707141408080202E6E648
:102E9000F1F103020D0D1C1CF6F61919FEFE0F0FC1
:102EA000EBEB916809090A0AFDFDF9F90403E5E570
:102EB000EBEB01EAF1F1F8F7F2F2F8F8080837C69F
:102EC0001A170D0DFFFFE1E11515F0F00909A070CB
:102ED000FDFDF6F60C0C2BCE0202EAEAFBFBFBFB37
:102EE000F5F5FDFDFBFB0202F9F90809F8F8070703
:102EF000FDFDFBF91818EFF0E2E2EEEEEBEB09094D
:102F000006060707F2F2F8F80F0F000018180A0A71
:102F100000000D0DFEFEEDED0202F0F1EAEA0505FE
:102F20000000FF001010F7F6F3F3E9EA0909F4F5E1
:102F3000B34EF7F7FDFDFBFBFDF70A0B36DC0D0D7D
:102F400004041D1DEAEA10100101141404030B0B04
:102F500005050D0DFFFF141400000404FAFA090919
:102F600008070408FBFA0A0A0F0F0303FCFCEDED47
:102F7000FEFEF8F8CA3AEEEE080805050404EFEF85
:102F8000F8F7070709090B0BF6F6ECEC3FBBF0F07E
:102F90000202F1F109090C0C1010E5E5F4F40B0C38
:102FA0000808B743B6520505010207070B0B0505D4
:102FB000D138FFFF0303F7F713120909060437BDE1
:102FC00017171211F4F41B1B04040E0E151559B338
:102FD000F3F30E0E1717F4F4FF00F7F61210EDECF2
:102FE000F6F60504F5F50202010100000304F5F10F
:102FF000AA6304040606E5E51D1DFDFD1212F8F99D
:103000000C0CECEDDC23FDFD0B0BE8E82DD21D1DB7
:10301000F5F50000000000000000000000000000C6
:10302000D2BD3F661E2E32730D8121E7221607DBCB
:10303000D708118CEDEB0D357F0DF223E5B82DFB94
:1030400092086AE31C194CE944812B0716DC034300
:10305000FBF0F7DF3F7FEC1809DD6D4C06FD2D100E
:103060003ED881F0F426E5CE30560F7628E014AE37
:10307000F9039C54E7E137C50519047FC106FC3A02
:103080000A1B15CCD3FF189117E4062CEE7FF72E00
:1030900042B2F4F87F22192648340CF8F750D5E3F1
:1030A000E90CCD5CF3C28167D1EEDCE70C04CA0900
:1030B000F8B71343F10D7FA402FE211807BBEE0AF7
:1030C00022E20AC1F4252A10F0010B38C97F21D46D
:1030D000EAD4092FEB19F2D77FAD140D2229F2E6BD
:1030E000B932560FF51310D51CEB067FE0E1DE3444
:1030F00021D9E27F2F39F4CC1B2B33F92BFCB9EA11
:10310000FD103481F6080D2324340A20E3F8022B45
:10311000F0D2CAC169B5DA811577DB790BF0AF2738
:1031200002F264071E0C190606810B69F919A51431
:1031300065F9F57FB1D6116FEB08EA25954117289F
:10314000573619EC7FF71535E823FB15EE50CAA862
:1031500041F618F57F10FAE76A30082D229AFDA093
:1031600007FB02FE0109C5F37F0EFA022017F40BDC
:103170001EDFEDFC2A2FC519E2F037D57F0435E7B5
:103180000D0BF8186AF8D4CFEFECF47D0EC5DA7F9A
:10319000FDE482BBEA06F7F6FD7F062BD5CFEDDF17
:1031A000CEE729FA011E2BF20BF4041FB27F00DADE
:1031B00017FFAFF72A0407F508CEF97FE50D0030B9
:1031C000620EF44CEC1E4A6547D90518007F36792B
:1031D0004CA1D9F29E45057FE4724428F4C63FF421
:1031E000DDFDCFE90C044F123FEA01F87F0C2B0FF5
:1031F0002F241F4520F928FEED81F910FA3AA6E7A1
:10320000010A0305FE7FEE0FEF006DFEF4FA0CFBE2
:10321000C8F9411BE00C0F37D54919BE736E4381C5
:10322000F600E900130032003F00060068007F004E
:1032300013000013000A00C500B8009400D500BEBA
:10324000008100090100FF00FD00F2008100BA00CA
:103250001300BE00CB0000E3007F005C000E0042C4
:10326000003B000000AD00E28100C6000900B40090
:10327000F400120015001200150000810024001354
:1032800000510092001E0040001500CBEE003000FF
:1032900026005A00710016007F006200150000C170
:1032A00000A700C500B0008100C600FC00D800F4F3
:1032B000DF0092007400AA00D3005E008A007F0045
:1032C000460000E1000D0021002B007F0064004556
:1032D00000720014D2007F00C0000500C300470048
:1032E0000E00D0000E0000E300DF00F300D00081EC
:1032F00000DA00D900BE00CF0C0026001B007500CC
:103300007F003B007900620003000017001B00FDF6
:103310000071007F001B0054005E0014D300880081
:10332000C700CC0081009F00DD00A900AD00008433
:1033300000AC00FB008100E9001A00D9000700354D
:103340000048EC087F5698001A817C17350EE1542E
:10335000B4EA07812227A2E24AFEC0F42FE3D17F1C
:1033600054D7175A07A71B109EF64981CF72C3FA8C
:103370007FA4B517E4D30636CBF27FB00024ED442A
:10338000071812B1DAEB81DA9190AB307F3416373F
:10339000E8F93EF9087FFDEB73080737C69E7F5EAC
:1033A000F3A6D4E2912B0B816E08A938DA3720D12D
:1033B0007F1EE2E5FCD6564681D244DBCDF61CD614
:1033C00003B67FF931D80AD12D1BFC7F54E227F2D6
:1033D000BA9BDF7F55B3CA62FFB7737FC52124F064
:1033E000BBB6E881CFF36F540FFC157FD9DD5DB913
:1033F000D2FC0CFB51B0E78C7F1E18BBF7E44A16D9
:10340000277F0B0D19DDEFEACCDBB87FDD98265A5C
:103410009ECDC9867FB8CF6BFD9117E881ED31E96C
:103420000ADBB27FEEB260FAEF04DE150CD1457F05
:10343000F026F4F87F1ACE356B03B1E4F863F8BBDD
:103440007FCFAF3AD05C7FDD63A499CEC2110ADD95
:103450001AA381E0F993015708E0537F2CEC001D7B
:1034600026A347228566FF815703A357F2D60D1581
:1034700001291DECFB469F1B2FA801C7E17FA0FE81
:103480002AA4EB7808D6119B0546CD2D102FF1E02C
:103490003AD61D1BF1F5B0A0B4DDB0BB0C01DC0ABF
:1034A000B0F2F5CB1617160BF409192C0C0B7F177D
:1034B000255527ECDB9AB35B1CF8321A24A2B8819D
:1034C00030FD0435DF1CA2FB26FA2D1ADE2F11B9C0
:1034D0001923A6E4191D46BCCECCDB81D7CB0F1F28
:1034E000210F4DBAC2A7B8E449D4A5B2B6C5F809B0
:1034F0004D6A2F15DB3AC5A78D3A56EA7F3A0BFD88
:10350000ED0E45D9EE54CFCE1BCA2131C7FBFBC00F
:103510003629C4211CB8255C81474F87F11AFDDA92
:10352000B8284981FEF3121F0B11EEDDA0DFB8129F
:10353000EF2FE339D4CC2CBB0000000000000000CA
:103540007FEA3CD9560212FDFA1EBC8147B87DD4F1
:103550005C7FF9EBCDFE38FF11CA62347F10E49D29
:10356000E12260F946FD7481F50C0F271E7FF90DED
:10357000FB06F07F2AF91F06F9F92081EF10EE18FB
:1035800000D2B31629F8E981E37F0D19401D65F0DB
:1035900016ECE7D7F281F7E581E0F5F7F5EF61DAB0
:1035A0001DE7217FE6CA334BE0237F111048232C0F
:1035B00091C457249BD881B9F615F3DED2F17FF57B
:1035C000B6FBB36C7F282A2CA58F06F94E2CE57F1D
:1035D0004298B9E2F5104BE77F46FFE5EEFD11FF9B
:1035E000FDFF7FD2D8D8193421C2327FB8C7393114
:1035F0001781181132AE51012F99810D22B84B2934
:1036000031E6F28126B7C13C000000000000000056
:10361000C0CC6F3C00000000000000000000000073
:103620000000803B000000000000000000000000DF
:10363000FB0000000000000000000000000000008F
:08364000800000000000000002
:04000005341859BD95
:00000001FF
